﻿id_reg,Agencia,Tipo de operación,Tipo de inmueble,Id Inmueble,Titulo,Ubicación,Precio,Moneda,Descripción,Equipamiento,Terreno m²,Construcción m²,Dormitorios,Baños,Estacionamientos,Baulera,Agente,Teléfono,Correo,Actualización,Coordenadas
https://www.bieninmuebles.com.bo/property.php?id=4875,Bien Inmuebles,Venta,Departamento,,EN VENTA DEPARTAMENTO EQUIPADO Y AMOBLADO DE 1 DORMITORIO EN QUARTIER ISUTO - EQUIPETROL,,52.000,USD,"CARACTERÍSTICAS:
- 1 Dormitorio
- ?Living Comedor
- ?Cocina integrada
- ?Baño
- ?Alacena
- ?Balcones 
EQUIPAMIENTO:
- Cocina y extractor (empotrados)
- ?Horno eléctrico, Microondas
- ?Cama 2 1/2 plazas 
- ?Veladores empotrados",SI,,,1,1,0,0,,+59175500028,andreamirandaiturri@gmail.com,,"-17.76329038012521, -63.19165349006653"
https://www.bieninmuebles.com.bo/property.php?id=4884,Bien Inmuebles,Venta,Casa,,"4to ANILLO, CASA EN VENTA DE 7 DORMITORIOS. ENTRE AV SAN AURELIO Y RADIAL 10",,190.000,USD,"CASA EN VENTA 4TO ANILLO 

TERRENO: 388,70 Mts
CONSTRUCCION: 319 Mts

CASA PRINCIPAL:
LIVING - COMEDOR
COCINA CERRADA
2 DORMITORIOS (1 EN SUITE) 
BAÑO
GARAJE TECHADO
CHURRASQUERA CON BAÑO",NO,389,319,7,6,2,0,,+59176691923,claridey@gmail.com,,"-17.810979279637717, -63.15417213802544"
https://www.bieninmuebles.com.bo/property.php?id=4832,Bien Inmuebles,Venta,Casa,,CASA COMERCIAL EN VENTA,,3.800.000,BOB,"CASA COMERCIAL EN VENTA
PLANTA BAJA:
2 TIENDAS AMPLIAS 4x12
CASA TIPO CHALET AL FONDO DE 3
DORMITORIOS, COCINA, SALA.
PATIO
BAÑO DE VISITAS

TERRENO DE 452 m2
CONSTRUCCION 625 m2",NO,452,625,8,7,0,0,,+59176387039,mdbass80@yahoo.com,,"-17.787502310577256, -63.16543105208416"
https://www.bieninmuebles.com.bo/property.php?id=5170,Bien Inmuebles,Preventa,Departamento,,Galpón + 6 departamentos en preventa,,3.700.000,BOB,"Galpón de alto tráfico 

Terreno 936.35 m² con un frente
de 24 x 39
Valor 3.700.000 Bs.
construido: 646 m²
2 oficinas
1 cocina
2 banos
5 habitaciones",NO,980,1300,15,4,10,0,,+59169286777,patriciayucraa@gmail.com,,"-17.834976714011084, -63.17253703624374"
https://www.bieninmuebles.com.bo/property.php?id=4705,Bien Inmuebles,Venta,Departamento,,DEPARTAMENTO DE 3 DORMITORIOS EN VENTA,,139.000,USD,"Departamento de 3 dormitorios en
Venta ?136 M2
Edificio los Tusequis 
Precio : $us 139.000 
(T/C 7)

Superficie construida: 136 m²
Descripción 
3 Dormitorios ( 1 Suite)
3 Baños
2 Parqueos",NO,136,136,3,3,2,0,,+59175332998,maicool-159@outlook.com,,"-17.73932656025557, -63.14718246459961"
https://www.bieninmuebles.com.bo/property.php?id=4813,Bien Inmuebles,Venta,Departamento,,Departamento en pre venta Luxe Tower,,149.310,USD,"DEPARTAMENTO EN PRE-VENTA LUXE
TOWER
Ubicación: Calle Enrique Finot
esquina Calle Güemes 
Zona Equipetrol
Proyecto: LUXE TOWER by Luxe
Design
Superficie: 63 m²
Entrega estimada:
Noviembre 2026
Precio de venta: $149,310",NO,,63,1,2,0,0,,+59162056781,cynlema@gmail.com,,"-17.771278883942383, -63.192879259586334"
https://www.bieninmuebles.com.bo/property.php?id=4782,Bien Inmuebles,Venta,Casa,,Hermosa casa Comercial Villa 1ero de Mayo,,395.000,USD,"??????????
Bonita Casa Comercial En Venta 
?Villa 1ero de Mayo ????
????
Superficie 659 m² en esquina 
La casa cuenta con la siguiente
descripción:
???? ?????:",NO,659,400,16,8,4,0,,+59169148170,carloseduardomachuca337@gmail.com,,"-17.79762008521752, -63.12840643591832"
https://www.bieninmuebles.com.bo/property.php?id=4823,Bien Inmuebles,Venta,Departamento,,Departamento en pre venta Luxe Suites,,175.000,USD,"Ideal para inversionistas que
buscan plusvalía en una de las
zonas más cotizadas de Santa Cruz.
Ubicación: Calle 8 Este,
Equipetrol, entre 2do y 3er anillo,
a pasos de la Av. San Martín.
Superficie:  73.10 m
Entrega septiembre 2025",NO,,73,1,2,0,0,,+59162056781,cynlema@gmail.com,,"-17.765339362142328, -63.19465756416321"
https://www.bieninmuebles.com.bo/property.php?id=4764,Bien Inmuebles,Venta,Departamento,,DEPARTAMENTO DE 3 DORMITORIO - AV Bush,,120.000,USD,"? *DEPARTAMENTO CÉNTRICO EN VENTA
? 115 m²*  
? *Edificio Motoyoe*, Av. Busch y
Calle Platanillo

? *CARACTERÍSTICAS*:  
- 3 habitaciones (1 en suite),
todas con A/C  
- Baño compartido  
- Living comedor con A/C y vista a
la calle  
- Cocina equipada con cajonería
alta y baja  
- Lavandería y calefón  
- Parqueo incluido  
- Piso 2 ? Seguridad 24/7  
- ?Gas domiciliario",NO,,115,3,2,1,0,,+59179849608,kathiaacostabieninmueble@gmail.com,,"-17.77389701270477, -63.1863534450531"
https://www.bieninmuebles.com.bo/property.php?id=4954,Bien Inmuebles,Venta,Casa,,CASA COMERCIAL EN ESQUINA  Av. Internacional,,4.500.000,BOB,"CASA COMERCIAL EN ESQUINA 
IDEAL PARA
Residencial, Alojamiento, negocio
de gastronomía, balneario, taller,
galpón o cualquier tipo de negocio
que necesite, terreno amplío +
vivienda.
Superficie del terreno  1.280 m2
Superficie Construida 850 m2",NO,1280,850,8,8,6,0,,+59169286777,patriciayucraa@gmail.com,,"-17.858969824508577, -63.16763637958502"
https://www.bieninmuebles.com.bo/property.php?id=4898,Bien Inmuebles,Venta,Departamento,,DEPARTAMENTO DE 1 HABITACION,,59.500,USD,"DEPARTAMENTO DE 1 HABITACION A
ESTRENAR TORRE BARAK

Precio. 59.000 $us T.C. 7 solo
contado.

Sup: 37,2 m2
Zona Norte Av. Banzer entre 5to
y 6to anillo.
Zona universitaria Cerca a Udi y
Ucebol.",NO,59500,,1,1,0,0,,+59172166691,sandovalandial@gmail.com,,"-17.73770985660172, -63.170233696240224"
https://www.bieninmuebles.com.bo/property.php?id=4488,Bien Inmuebles,Venta,Departamento,,Departamento Amoblado en Venta en Departamento In Tower Urubó,,175.000,USD,"Edificio In Tower, Urubó 
Precio $US 175000 
2 dormitorios (uno en suite) 
2 Baños
Living Comedor
Cocina tipo americana 
Incluye: 2 Parqueos y 2 Bauleras",NO,72,72,2,2,2,0,,+59170970010,pzambrana.inmob@gmail.com,,"-17.75127600445916, -63.217158509642346"
https://www.bieninmuebles.com.bo/property.php?id=5146,Bien Inmuebles,Venta,Departamento,,Departamento amplio en Venta,,140.000,USD,"Departamento en Venta en excelente
ubicación, consta de:
- 3 dormitorios, uno en master
suite
- Amplio Living y comedor con
balcón
- Cocina
- Baño
- Dependencia de empleada con baño
incluído
- Cuarto de lavandería 
- Garaje",NO,,155,3,3,1,0,,+59161584934,new.nex2017@gmail.com,,"-17.764933825150823, -63.16758929748208"
https://www.bieninmuebles.com.bo/property.php?id=4623,Bien Inmuebles,Venta,Departamento,,DEPARTAMENTO 3 DORMITORIOS EN VENTA,,272.000,USD,"Pent-house a Estrenar 
Santa Cruz, zona Norte
Entre 2do y 3er Anillo, a unos
pasos de la Av. Beni 

Superficie: 201 m²
3 Dormitorios 
Sala de estar
Terrazas privada
Cocina amplia con mesones de
granito e instalación de gas
domiciliario, Área de lavandería",NO,201,201,3,3,1,0,,+59176250623,arq.nayade.doria.medina@gmail.com,,"-17.768419410958934, -63.17566215991974"
https://www.bieninmuebles.com.bo/property.php?id=2670,Bien Inmuebles,Venta,Departamento,,Departamento 4 dormitorios Condominio Curupau Paragua (Av Paragua entre 2do y 3er anillo),,139.500,USD,"El departamento consta de:
- 1 dormitorio en suite
- 3 dormitorios
- Baño a compartir
- Living Comedor
- Cocina
- Sala de TV
- Baño de visitas
- Amplio balcón
- Dependencia de servicio
- Área de servicio
- Parqueo
- 194 m2 
- 920 Bs de expensas",NO,194,194,4,3,1,0,,+59178465744,mauricioa25@hotmail.com,,"-17.773474223184976, -63.16396236419678"
https://www.bieninmuebles.com.bo/property.php?id=4920,Bien Inmuebles,Venta,Casa,,Casa de dos planta en Venta,,130.000,USD,"CASA EN VENTA EN WARNES DENTRO DEL
PRIMER ANILLO!!??

-PLANTA BAJA:

? 2 CUARTOS
? SALA AMPLIA 
? COCINA
? 2 BAÑOS
? GARAJE AMPLIO
? CHURRASQUERA
? SALA DE ESTUDIO",NO,150,180,3,3,2,0,,+59174670960,davidchoremendez3@gmail.com,,"-17.5089000362108, -63.161917319266976"
https://www.bieninmuebles.com.bo/property.php?id=4651,Bien Inmuebles,Venta,Departamento,,S15 Park,,139.000,USD,"Departamento de 2 dormitorios en
venta
Equipetrol Sirari. Entre 3er y
4to anillos a una cuadra de la San
Martín 
Características:
 1 dormitorio en suite con balcón.
Incluye:
Aire acondicionado 
Ropero 
Vestidor 
Cortinas Black out 
Cortinas de tela.
Baño con box, cajonería y
accesorios.
Puerta del balcón con carpintería
de aluminio térmico-acústica.",NO,,,2,2,0,0,,+59162005048,nam728597@gmail.com,,"-17.762018666929166, -63.20004255102165"
https://www.bieninmuebles.com.bo/property.php?id=4183,Bien Inmuebles,Venta,Departamento,,DEPARTAMENTO DE 1 DORM. en PRE-VENTA  - Cond. Twist 2,,82.620,USD,"DEPARTAMENTO DE 1 DORM. EN
PRE-VENTA en el residencial Barrio
Urbarí - Cond. TWIST 2
Características
- Superficie: 53.30 mts2
- Precio: 82.620 $us.-
SOLO PAGOS AL CONTADO a T/C 6.97.
Equipamiento
- Cajonería alta y baja en cocina.
- Cocina Empotrada.
- Extractor de Grasa.
- Horno Empotrado.",NO,53,53,1,2,0,0,,+59176652233,monicapatricia.aranabecerra@gmail.com,,"-17.794335623975268, -63.19559097290039"
https://www.bieninmuebles.com.bo/property.php?id=5150,Bien Inmuebles,Venta,Casa,,HERMOSA CASA EN VENTA,,85.000,USD,"Hermosa casa en venta!!
CONSTA DE:
1 HABITACIÓN EN SUITE
2 HABITACIONES CON BAÑO A
COMPARTIR
LIVING COMEDOR con A/C
AMPLIA COCINA CON MUEBLERIA ALTA Y
BAJA Y MESÓN DESAYUNADOR cuenta con
Gas domiciliario.
LAVANDERÍA BAJO TECHO CON
CONEXIÓN A LAVADORA",NO,360,,3,2,0,0,,+59177600835,gabrielams.rr.hh@outlook.com,,"-17.61119722079217, -63.12912602035253"
https://www.bieninmuebles.com.bo/property.php?id=4950,Bien Inmuebles,Venta,Departamento,,DEPARTAMENTO DE 2 HABITACIONES,,97.000,USD,"DEPARTAMENTO DE 2 HABITACIONES

- De 67,2 m2
- Piso 8
- En fachada vista al norte.
- 1 habitacion en Suite
- Sala comedor cocina.
- Cocina con meson de granito y
cajoneria baja.
- Zona universitaria.",NO,,,2,2,0,0,,+59172166691,sandovalandial@gmail.com,,"-17.737729902912623, -63.17025091669093"
https://www.bieninmuebles.com.bo/property.php?id=5020,Bien Inmuebles,Venta,Departamento,,"PRE-VENTA DEPARTAMENTO 2 DORMITORIOS CON 2 BAÑOS, RAIZANT BLEND",,89.900,USD,"PRE-VENTA DEPARTAMENTO 2
DORMITORIOS CON 2 BAÑOS, RAIZANT
BLEND
Ubicación: 7mo anillo, al lado
Universidad UNIVALLE

PRECIO DESDE: $us  89.900
DIMENSION: 60m2

- Chapa inteligente 
- Mueble inferior y superior de
cocina",NO,,60,2,2,0,0,,+59170950838,caritoir2@gmail.com,,"-17.722642802657738, -63.1761236187275"
https://www.bieninmuebles.com.bo/property.php?id=3067,Bien Inmuebles,Venta,Departamento,,"DPTO DE 1 DORM. EN PRE-VENTA  DE 40 M2, Proyecto: COMMUNITY  ALTO NORTE ( SOLO COMPRA EN DOLARES con pagos en cuenta en el extranjero)",,33.400,USD,"DEPARTAMENTO A ESTRENAR EN LA ZONA
NORTE/ Cond. Community alto norte
Superficie: 40 m2.    
PRECIO: 33.400
- Living-comedor.
- Cocina tipo americana 
- Balcón
- 1 dormitorio.
- Baño compartido.
- Instalación de lavadora.
- Pre-Instalación para calefón.",NO,39,39,1,1,0,0,,+59176652233,monicapatricia.aranabecerra@gmail.com,,"-17.740343318769224, -63.178988099098206"
https://www.bieninmuebles.com.bo/property.php?id=5073,Bien Inmuebles,Venta,Casa,,Oportunidad Única: Casa + Departamentos en Venta en Radial 27,,228.000,USD,"Oportunidad Única: Casa +
Departamentos en Venta en Radial 27

Ubicación: Av. Radial 27, entre
4to y 5to anillo ? Zona de fácil
acceso y alta plusvalía.

Características del inmueble:

Superficie de terreno: 280,5 m²

Construcción: 318,7 m²

 Bloque Principal (Casa):",NO,,,0,0,0,0,,+59169072212,pacardonaguzman@gmail.com,,"-17.745823072256428, -63.17977624286301"
https://www.bieninmuebles.com.bo/property.php?id=5169,Bien Inmuebles,Venta,Departamento,,Departamentos Duplex,,43.000,USD,"Km 9, ingreso por Mainter
Urbanizacion Norte Verde detras de
Palmas del norte.
Departamento de 1 dormitorio 
43.000 $us. (tc 7) | 68.22 m²
construidos 
1 dormitorio en suite  
Sala , comedor  
bano de visitas
Cocina americana
Area de lavadora y jardin",NO,34,68,1,2,1,0,,+59169286777,patriciayucraa@gmail.com,,"-17.676784558954548, -63.18891620207189"
https://www.bieninmuebles.com.bo/property.php?id=4827,Bien Inmuebles,Venta,Departamento,,Departamento de 1 Dormitorio   Modelo C  de 52 M2,,67.000,USD,"ULTIMA UNIDAD EN TORRE 57
Zona Norte, Calle Itenez próximo a
Av Alemana 2do anillo.

Departamento de 1 dormitorio
 Solo compra al contado
 Superficies desde 52,1 m²
 $ 67.000          Piso 6",NO,52,52,1,1,0,0,,+59175332998,maicool-159@outlook.com,,"-17.772126772870624, -63.17412868641832"
https://www.bieninmuebles.com.bo/property.php?id=4817,Bien Inmuebles,Venta,Departamento,,DEPARTAMENTO MONOAMBIENTE en PRE-VENTA de 36.10 mts2 - Cond. TWIST 2,,54.150,USD,"DEPARTAMENTO DE 1 DORM. EN
PRE-VENTA en el residencial Barrio
Urbarí - Cond. TWIST 2
Características
- Superficie: 53.30 mts2
- Precio: 82.620 $us.-
SOLO PAGOS AL CONTADO a T/C 6.97.
Equipamiento
- Cajonería alta y baja en cocina.
- Cocina Empotrada.
- Extractor de Grasa.
- Horno Empotrado.",NO,36,36,1,1,0,0,,+59176652233,monicapatricia.aranabecerra@gmail.com,,"-17.794335623975268, -63.19559097290039"
https://www.bieninmuebles.com.bo/property.php?id=4652,Bien Inmuebles,Venta,Casa,,AMPLIA CASA EN VENTA -  5 DORMITORIOS Z. ESTE villa 1ro de mayo,,155.000,USD,"AMPLIA CASA ENTRE 
 5 Y 6 ANILLO

Construcción a

3 Dormitorios 1 en suite
Living comedor 
Baño de visitas 
Cocina con gas domiciliario
Galería amplia
Patio con jardín
Garaje para varios vehiculos",NO,451,251,5,2,1,0,,+59163600248,rrivern@gmail.com,,"-17.808490441799, -63.13006186297817"
https://www.bieninmuebles.com.bo/property.php?id=5013,Bien Inmuebles,Venta,Departamento,,"PRE-VENTA DEPARTAMENTO 1 DORMITORIO, RAIZANT BLEND",,65.900,USD,"PRE-VENTA DEPARTAMENTO 1
DORMITORIO, RAIZANT BLEND
Ubicación: 7mo anillo, al lado
Universidad UNIVALLE

PRECIO DESDE: $us  65.900
DIMENSION: 44.17m2

- Chapa inteligente 
- Mueble inferior y superior de
cocina",NO,,44,1,1,0,0,,+59170950838,caritoir2@gmail.com,,"-17.72278317867653, -63.17616704022998"
https://www.bieninmuebles.com.bo/property.php?id=4865,Bien Inmuebles,Venta,Casa,,CASA COMERCIAL EN VENTA,,290.000,USD,"CASA COMERCIAL DE DOS PLANTAS 

CONSTA DE :
* 2 Departamentos de 2 dormitorios
* 2 Monoambientes
* 6 Tiendas comerciales 
* Ubicación Estratégica
* Sobre asfalto frente a modulo
educativo",NO,,380,10,8,2,0,,+59176648113,candybanegas45@gmail.com,,"-17.873871293492854, -63.243761403852695"
https://www.bieninmuebles.com.bo/property.php?id=4842,Bien Inmuebles,Venta,Departamento,,En Venta Departamento Duplex de 2 dormitorios en Irala Confort,,773.670,BOB,"Condominio Irala Confort DUPLEX
Av. Irala esquina Cochabamba 

Precio: $111000 (TC 6.97)
Parqueo: $11000 (TC 6.97)
Superficie: 96.5m2",NO,97,97,2,2,0,0,,+59170970010,pzambrana.inmob@gmail.com,,"-17.79145815102607, -63.17687770522199"
https://www.bieninmuebles.com.bo/property.php?id=4666,Bien Inmuebles,Venta,Departamento,,DEPARTAMENTO CONDOMINIO HAMBURGO,,68.000,USD,"Condominio
Hamburgo, 4to anillo y
Av El Palmar.

Departamento de 1 dormitorio
dentro de un condominio familiar
y muy tranquilo. No cuenta con
ascensor 

Beneficios:
- Transporte público, el 4to anillo
está a 1 cuadra.",NO,65,65,1,2,0,0,,+59174177760,jgruiz.9130@gmail.com,,"-17.791143231571507, -63.21826636791229"
https://www.bieninmuebles.com.bo/property.php?id=4184,Bien Inmuebles,Venta,Departamento,,AMPLIO DEPARTAMENTO CON GARAJE Y BAULERA EN VENTA EN LA AV. LA BARRANCA,,120.000,USD,"AMPLIO DEPARTAMENTO CON GARAJE Y
BAULERA EN VENTA
AV. LA BARRANCA
Supercie 120 M2
2 habitaciones 
1 baño compartido 
1 Habitacion en suite con baño
privado y tina
Living comedor
Cocina tipo americana",NO,120,120,3,3,1,0,,+59177056997,claudiajessica.mv@gmail.com,,"-17.80651248904977, -63.172049177022274"
https://www.bieninmuebles.com.bo/property.php?id=4822,Bien Inmuebles,Venta,Departamento,,DEPARTAMENTO DE 2 SUITES en PRE-VENTA / Cond. TWIST 2,,141.850,USD,"DEPARTAMENTO DE 2 SUITES. EN
PRE-VENTA en el residencial Barrio
Urbarí - Cond. TWIST 2
Características
- Superficie: 99.9 mts2
- Precio: 141.850 $us.-
SOLO PAGOS AL CONTADO a T/C 6.97.
Equipamiento
- Cajonería alta y baja en cocina.
- Cocina Empotrada.
- Extractor de Grasa.
- Horno Empotrado.",NO,99,99,2,3,0,0,,+59176652233,monicapatricia.aranabecerra@gmail.com,,"-17.794335623975268, -63.19559097290039"
https://www.bieninmuebles.com.bo/property.php?id=4866,Bien Inmuebles,Venta,Departamento,,"DEPARTAMENTO DE 1 DORMITORIO EN PRE VENTA (SUITE), DE LUJO Y EXCLUSIVO.",,87.900,USD,"DEPARTAMENTO DE 1 DORMITORIO EN PRE
VENTA (SUITE), DE LUJO Y
EXCLUSIVO.
Ubicado en el Barrio Hamacas, Av.
Beni entre 3er y 4to anillo.
Precio $us 85.900
Superficie 43.57m2
- Mesón y Cocina encimera
- Cerradura Inteligente
- Mobiliario en Cocina
AREAS SOCIALES:
- Piscina
- Churrasqueras",NO,44,44,1,1,0,0,,+59170950838,caritoir2@gmail.com,,"-17.78271094843412, -63.18052827376994"
https://www.bieninmuebles.com.bo/property.php?id=5007,Bien Inmuebles,Venta,Casa,,Casa en venta - Zona sur Av. Bolivia.,,135.000,USD,"Casa en venta con 6 habitaciones -
Zona sur diagonal al mercado
el Triunfo 
- Valor 135.000 al T/C oficial 
- Terreno de 383 m2 Según mensura
- Construcción 280 m2
2 departamentos: cada uno cuenta
con:
 * 3 habitaciones 
* Sala comedor
* Amplia galería y balcón",NO,383,280,6,3,3,0,,+59169286777,patriciayucraa@gmail.com,,"-17.847571198421317, -63.14735412597656"
https://www.bieninmuebles.com.bo/property.php?id=5019,Bien Inmuebles,Venta,Departamento,,"PRE-VENTA DEPARTAMENTO 1 DORMITORIO CON 2 BAÑOS, RAIZANT BLEND",,68.900,USD,"PRE-VENTA DEPARTAMENTO 1
DORMITORIO CON 2 BAÑOS, RAIZANT
BLEND
Ubicación: 7mo anillo, al lado
Universidad UNIVALLE

PRECIO DESDE: $us  68.900
DIMENSION: 44.57m2

- Chapa inteligente 
- Mueble inferior y superior de
cocina",NO,,45,1,2,0,0,,+59170950838,caritoir2@gmail.com,,"-17.722169479087796, -63.1761358499176"
