﻿id_reg,Agencia,Tipo de operación,Tipo de inmueble,Id Inmueble,Titulo,Ubicación,Precio,Moneda,Descripción,Equipamiento,Terreno m²,Construcción m²,Dormitorios,Baños,Estacionamientos,Baulera,Agente,Teléfono,Correo,Actualización,Coordenadas
88afad97ba596258e5be908079b939a0,Ultracasas,Alquiler,Casa,,"Zona Norte
CONDOMINIO LA FONTANA DE LA RIVIERA
G77 9no anillo",ULTRACASAS,4.400,BOB,"🅰🅻🆀🆄🅸🅻🅴🆁 ᴄᴀsᴀ ᴅᴇ 3 ᴅᴏʀᴍɪᴛᴏʀɪᴏs ▫️ 𝗕𝘀  𝟰,𝟰𝟬𝟬 (ᴇxᴘ ɪɴᴄʟᴜɪᴅᴀs) 📍Norte ( Aᴠ G77) 𝗖𝗢𝗡𝗗𝗢𝗠𝗜𝗡𝗜𝗢 ""𝗙𝗢𝗡𝗧𝗔𝗡𝗔 𝗟𝗔 𝗥𝗜𝗩𝗜𝗘𝗥𝗔"" ▫️ ▪️Terreno: 233 m² ▪️ Const :  140m² (Entrega inmedita) ▫️ 𝗖𝗔𝗥𝗔𝗖𝗧𝗘𝗥Í𝗦𝗧𝗜𝗖𝗔𝗦: ▫️Living Comedor ▫️Cocina Amoblada ▫️Baño de Visitas ▫️Galería ▫️Churrasquera ▫️Escritorio pequeño ▫️Área de Servicios Lavanderia ▫️Suite Principal con vestidor y Baño privado ▫️1 Suite Jr c/vestidor y baño privado ▫️1 Habitación con baño a compartir Á𝗥𝗘𝗔𝗦 𝗖𝗢𝗠𝗨𝗡𝗘𝗦: Piscina, Churrasqueras con Área cubierta , parque infantil, canchas deportivas y demás amenidades CONDICIONES: 01 Mes adelantado 01 Mes garantía Comisión inmobiliaria ▫️ 𝗠𝗔𝗩𝗜𝗦 𝗥𝗜𝗩𝗘𝗥𝗢 ᴀsᴇsᴏʀᴀ ɪɴᴍᴏʙɪʟɪᴀʀɪᴀ 𝗜𝗻𝗺𝗼 𝗕𝗿𝗼𝗸𝗲𝗿𝘀 𝟩𝟪𝟧 𝟨𝟧𝟢𝟢𝟢 ᴡʜᴀᴛsᴀᴘᴘ: bitly/mavisriveroinmoWtp 𝖢𝗈𝗇𝖿𝗂𝖺𝖤𝗇𝖬𝗂𝖤𝗑𝗉𝖾𝗋𝗂𝖾𝗇𝖼𝗂𝖺𝖨𝗇𝗆𝗈𝖻𝗂𝗅𝗂𝖺𝗋𝗂𝖺 @mavisriveroinmo Afiliada a CAINCRUZ",NO,233,140,3,3,2,0,Mavis Rivero Serrano,,,,"-17.695917, -63.13559"
4fb296717e5ac4f88227545c3840e44f,Ultracasas,Alquiler,Casa,,"Km 8,5 al Norte",ULTRACASAS,4.400,BOB,casa amoblada dentro de condominio,NO,,190,4,4,2,0,Salvador Vargas,,,,"-17.710783, -63.163235"
cd4cf32f73d4962025902f522a9fe250,Ultracasas,Alquiler,Casa,,Zona las palmas sobre avenida secundaria,ULTRACASAS,8.300,BOB,"𝑪𝑨𝑺𝑨 𝑷𝑨𝑹𝑨 𝑬𝑴𝑷𝑹𝑬𝑺𝑨𝑺/𝑵𝑬𝑮𝑶𝑪𝑰𝑶𝑺 𝑬𝑵 𝑨𝑳𝑸𝑼𝑰𝑳𝑬𝑹!!! De 7 ambientes📣 sobre av secundaria a metros de la av Pirai😱 🔑𝑷𝑹𝑬𝑪𝑰𝑶: Bs8300 Ideal para Oficinas,  Veterinarias, Notarias,  Guarderías, Consultorios,  Empresas etc 𝐏𝐋𝐀𝐍𝐓𝐀 𝐀𝐋𝐓𝐀 ⁠2 DORMITORIOS 1 Baño a compartir Terraza 𝐏𝐋𝐀𝐍𝐓𝐀 𝐁𝐀𝐉𝐀 3 DORMITORIOS ( 2 en Suite) ⁠LivingComedor Amplios ⁠Amplia Cocina con cajonería alta y baja y comedor de diario 1 Escritorio 1 Baño de Visitas Lavandería Patio Trasero Patio Interno ⁠Dependencia de servicio Garaje para 3 Vehículos Amplio Jardin 𝗖𝗢𝗡𝗗𝗜𝗖𝗜𝗢𝗡𝗘𝗦 Alquiler Adelantado Garantía Comisión Inmobiliaria Agenda tu visita 📲 ￼⁨",NO,,320,7,4,3,0,Prodigy House,,,,"-17.797636, -63.213371"
946154dd2c575a0cc01af204008a0ea7,Ultracasas,Alquiler,Casa,,🏡 ALQUILER CASA EN CONDOMINIO CIUDAD JARDÍN,ULTRACASAS,10.000,BOB,"📍  ZONA NORTE  6º Anillo, a pasos de la Av Banzer 📐 280 m² construidos  320 m² construidos 🏊‍♂️ ¡Con piscina propia y churrasquera! ✔️ 3 dormitorios (1 en suite con vestidor) a/c ✔️ Sala comedor amplia  estar familiar a/c ✔️ Escritorio a/c Baño visitas ✔️ Cocina amoblada (gas domiciliario) ✔️ Dependencias de servicio ✔️ Garaje para 3 vehículos 🏘️ Condominio con: ✅ Seguridad 24/7 ✅ Piscina, club house, canchas, gimnasio 📲 Contáctanos para visitar esta joya del norte",NO,,280,4,4,3,0,Hector Rodriguez,,,,"-17.731121, -63.171925"
96a8e756ace03c4dfc82fe5efd5e9b8a,Ultracasas,Alquiler,Casa,,Barrio Aeronáutico Calle Pauro #300,ULTRACASAS,1.500,USD,"EN ALQUILER HERMOSO Y AMPLIA CASA ZONA SUR ( Stos Dumont / 2do Y 3er Anillo) 1,500 $us Mes Consta de : ▪Amplio Living comedor ▪3 dormitorios ( 1 en suite) ▪Escritorio ▪Baño  de visita interior y exterior ▪Galería con Churrasquera, jardín y PISCINA ▪Cocina equipada (c/Hornillas, horno ,extractor ) ▪Lavandería y dependencia de empleada /baño ▪Garaje 2 vehiculos ▪Cortinas, Lamparas y Aire acondicionado ▪350 m2 construidos ▪400 m2 de terreno",NO,,350,3,4,2,0,Mavis Rivero Serrano,,,,"-17.809551, -63.180843"
46004ee162fc8cb691ed159d302bb1d5,Ultracasas,Alquiler,Casa,,"Zona Norte
Av. Beni entre 6tony 7mo anillo",ULTRACASAS,8.500,BOB,"🟡 𝗖𝗔𝗦𝗔 𝗜𝗡𝗗𝗘𝗣𝗘𝗡𝗗𝗜𝗘𝗡𝗧𝗘 🅴🅽 🅰🅻🆀🆄🅸🅻🅴🆁 ▫️ 𝗕𝘀 𝟴,𝟱𝟬𝟬 ▫️ ▪️ Terreno: 390  m² ▪️ Const:   280 m² ➖️ 📍 Zᴏɴᴀ Nᴏʀᴛᴇ  Aᴠ Bᴇɴɪ ᴇɴᴛʀᴇ 6ᴛᴏ ʏ 7ᴍᴏ ᴀɴɪʟʟᴏ Pʟᴀɴᴛᴀ Bᴀᴊᴀ ▫️Living Comedor ▫️Cocina Amoblada y equipada ▫️Baño visitas ▫️Galeria c/ churrasquera ▫️Jardín ▫️Areas de Servicio ▫️Garaje  p/2 vehículos Pʟᴀɴᴛᴀ Aʟᴛᴀ ▫️1 Master Suite c/vestidor, baño privado ▫️2 Dormitorios c/closet ▫️Baño a compartir 𝙀𝙌𝙐𝙄𝙋𝘼𝙈𝙄𝙀𝙉𝙏𝙊: ▫️Muebles de Cocina ▫️Muebles y box de baño ▫️Muebles de closets y vestidor ▫️Aires acondicinados ▫️Calefón ▫️Cortinas 𝗖𝗢𝗡𝗗𝗜𝗖𝗜𝗢𝗡𝗘𝗦: ▪️1 Mes Adelantado ▪️1 Mes de Garantía ▪️Comisión Inmobiliaria ▪️𝗥𝗲𝘀𝗽𝗮𝗹𝗱𝗼𝘀 𝘆 𝗦𝗼𝗹𝘃𝗲𝗻𝗰𝗶𝗮 ▫️ 𝗠𝗔𝗩𝗜𝗦 𝗥𝗜𝗩𝗘𝗥𝗢 ᴀsᴇsᴏʀᴀ ɪɴᴍᴏʙɪʟɪᴀʀɪᴀ 𝗜𝗻𝗺𝗼 𝗕𝗿𝗼𝗸𝗲𝗿𝘀 𝟩𝟪𝟧 𝟨𝟧𝟢𝟢𝟢 ᴡʜᴀᴛsᴀᴘᴘ: bitly/AvBn6toalq8y5BsYPIMBK 𝖢𝗈𝗇𝖿𝗂𝖺𝖤𝗇𝖬𝗂𝖤𝗑𝗉𝖾𝗋𝗂𝖾𝗇𝖼𝗂𝖺𝖨𝗇𝗆𝗈𝖻𝗂𝗅𝗂𝖺𝗋𝗂𝖺 @mavisriveroinmo Afiliada a CAINCRUZ",NO,390,300,3,3,2,0,Mavis Rivero Serrano,,,,"-17.732338, -63.158691"
91a8c109c9f1319bb3b4d18ac9c5fb64,Ultracasas,Alquiler,Casa,,Casa Amoblada en Alquiler Barrio norte,ULTRACASAS,21.000,BOB,"🌟 Vive con lujo y comodidad en Barrio Norte 🌟 🏠 Hermosa Casa Amoblada en Alquiler 📍 Av Banzer y 4to anillo, al lado de Las Brisas 💵 Bs 21000 (expensas Bs 1126) 📐 Sup 356,07 m² ✨ Planta Baja: ✔️ Living comedor elegante ✔️ Cocina amplia con comedor de diario ✔️ Patio interno  jardín ✔️ Churrasquera & piscina privada 🏊‍♀️ ✔️ Habitación para huéspedes ✨ Planta Alta: ✔️ Master suite con terraza, vestidor y jacuzzi 🛁 ✔️ Escritorio ✔️ 2 dormitorios  baño compartido ✨ Segundo Piso: ✔️ Depósito ✔️ Cuarto de servicio con baño ✔️ Lavandería 💎 Condominio con áreas sociales completas para disfrutar en familia 📲 Si buscas una casa que lo tenga TODO: lujo, confort y la mejor ubicación, ¡es momento de conocerla!",NO,,509,4,4,2,0,Heidy Rivas,,,,"-17.748606, -63.176109"
86542e761584a803b40d4b98ee1f8381,Ultracasas,Alquiler,Casa,,AMPLIA CASA EN ALQUILER EN CONDOMINIO ZONA URURBO,ULTRACASAS,10.000,BOB,"HERMOSA CASA EN ALQUILER EN CONDOMINIO JARDINES II EN EL URUBO Casa de dos plantas en Condominio al lado de la casa del camba Precio: Bs 10000 Opción amoblada Bs 12000 (sin televisores) Superficie de terreno 327,69 m2 Área construida:  241,11 m2 CARACTERISTICAS: PLANTA BAJA: Jardín anterior Garaje para 2 vehículos Amplio hall de ingreso Living y comedor Baño de visitas escritorio Cocina comedora de diario Despensa Galería Churrasquera Jardín con grama Dependencia de servicio Lavandería PLANTA ALTA: Sala de televisión cerrada Tres dormitorios (dos suites con balcones) Baño compartido Equipada con: aires acondicionados, mucha madera, closets, roperos, muebles de cocina altos y bajos, calefón, cortinas Condominio con áreas sociales: salón de uso común, parque niños, churrasquera y piscina Seguridad 24 hrs Entrega inmediata Condiciones de alquiler Un mes de alquiler Un mes de garantía Un mes comisión inmobiliaria 𝓓 𝓸 𝓻 𝓲 𝓼    𝓛 𝓮 𝔂 𝓽 𝓸 𝓷 ✨👩🏻‍💼 Cel📲 591 Asesor inmobiliario CAPITAL Corporación Inmobiliaria Oficina Av Alemana No 2045 entre 2do y 3er Anillo capitalcorporacioninmobiliaria casas propiedades bienesraicesenbolivia inmuebles casaenalquiler casas casasencondominio condominio alquileres Urubo CondominioJardinesDelUruboII santacruz bolivia inversiones",NO,,241,4,5,2,0,Doris Leyton,,,,"-17.759825, -63.223049"
326130130a93b79c784d924a3b3a037a,Ultracasas,Alquiler,Casa,,"URUBÓ 
Condominio Santa Cruz la vieja",ULTRACASAS,20.000,BOB,"𝗨𝗥𝗨𝗕𝗢́ 𝗠𝗼𝗱𝗲𝗿𝗻𝗮 𝗖𝗮𝘀𝗮 𝗰𝗼𝗻 𝗗𝗼𝗺𝗼́𝘁𝗶𝗰𝗮 🅴🅽 🅰🅻🆀🆄🅸🅻🅴🆁 ▫️▫️▫️▫️▫️ 𝗕𝘀 𝟮𝟬,𝟬𝟬𝟬 (ᴄ/ғᴀᴄᴛ ʏ ᴇxᴘ) ▫️ ▪️ Terreno: 450 m² ▪️ Const:   450 m² ➖️ 📍 Cᴏɴᴅᴏᴍɪɴɪᴏ Sᴀɴᴛᴀ Cʀᴜᴢ Lᴀ Vɪᴇᴊᴀ  URUBÓ Pʟᴀɴᴛᴀ Bᴀᴊᴀ ▫️Amplio Livingcomedor ▫️Elegante Cocina Amoblada y equipada ▫️Cómodo Escritorio ▫️Baño visitas ▫️Amplia Galeria c/ churrasquera ▫️Área de servicio ▫️Depósitos ▫️Garaje Techado p/4 vehículos Pʟᴀɴᴛᴀ Aʟᴛᴀ ▫️1 Master Suite c/vestidor, baño privado ▫️3 Suites Jr c/baño priv Y vestidor ▫️ Sala Tv ▫️ Amplia terraza ▫️Seguridad 24 hrs ▫️Acabado, material y muebles de primera calidad 𝙀𝙌𝙐𝙄𝙋𝘼𝙈𝙄𝙀𝙉𝙏𝙊: ▫️Muebles de Cocina ▫️Muebles y box de baño ▫️Vestidores ▫️Aires acondicinados ▫️Calefón ▫️Cortinas ▫️Automatización y doméstica en iluminación y electrodomésticos 🏖️🌴𝗔𝗥𝗘𝗔𝗦 𝗦𝗢𝗖𝗜𝗔𝗟𝗘𝗦: ▫️Areas verdes y parques infantiles ▫️Salón cerrado para eventos ▫️Galerías abiertas y Churrasquera ▫️Piscinas ▫️Gimnasio ▫️Cancha de racquet ▫️Cancha de césped fútbol7 ▫️Cancha Polifuncional ▫️Cancha de tenis ▫️Todos los servicios básicos (Luz, agua, alcantarillado, gas domiciliario, internet, Tv Cable, etc) 𝗖𝗢𝗡𝗗𝗜𝗖𝗜𝗢𝗡𝗘𝗦: ▪️1 Mes Adelantado ▪️1 Mes de Garantía ▪️Comisión Inmobiliaria ▪️𝗥𝗲𝘀𝗽𝗮𝗹𝗱𝗼𝘀 𝘆 𝗦𝗼𝗹𝘃𝗲𝗻𝗰𝗶𝗮 ▫️ 𝗠𝗔𝗩𝗜𝗦 𝗥𝗜𝗩𝗘𝗥𝗢 ᴀsᴇsᴏʀᴀ ɪɴᴍᴏʙɪʟɪᴀʀɪᴀ 𝗜𝗻𝗺𝗼 𝗕𝗿𝗼𝗸𝗲𝗿𝘀 𝟩𝟪𝟧 𝟨𝟧𝟢𝟢𝟢 ᴡʜᴀᴛsᴀᴘᴘ: bitly/Sclvalq20kbsCS 𝖢𝗈𝗇𝖿𝗂𝖺𝖤𝗇𝖬𝗂𝖤𝗑𝗉𝖾𝗋𝗂𝖾𝗇𝖼𝗂𝖺𝖨𝗇𝗆𝗈𝖻𝗂𝗅𝗂𝖺𝗋𝗂𝖺 @mavisriveroinmo",NO,450,450,4,6,4,0,Mavis Rivero Serrano,,,,"-17.758549, -63.235645"
61245f608a4d1ee6769ae21fafff36fb,Ultracasas,Alquiler,Casa,,[CONDOMINIO VERSALLES | ZONA NORTE] ALQUILER AMOBLADO CASA 1 PLANTA Y 2 DORMITORIOS CON CHURRASQUERA Y JARDIN PET FRIENDLY,ULTRACASAS,3.132,BOB,"Alquilo Casa Amoblada 1 Planta 2D  Cond Versalles (Km 8 1/2 al Norte), 176 m² terreno, 80 m² construidos, livingcocinacomedor integrado, 2 dormitorios (1 con vestidor y baño privado), 1 baño compartido, área de lavandería con lavadora, depósito, churrasquera cubierta, 1 parqueo descubierto Bs 3132 (Expensas incl) Mín 6 meses Pet friendly Áreas sociales con piscina, club house con churrasquera, cancha polifuncional, cancha de tenis, cancha de grama, parque infantil y supermercado",NO,,80,2,2,1,0,Joaquín Medina Bowles,,,,"-17.699326, -63.168941"
50d56edc2f4c84765fc8a52ff423cb40,Ultracasas,Alquiler,Casa,,Av. Paragua 4to anillo,ULTRACASAS,4.500,BOB,"𝐄𝐍 𝐀𝐋𝐐𝐔𝐈𝐋𝐄𝐑 𝐀𝐦𝐩𝐥𝐢𝐚 𝐂𝐀𝐒𝐀 𝐝𝐞 𝟕 𝐚𝐦𝐛𝐢𝐞𝐧𝐭𝐞𝐬 𝐏𝐑𝐄𝐂𝐈𝐎: 𝐁𝐬 4500 Sobre Av  paragua, 1 cuadra antes del 4to anillo Especial para Vivienda, Oficinas, Notarias, Consultorios,   Estéticas Etc 3 Baños Cocina amoblada con muebles altos y bajos Comedor de diario 1 Deposito Area de Lavandería Tiene una Estructura amplia para Colocar Letreros Aires Acondicionados en todos los ambientes Se pueden alquilar por separado los ambientes 𝗖𝗢𝗡𝗗𝗜𝗖𝗜𝗢𝗡𝗘𝗦 𝗔𝗹𝗾𝘂𝗶𝗹𝗲𝗿 𝗔𝗱𝗲𝗹𝗮𝗻𝘁𝗮𝗱𝗼 𝗚𝗮𝗿𝗮𝗻𝘁𝗶́𝗮 𝗖𝗼𝗺𝗶𝘀𝗶𝗼́𝗻 𝗜𝗻𝗺𝗼𝗯𝗶𝗹𝗶𝗮𝗿𝗶𝗮 𝐒𝐎𝐘 𝐂𝐋𝐄𝐘𝐀 𝐌𝐄𝐍𝐀𝐂𝐇𝐎 𝙲𝚎𝚕 𝟽𝟽𝟷𝟼𝟿𝟸𝟹𝟶 𝙰𝚂𝙴𝚂𝙾𝚁𝙰 𝙸𝙽𝙼𝙾𝙱𝙸𝙻𝙸𝙰𝚁𝙸𝙰",NO,,230,4,3,0,0,TU CASA B. R,,,,"-17.76565, -63.14994"
dbc6d5de4d616e988f39aea0a965deca,Ultracasas,Alquiler,Casa,,"Zona Norte
Condominio La Fontana de la Riviera",ULTRACASAS,4.400,BOB,"🟡 ᴄᴀsᴀ ᴅᴇ 3 ᴅᴏʀᴍɪᴛᴏʀɪᴏs 🅴🅽 🅰🅻🆀🆄🅸🅻🅴🆁 ▫️ 𝗕𝘀  𝟰,𝟰𝟬𝟬 (ᴇxᴘ ɪɴᴄʟᴜɪᴅᴀs) ▫️ ▪️Terreno: 233 m² ▪️ Const :  140m² ➖️ 📍Norte ( Aᴠ G77) 𝗖𝗢𝗡𝗗𝗢𝗠𝗜𝗡𝗜𝗢 ""𝗙𝗢𝗡𝗧𝗔𝗡𝗔 𝗟𝗔 𝗥𝗜𝗩𝗜𝗘𝗥𝗔"" (Entrega inmedita) ▫️ 𝗖𝗔𝗥𝗔𝗖𝗧𝗘𝗥Í𝗦𝗧𝗜𝗖𝗔𝗦: ▫️Living Comedor ▫️Cocina Amoblada ▫️Baño de Visitas ▫️Galería ▫️Churrasquera ▫️Escritorio pequeño ▫️Área de Servicios Lavanderia ▫️Suite Principal con vestidor y Baño privado ▫️1 Suite Jr c/vestidor y baño privado ▫️1 Habitación con baño a compartir Á𝗥𝗘𝗔𝗦 𝗖𝗢𝗠𝗨𝗡𝗘𝗦: Piscina, Churrasqueras con Área cubierta , parque infantil, canchas deportivas y demás amenidades CONDICIONES: 01 Mes adelantado 01 Mes garantía Comisión inmobiliaria ▫️ 𝗠𝗔𝗩𝗜𝗦 𝗥𝗜𝗩𝗘𝗥𝗢 ᴀsᴇsᴏʀᴀ ɪɴᴍᴏʙɪʟɪᴀʀɪᴀ 𝗜𝗻𝗺𝗼 𝗕𝗿𝗼𝗸𝗲𝗿𝘀 𝟩𝟪𝟧 𝟨𝟧𝟢𝟢𝟢 ᴡʜᴀᴛsᴀᴘᴘ: bitly/CFRalq4y4kBsAYIMBK 𝖢𝗈𝗇𝖿𝗂𝖺𝖤𝗇𝖬𝗂𝖤𝗑𝗉𝖾𝗋𝗂𝖾𝗇𝖼𝗂𝖺𝖨𝗇𝗆𝗈𝖻𝗂𝗅𝗂𝖺𝗋𝗂𝖺 @mavisriveroinmo Afiliada a CAINCRUZ",NO,233,140,3,2,2,0,Mavis Rivero Serrano,,,,"-17.696384, -63.130081"
4f93eb9e04ca6b0167fe096a45176b6a,Ultracasas,Alquiler,Casa,,"Avenida Alemana
Entre 2do y 3er anillo",ULTRACASAS,8.500,BOB,"🟡 𝗖𝗔𝗦𝗔 𝗜𝗡𝗗𝗘𝗣𝗘𝗡𝗗𝗜𝗘𝗡𝗧𝗘  𝗨𝗯𝗶𝗰𝗮𝗰𝗶𝗼́𝗻 𝗘𝘀𝘁𝗿𝗮𝘁𝗲𝗴𝗶𝗰𝗮 🅴🅽 🅰🅻🆀🆄🅸🅻🅴🆁 ▫️ 𝗕𝘀 𝟴,𝟱𝟬𝟬 ▫️ ▪️ Terreno: 300  m² ▪️ Const:   180 m² ➖️ 📍 Zᴏɴᴀ Nᴏʀᴛᴇ  Aᴠ Aʟᴇᴍᴀɴᴀ 2do y 3er anillo Pʟᴀɴᴛᴀ Bᴀᴊᴀ ▫️Living Comedor ▫️Cocina Amoblada ▫️Baño visitas ▫️Patio ▫️Areas de Servicio ▫️Garaje  p/2 vehículos Pʟᴀɴᴛᴀ Aʟᴛᴀ ▫️1 Master Suite c/vestidor, baño privado ▫️2 Dormitorios c/closet ▫️Baño a compartir 𝙀𝙌𝙐𝙄𝙋𝘼𝙈𝙄𝙀𝙉𝙏𝙊: ▫️Muebles de Cocina ▫️Muebles  de baño ▫️Muebles de closets y vestidor ▫️Calefón ▫️Cortinas 𝗖𝗢𝗡𝗗𝗜𝗖𝗜𝗢𝗡𝗘𝗦: ▪️1 Mes Adelantado ▪️1 Mes de Garantía ▪️Comisión Inmobiliaria ▪️𝗥𝗲𝘀𝗽𝗮𝗹𝗱𝗼𝘀 𝘆 𝗦𝗼𝗹𝘃𝗲𝗻𝗰𝗶𝗮 ▫️ 𝗠𝗔𝗩𝗜𝗦 𝗥𝗜𝗩𝗘𝗥𝗢 ᴀsᴇsᴏʀᴀ ɪɴᴍᴏʙɪʟɪᴀʀɪᴀ 𝗜𝗻𝗺𝗼 𝗕𝗿𝗼𝗸𝗲𝗿𝘀 𝟩𝟪𝟧 𝟨𝟧𝟢𝟢𝟢 ᴡʜᴀᴛsᴀᴘᴘ: bitly/AvAlalq8y5BsYPIMBK 𝖢𝗈𝗇𝖿𝗂𝖺𝖤𝗇𝖬𝗂𝖤𝗑𝗉𝖾𝗋𝗂𝖾𝗇𝖼𝗂𝖺𝖨𝗇𝗆𝗈𝖻𝗂𝗅𝗂𝖺𝗋𝗂𝖺 @mavisriveroinmo Afiliada a CAINCRUZ",NO,300,180,3,3,2,0,Mavis Rivero Serrano,,,,"-17.765999, -63.169235"
046305e0740aa6b0dc842e69598570c8,Ultracasas,Alquiler,Casa,,"ZONA EL URUBO 
CONDOMINIO URUBO NORD 
CASA A ESTRENAR EN ALQUILER !!!!!",ULTRACASAS,9.000,BOB,"🏡 CASAS EN ALQUILER – CONDOMINIO URUBÓ NORD 📍 Villa Bonita, Urubó 💰 Precio de Alquiler: Bs 10000 📐 Construcción: 174 m² 📐 Terreno: 220 m² ✨ Características: Casas de 2 planta Living – Comedor Cocina americana Despensa Escritorio Baño de visitas Galería y amplío Jardín Sala de TV 3 Dormitorios ( 1 en suite ) 1 Baño Compartido Iluminaria LED Garaje P/ 2 vehículos 🌟 Áreas Comunes: Piscinas Sauna seco y a vapor Salón de usos múltiples Churrasqueras Cancha de fútbol Cancha de tenis Cancha de pádel Cancha polifuncional Parque infantil Parque para perros",NO,220,174,3,3,2,0,Ruth Velarde,,,,"-17.743231, -63.235191"
1b04e27d9b79e24b09df7a16df41be06,Ultracasas,Alquiler,Casa,,"Condominio Santa Cruz La Vieja
URUBÓ",ULTRACASAS,16.000,BOB,"𝗛𝗲𝗿𝗺𝗼𝘀𝗮 𝘆 𝗔𝗺𝗽𝗹𝗶𝗮 𝗖𝗮𝘀𝗮 🅴🅽 🅰🅻🆀🆄🅸🅻🅴🆁 ▫️ 𝗕𝘀 𝟭𝟲,𝟬𝟬𝟬 (ᴄ/ᴇxᴘ ʏ ғᴀᴄᴛ) ▫️ ▪️Terreno 450 m² ▪️Const   380 m² ➖ 📍Uʀᴜʙᴏ ""Cᴏɴᴅᴏᴍɪɴɪᴏ Sᴀɴᴛᴀ Cʀᴜᴢ ʟᴀ Vɪᴇᴊᴀ"" 𝗣𝗟𝗔𝗡𝗧𝗔 𝗕𝗔𝗝𝗔 ▫️Amplio Living / Comedor con vista panorámica ▫️Baño de visitas ▫️Amplia Cocina amoblada y equipada ▫️Cocina de diario ▫️Amplia Galeria con Churrasquera ▫️Piscina privada ▫️Escritorio (Habitación) ▫️Deposito ▫️Area se Servicio (BañoDormitorioLavandería) 𝗣𝗟𝗔𝗡𝗧𝗔 𝗔𝗟𝗧𝗔 ▫️1 Máster Suite c baño privado y vestidor ▫️1 Suite Jr C/ baño privado ▫️2 Habitaciones con closet empotrado ▫️Sala de Tv/ ▫️Baño para Habitación y sala de estar 𝗘𝗤𝗨𝗜𝗣𝗔𝗠𝗜𝗘𝗡𝗧𝗢: ▫️Muebles de Cocina ▫️Muebles y box de baño ▫️Muebles Closets y vestidor ▫️Luminarias Led ▫️Aires Acondicionados 🏖️🌴𝗔𝗥𝗘𝗔𝗦 𝗦𝗢𝗖𝗜𝗔𝗟𝗘𝗦: ▫️Areas verdes y parques infantiles ▫️Salón cerrado para eventos ▫️Galerías abiertas con Churrasquera ▫️Piscinas ▫️Gimnasio ▫️Cancha de racquet ▫️Cancha de césped fútbol 7 ▫️Cancha Polifuncional ▫️Cancha de tenis ▫️Todos los servicios básicos (Luz, agua, alcantarillado, gas domiciliario, internet, Tv Cable, etc) ▫️ 𝗠𝗔𝗩𝗜𝗦 𝗥𝗜𝗩𝗘𝗥𝗢 ʙʀᴏᴋᴇʀ ᴏᴡɴᴇʀ  𝗜𝗻𝗺𝗼 𝗕𝗿𝗼𝗸𝗲𝗿𝘀 ᴀsᴇsᴏʀᴀ ɪɴᴍᴏʙɪʟɪᴀʀɪᴀ 𝟩𝟪𝟧 𝟨𝟧𝟢𝟢𝟢 ᴡʜᴀᴛsᴀᴘᴘ: bitly/Sclvalq16kbsMO",NO,450,380,4,5,4,0,Mavis Rivero Serrano,,,,"-17.758837, -63.236156"
78c86548a4b8c4357ba75f67706e1017,Ultracasas,Alquiler,Casa,,SOBRE AVENIDA EN ZONA RESIDENCIAL Y EXCLUSIVA,ULTRACASAS,1.200,USD,"𝐄𝐍 𝐀𝐋𝐐𝐔𝐈𝐋𝐄𝐑 𝑨𝑴𝑷𝑳𝑰𝑨 𝐂𝐀𝐒𝐀 𝐄𝐍  𝙕𝙊𝙉𝘼 𝙍𝙀𝙎𝙄𝘿𝙀𝙉𝘾𝙄𝘼𝙇 ❞𝗟𝗔𝗦 𝗣𝗔𝗟𝗠𝗔𝗦❞ 📍𝘀𝗼𝗯𝗿𝗲 𝗔𝘃 𝗜𝗯𝗲́𝗿𝗶𝗰𝗮 𝙖𝙣𝙩𝙚𝙨 𝙙𝙚𝙡 4𝙩𝙤 𝙖𝙣𝙞𝙡𝙡𝙤 (𝙖 𝙥𝙖𝙨𝙤𝙨 𝙙𝙚 𝙡𝙖 𝘼𝙫 𝙋𝙞𝙧𝙖𝙞) 𝐀𝐋𝐐𝐔𝐈𝐋𝐄𝐑: 8300 𝐛𝐬 𝒇𝒂𝒄𝒕𝒖𝒓𝒂𝒅𝒐 ⏭️ 𝗜𝗱𝗲𝗮𝗹 𝗽𝗮𝗿𝗮 𝗼𝗳𝗶𝗰𝗶𝗻𝗮, 𝗴𝘂𝗮𝗿𝗱𝗲𝗿𝗶́𝗮 𝗼 𝘃𝗶𝘃𝗶𝗲𝗻𝗱𝗮 𝐂𝐨𝐧𝐬𝐭𝐚 𝐝𝐞 6 𝙖𝙢𝙗𝙞𝙚𝙣𝙩𝙚𝙨 𝙮 3 𝙥𝙖𝙩𝙞𝙤𝙨 𝗣𝗔: • ⁠𝟐 𝐝𝐨𝐫𝐦𝐢𝐭𝐨𝐫𝐢𝐨𝐬 • ⁠𝐁𝐚𝐧̃𝐨 𝖈𝖔𝖒𝖕𝖆𝖗𝖙𝖎𝖉𝖔 • 𝗧𝗲𝗿𝗿𝗮𝘇𝗮 𝗣𝗕: • ⁠𝗟𝗶𝘃𝗶𝗻𝗴 𝗰𝗼𝗺𝗲𝗱𝗼𝗿 • ⁠𝗖𝗼𝗰𝗶𝗻𝗮 𝐚𝐦𝐨𝐛𝐥𝐚𝐝𝐚 𝐜𝐚𝐣𝐨𝐧𝐞𝐫𝐢́𝐚 𝐚𝐫𝐫𝐢𝐛𝐚 𝐲 𝐚𝐛𝐚𝐣𝐨 • ⁠3 𝙙𝙤𝙧𝙢𝙞𝙩𝙤𝙧𝙞𝙤𝙨 𝖈𝖔𝖓 𝖇𝖆𝖓̃𝖔 • ⁠3 𝙗𝙖𝙣̃𝙤𝙨 • 𝐋𝐚𝐯𝐚𝐧𝐝𝐞𝐫𝐢́𝐚 𝐭𝐞𝐜𝐡𝐚𝐝𝐚 • 𝐏𝐚𝐭𝐢𝐨 𝐭𝐫𝐚𝐬𝐞𝐫𝐨 • ⁠𝗣𝗮𝘁𝗶𝗼 𝗶𝗻𝘁𝗲𝗿𝗻𝗼 • ⁠2 𝗗𝗲𝙥𝙤́𝙨𝙞𝙩𝙤𝙨 • ⁠𝕰𝖘𝖈𝖗𝖎𝖙𝖔𝖗𝖎𝖔 • 𝐆𝐚𝐫𝐚𝐣𝐞 𝗰𝗼𝗻 𝗽𝗼𝗿𝘁𝗼́𝗻 𝗲𝗹𝗲́𝗰𝘁𝗿𝗶𝗰𝗼 𝟯 𝘃𝗲𝗵𝗶́𝗰𝘂𝗹𝗼𝘀 • ⁠𝗝𝗮𝗿𝗱𝗶́𝗻 𝐂𝐎𝐍𝐃𝐈𝐂𝐈𝐎𝐍𝐄𝐒: 𝐌𝐞𝐬 𝐝𝐞 𝐠𝐚𝐫𝐚𝐧𝐭𝐢́𝐚 𝐌𝐞𝐬 𝐚𝐝𝐞𝐥𝐚𝐧𝐭𝐚𝐝𝐨 𝐂𝐨𝐦𝐢𝐬𝐢𝐨́𝐧 𝐝𝐞 𝐈𝐧𝐦𝐨𝐛𝐢𝐥𝙞𝙖𝙧𝙞𝙖",NO,,280,6,3,4,0,Zorka Alderete,,,,"-17.796782, -63.212669"
8ac22061a51ed10f978bf89a7ef7e216,Ultracasas,Alquiler,Casa,,Casa en Alquiler en Colinas del Urubo S1,ULTRACASAS,35.000,BOB,Casa Colinas del Urubo S1en alquiler Planta Baja •	Sala de Tv •	Living comedor •	Baño de visitas •	Habitación con baño con ducha •	Cocina amplia •	Dependencias •	Alacena •	Lavandería abierta y cerrada con lavadora y secadora •	Galería con churrasquera •	Piscina y jardín Planta Alta •	1 Master Suite con terraza •	Sala de TV con escritorio •	2 Suites •	Precio de alquiler: usd35000,NO,,753,4,6,0,0,Ximena Muñoz,,,,"-17.747768, -63.215218"
c8c92f95effcf119d87b2b4736d1ffaa,Ultracasas,Alquiler,Casa,,"Canal Isuto 5to anillo
Condominio COSTANERA BLU",ULTRACASAS,1.600,USD,"🟡 𝗖𝗮𝘀𝗮 𝗱𝗲 𝗟𝘂𝗷𝗼 🅴🅽 🅰🅻🆀🆄🅸🅻🅴🆁 ▫️ 💲 𝟭,𝟲𝟬𝟬 (ᴇxᴘ ɪɴᴄʟᴜɪᴅᴀs) ▫️ ▪️Terreno: 190 m² ▪️ Const :  320 m² ➖️ 📍Nᴏʀᴛᴇ  Cᴀɴᴀʟ Isᴜᴛᴏ ( 5to ᴀɴɪʟʟᴏ ) ""𝗖𝗼𝗻𝗱𝗼𝗺𝗶𝗻𝗶𝗼 𝗖𝗼𝘀𝘁𝗮𝗻𝗲𝗿𝗮 𝗕𝗹𝘂"" 𝗖𝗔𝗥𝗔𝗖𝗧𝗘𝗥Í𝗦𝗧𝗜𝗖𝗔𝗦: ᴘʟᴀɴᴛᴀ ʙᴀᴊᴀ ▫️Amplio Living Comedor ▫️Cocina Integrada amoblada y Equipada ▫️Baño de Visitas ▫️Galería ▫️Elegante Churrasquera ▫️Jardín sᴇɢᴜɴᴅᴀ ᴘʟᴀɴᴛᴀ ▫️Master Suite con amplio vestidor y Baño privado ▫️2 Suite Jr con closets Empotrado y baño privado ᴛᴇʀᴄᴇʀᴀ ᴘʟᴀɴᴛᴀ ▫️Amplio Salón Multiuso y Baño privado ▫️Area de Lavandería ▫️Amplios Balcónes ᴄᴜᴀʀᴛᴀ ᴘʟᴀɴᴛᴀ ▪️Amplia Terraza con vista Panorámica y Jacuzzi Á𝗥𝗘𝗔𝗦 𝗖𝗢𝗠𝗨𝗡𝗘𝗦: Piscina, Churrasquera con Área cubierta CONDICIONES: 01 Mes adelantado 01 Mes garantía Comisión inmobiliaria Respaldos : ( Rejab, antecedentes, Referencias, personales y económicas) ▫️ 𝗠𝗔𝗩𝗜𝗦 𝗥𝗜𝗩𝗘𝗥𝗢 ʙʀᴏᴋᴇʀ ᴏᴡɴᴇʀ  𝗜𝗻𝗺𝗼 𝗕𝗿𝗼𝗸𝗲𝗿𝘀 ᴀsᴇsᴏʀᴀ ɪɴᴍᴏʙɪʟɪᴀʀɪᴀ 𝟩𝟪𝟧 𝟨𝟧𝟢𝟢𝟢 ᴡʜᴀᴛsᴀᴘᴘ: bitly/CCBlalq1y6kYPIMBK 𝖢𝗈𝗇𝖿𝗂𝖺𝖤𝗇𝖬𝗂𝖤𝗑𝗉𝖾𝗋𝗂𝖾𝗇𝖼𝗂𝖺𝖨𝗇𝗆𝗈𝖻𝗂𝗅𝗂𝖺𝗋𝗂𝖺 @mavisriveroinmo Afiliada a CAINCRUZ",NO,190,190,3,5,2,0,Mavis Rivero Serrano,,,,"-17.745899, -63.195507"
538fc1b8110cb5137a8a17d0049a7304,Ultracasas,Alquiler,Casa,,Casa a Estrenar en Alquiler - Vallecito,ULTRACASAS,3.500,BOB,"CASA EN ALQUIER A ESTRENAR EN ZONA NORTE URBANIZACIÓN VALLES DEL NORTE 🚨 4 DORMITORIOS 📍km 8,5 entrando por la Chonta 💰PRECIO DE ALQUILER: 3500 bs ▪️Superficie Construida: 135 m2 ▪️Superficie Terreno: 180 m2 🔺Consta de: 3 dormitorios 1 escritorio/ dormitorio 1 baño visita Amplio living comedor Cocina integrada Lavandería Amplio patio trasero Garaje para dos vehículos 🔴Viví en la zona Norte, lugar de mayor crecimiento en Santa Cruz A 800 metros de pavimento Excelente ubicación con varias vías de acceso Próximo a universidades y colegios de prestigio 📲Mayor información al",NO,180,135,4,3,2,0,Jose Gutierrez,,,,"-17.703213, -63.144341"
fcd19d9fbbe8c6052f7f3f1b1b9b82dd,Ultracasas,Alquiler,Casa,,🏠 EN ALQUILER – PRECIOSA Y MODERNA CASA EN DOS PLANTAS,ULTRACASAS,9.000,BOB,"📍 Zona Doble Vía La Guardia (entre 5º y 6º Anillo) – Barrio El Periodista 📐 DETALLES DEL INMUEBLE: 🔹 Superficie construida: 248 m² (en 2 plantas) 🔹 Terreno: 420 m² 🛋️ AMBIENTES: ✔ Amplio living comedor muy luminoso, conectado con galerías delantera y trasera ✔ Cocina espaciosa con muebles altos y bajos de madera ✔ Cocina y horno empotrados  campana extractora ✔ Despensa ✔ 4 dormitorios amplios con roperos empotrados ◾ 1 dormitorio en suite con vestidor y balcón ✔ Todos los ambientes con aires acondicionados, cortinas e iluminación empotrada ✔ Dependencias de servicio completa ✔ Jardines y churrasquera 🚗 EXTERIORES: ✔ Portón eléctrico de ingreso vehicular ✔ Parqueo para 3 vehículos 📲 ¡Contáctanos para agendar tu visita y enamorarte de esta casa!",NO,420,320,4,4,3,0,Hector Rodriguez,,,,"-17.815704, -63.222492"
78b867f6ac2ded04167396ffe0c7edac,Ultracasas,Alquiler,Casa,,"ZONA NORTE
 CONDOMINIO JARDINES DEL NORTE VI
CASA EN ALQUILER DE 3 DORMITORIOS EN SUITE",ULTRACASAS,9.500,BOB,CASA EN ALQUILER 📍 • CONDOMINIO JARDINES DEL NORTE 6 2 PLANTAS Living & Comedor ⁠3 Dormitorios(en suite) ⁠Sala de TV ⁠Cocina Equipada ⁠Baño de Visitas ⁠2 Parqueos Área de servicio ⁠Precio Bs 9500 ⁠incluye expensas ⁠ Contactó,NO,,200,3,5,2,0,Ruth Velarde,,,,"-17.713665, -63.172737"
ce44b2f787a341aa6427afeacb2f573d,Ultracasas,Alquiler,Casa,,CASA EN ALQUILER Barrio Urbari,ULTRACASAS,10.000,BOB,AMPLIA CASA EN ALQUILER DE 4 DORMITORIOS Barrio urbari calle zaipuru 128 Características 4 dormitorios 1 suit Baño compartido Livingcomedor Amplio patio Churrasquera 2 terrazas Dependencia con baño Precio 10000 bs Solicita tu visita,NO,,230,4,3,3,0,Leila Palomo,,,,"-17.801764, -63.198059"
d9993abcbfa4e534f85357ad8b47cd5f,Ultracasas,Alquiler,Casa,,EN ALQUILER CASA AMPLIA :CALLE CAÑADA STRONGEST,ULTRACASAS,1.800,USD,"EN ALQUILER 1800$ M2 635,21 Casa indep para empresa comercial o Vivienda de lujo Calle /Cañada Strongest en esquina Planta Alta 1 Master suite 2 Suite Jr 2 dorm con baño a compartir Sala TV grande Planta baja Living Comedor Estar Escritorio con baño Baño de visita Cocina amplia Comedor de diario Area de lavanderia Dorm de servicio Garaje 2  4 movilidades Piscina  jardin Churrasquera Caseta para guardia de seguridad interno",NO,,635,4,6,4,0,Gigliola Roca,,,,"-17.772846, -63.185444"
f9e2ce3e57855281aafb182e62ee87c5,Ultracasas,Alquiler,Casa,,CASA EN ALQUILER CALLE LOS GOMEROS EQUIPETROL,ULTRACASAS,11.500,BOB,"CASA EN ALQUILER ZONA EQUIPETROL FRENTE AL COLEGIO FRANCO 11500bs Superficie del terreno: 238 m² Superficie construida: 271m² PLANTA BAJA SALA COMEDOR COCINA ESCRITORIO BAÑO DE VISITAS GALERÍA CHURRASQUERA PATIO DEPENDENCIA DE SERVICIO COMPLETA GARAJE PARA DOS MOVILIDADES PLANTA ALTA SUITE PRINCIPAL AMPLIA, VESTIDOR Y BALCÓN DOS DORMITORIOS AMPLIOS UN DORMITORIO O ESCRITORIO SALA DE TV BAÑO COMPARTIDO",NO,238,271,4,3,2,0,Gigliola Roca,,,,"-17.76318, -63.201618"
5ab93045242007227f2d76fff0584381,Ultracasas,Alquiler,Casa,,BARRIO BRIGIDA  CASA EN ALQUILER PARA OFICINAS,ULTRACASAS,1.200,USD,"Excelente Casa en alquiler en Barrio Brigida  para oficinas o Empresas Consta de: 3 dormitorios (1 en suite), living, comedor, baño de visitas, cocina, patio, area de servicio, lavandería, churrasquera y parqueo Excelente ubicación ! A media cuadra del 4to anillo",NO,,174,3,4,2,0,Rita Alcazar de Quiroga,,,,"-17.755211, -63.193707"
b7b7b4915a2e9de4bc865088fc134416,Ultracasas,Alquiler,Casa,,"Equipetrol, 2do. y 3er. Anillo, Alquilo Casa de 3 Plantas y 3 Dormitorios con dependencias para empresa o vivienda, con 1 parqueo descubierto.",ULTRACASAS,1.000,USD,"Alquilo Casa 3 Plantas 3D c/ dependencias – Equipetrol (2do3er Anillo), 190 m² terreno, 163 m² construidos, ideal para empresa o vivienda, livingcomedor, cocina independiente, escritorio, baño de visita, 3 dormitorios (1 en suite c/ vestidor y balcón), 1 baño compartido, dependencia de empleada c/ baño, lavandería techada, depósito, parqueo descubierto para 1 vehículo, $us 1000 (al tipo de cambio oficial) Ref:  lamásbuscada",NO,,163,3,4,1,0,Joaquín Medina Bowles,,,,"-17.770561, -63.19096"
9fab99097cd4089179933687e2253378,Ultracasas,Alquiler,Casa,,"Equipetrol, Zona Norte Casa  en  Alquiler",ULTRACASAS,11.000,BOB,CONSTA DE: 2 PLANTAS PLANTA ALTA ▪︎ 1 Dormitorio en suite con vestidor y balcón ▪︎ 2 Dormitorios con roperos empotrados y baño compartido PLANTA BAJA ▪︎ Dormitorio amplio ▪︎ Escritorio u 5to Dormitorio ▪︎ Cocina amoblada ▪︎ Amplio living comedor ▪︎ Pequeño Bar ▪︎ Baño de visitas ▪︎ Amplia galería ▪︎ PISCINA 💦 ▪︎ Churrasquera ▪︎ Dependencia de servicio c/ baño ▪︎ Área de lavandería techada ▪︎ Patio con jardín ▪︎ Garaje p/2 vehículos 🥶Aires acondicionados en todo ambiente,NO,,250,3,4,2,0,InmobolSCZ,,,,"-17.76803, -63.193787"
f7ab304ef721ecde822a36cfeee37bed,Ultracasas,Alquiler,Casa,,Av. Ibérica- Barrio las LAS PALMAS,ULTRACASAS,8.500,BOB,"𝗖𝗔𝗦𝗔 𝗔𝗠𝗣𝗟𝗜𝗔 En la Zona Residencial de “𝗟𝗔𝗦 𝗣𝗔𝗟𝗠𝗔𝗦” Sobre Av Ibérica, a 100 mt2 de la Av Pirai ▪️𝑷𝑹𝑬𝑪𝑰𝑶: Bs8500 Ideal para Oficinas,  Veterinarias, Notarias,  Guarderías, Consultorios,  Empresas etc 𝐏𝐋𝐀𝐍𝐓𝐀 𝐀𝐋𝐓𝐀 • ⁠2 DORMITORIOS • ⁠1 Baño a compartir • Terraza 𝐏𝐋𝐀𝐍𝐓𝐀 𝐁𝐀𝐉𝐀 ▪️3 DORMITORIOS ( 2 en Suite) • ⁠LivingComedor Amplios • ⁠Amplia Cocina con cajonería alta y baja y comedor de diario 1 Escritorio 1 Baño de Visitas • Lavandería • Patio Trasero • ⁠Patio Interno • ⁠Dependencia de servicio • Garaje para 3 Vehículos • ⁠Amplio Jardin 𝗖𝗢𝗡𝗗𝗜𝗖𝗜𝗢𝗡𝗘𝗦 ▪️𝗔𝗹𝗾𝘂𝗶𝗹𝗲𝗿 𝗔𝗱𝗲𝗹𝗮𝗻𝘁𝗮𝗱𝗼 ▪️𝗚𝗮𝗿𝗮𝗻𝘁𝗶́𝗮 ▪️𝗖𝗼𝗺𝗶𝘀𝗶𝗼́𝗻 𝗜𝗻𝗺𝗼𝗯𝗶𝗹𝗶𝗮𝗿𝗶𝗮 𝑪𝐨𝐧𝐭𝐚𝐜𝐭𝐚𝐦𝐞  📲📲 𝐒𝐎𝐘 𝐂𝐋𝐄𝐘𝐀 𝐌𝐄𝐍𝐀𝐂𝐇𝐎 𝗖𝗲𝗹 𝟳𝟳𝟭𝟲𝟵𝟮𝟯𝟬 𝗔𝘀𝗲𝘀𝗼𝗿𝗮 𝗜𝗻𝗺𝗼𝗯𝗶𝗹𝗶𝗮𝗿𝗶𝗮",NO,,280,5,4,3,0,TU CASA B. R,,,,"-17.797295, -63.213352"
88e50ea74925502e08ff063637607144,Ultracasas,Alquiler,Casa,,"Sobre Av Casa en Alquiler zona Norte, Beni",ULTRACASAS,7.000,BOB,"CASA EN AL QUILER ZONA NORTE 4TO ANILLO Cuenta  con  3 dormitorios  sala , comedor  patio  cabaña de jatata , blindex  área comedor cocina , churrasquera , baños  garaje  para  4 vehículos Precio 7000 Bs Condisiones Mes Adelantado, mes de Garantía y mes comisión inmobiliaria",NO,,150,3,2,3,0,InmobolSCZ,,,,"-17.746437, -63.167542"
d5917121f8003cbf4f735118141f1693,Ultracasas,Alquiler,Casa,,En el Urubo alquilo hermosa casa de 2 pisos de 3 dormitorios,ULTRACASAS,689,USD,"📲 Alquilo hermosa casa de 2 plantas en el Urubo! A 4 minutos del Barrio Equipetrol La urb Villa bonita esta ubicada entre urb Colinas y la Hacienda del Urubo frente a la casa del Camba Cerca a  farmacia, gasolinera, bancos, Super fidalga, hipermaxi, ventura mall, manzana 40, green tower, colegios Franco, Aleman y otros Consta de : ☑️Suite principal con baño privado ☑️Dormitorio 2 ☑️Dromitorio 3 ☑️Baño compartido ☑️Sala Comedor ☑️Baño visitas ☑️Cocina ☑️Jardin trasero ☑️Jardin delantero con 2 parqueos ☑️ Area de servicio con cuarto de servicio y baño NO SE PAGAN PAGAN EXPENSAS !!! INCLUYE AIRES ACONDICIONADOS NUEVOS EN TODOS LOS AMBIENTES! (sin aires menos 100us) Tambirn ofrezco una casa de 1 planta de 3 dorm en villa boniya en us$500 Para mayor informacion al whatsapp con la foto de qr!",NO,,150,3,4,2,0,Bienes Raices,,,,"-17.751703, -63.226898"
2a892fa51440ac61b1b08dacaeb1f654,Ultracasas,Alquiler,Casa,,ZONA EXCLUSIVA DEL URUBO A 2 min DEL PUENTE,ULTRACASAS,2.300,USD,"𝙀𝙉 𝘼𝙇𝙌𝙐𝙄𝙇𝙀𝙍 𝘾𝘼𝙎𝘼 𝘿𝙀 𝙇𝙐𝙅𝙊 𝙀𝙉 𝘾𝙊𝙇𝙄𝙉𝘼𝙎 𝘿𝙀𝙇 𝙐𝙍𝙐𝘽𝙊 📍 𝙕𝙊𝙉𝘼 𝙐𝙍𝙐𝘽𝙊: 𝘾𝙊𝙇𝙄𝙉𝘼𝙎 𝘿𝙀𝙇 𝙐𝙍𝙐𝘽𝙊, 𝙎𝙀𝘾 1 📐 𝙏𝙚𝙧𝙧𝙚𝙣𝙤 768 𝙢2 🏡 𝘾𝙤𝙣𝙨𝙩𝙧𝙪𝙞𝙙𝙤 250 𝙢2 𝙋𝙍𝙀𝘾𝙄𝙊: 20000 𝙗𝙨 𝙘𝙤𝙣 𝙚𝙭𝙥𝙚𝙣𝙨𝙖𝙨 𝘾𝙊𝙉𝙎𝙏𝘼 𝘿𝙀: • 1 𝙈𝙖𝙨𝙩𝙚𝙧 𝙨𝙪𝙞𝙩𝙚 𝙘𝙤𝙣 𝙖𝙢𝙥𝙡𝙞𝙤 𝙫𝙚𝙨𝙩𝙞𝙙𝙤𝙧, 𝙗𝙖𝙣̃𝙤 𝙘𝙤𝙣 𝙟𝙖𝙘𝙪𝙯𝙯𝙞 𝙮 𝙙𝙤𝙗𝙡𝙚 𝙡𝙖𝙫𝙖𝙢𝙖𝙣𝙤𝙨 • 2 𝙨𝙪𝙞𝙩𝙚𝙨 𝙘𝙤𝙣 𝙧𝙤𝙥𝙚𝙧𝙤 𝙚𝙢𝙥𝙤𝙩𝙧𝙖𝙙𝙤 𝙮 𝙗𝙖𝙣̃𝙤 • 𝘽𝙖𝙣̃𝙤 𝙙𝙚 𝙫𝙞𝙨𝙞𝙩𝙖 • 𝘼𝙢𝙥𝙡𝙞𝙤 𝙡𝙞𝙫𝙞𝙣𝙜𝙘𝙤𝙢𝙚𝙙𝙤𝙧 • 𝙀𝙨𝙘𝙧𝙞𝙩𝙤𝙧𝙞𝙤 𝙘𝙤𝙣 𝙢𝙪𝙚𝙗𝙡𝙚 𝙥𝙖𝙧𝙖 𝙗𝙞𝙗𝙡𝙞𝙤𝙩𝙚𝙘𝙖 𝙮 𝙏𝙑 • 𝙎𝙖𝙡𝙖 𝙙𝙚 𝙚𝙨𝙩𝙖𝙧 𝙘𝙤𝙣 𝙘𝙝𝙞𝙢𝙚𝙣𝙚𝙖 • 𝙋𝙖𝙨𝙞𝙡𝙡𝙤 𝙘𝙤𝙣 𝙧𝙤𝙥𝙚𝙧𝙤𝙨 𝙚𝙢𝙥𝙤𝙩𝙧𝙖𝙙𝙤𝙨 𝙥𝙖𝙧𝙖 𝙧𝙤𝙥𝙖 𝙗𝙡𝙖𝙣𝙘𝙖 • 𝘾𝙤𝙘𝙞𝙣𝙖 𝙘𝙤𝙣 𝙘𝙤𝙢𝙚𝙙𝙤𝙧 𝙙𝙚 𝙙𝙞𝙖𝙧𝙞𝙤, 𝙢𝙪𝙚𝙗𝙡𝙚𝙨 𝙖𝙡𝙩𝙤𝙨 𝙮 𝙗𝙖𝙟𝙤𝙨, 𝙘𝙤𝙘𝙞𝙣𝙖, 𝙧𝙚𝙛𝙧𝙞𝙜𝙚𝙧𝙖𝙙𝙤𝙧, 𝙡𝙖𝙫𝙖𝙫𝙖𝙟𝙞𝙡𝙡𝙖𝙨 𝙮 𝙘𝙖𝙢𝙥𝙖𝙣𝙖 • 𝙇𝙖𝙫𝙖𝙣𝙙𝙚𝙧𝙞́𝙖 𝙘𝙤𝙣 𝙘𝙤𝙣𝙚𝙭𝙞𝙤́𝙣 𝙥𝙖𝙧𝙖 𝙡𝙖𝙫𝙖𝙙𝙤𝙧𝙖 𝙮 𝙨𝙚𝙘𝙖𝙙𝙤𝙧𝙖 • 𝙎𝙖𝙡𝙖 𝙙𝙚 𝙀𝙨𝙩𝙖𝙧 𝙘𝙤𝙣 𝙗𝙡𝙞𝙣𝙙𝙚𝙭 𝙮 𝙫𝙞𝙨𝙩𝙖 𝙖 𝙡𝙖 𝙥𝙞𝙨𝙘𝙞𝙣𝙖 • 𝙀𝙨𝙥𝙖𝙘𝙞𝙤 𝙥𝙖𝙧𝙖 𝙘𝙝𝙪𝙧𝙧𝙖𝙨𝙦𝙪𝙚𝙧𝙖 𝙮 𝙢𝙚𝙨𝙖𝙨 𝙚𝙣 𝙚𝙡 𝙥𝙖𝙩𝙞𝙤 • 𝙋𝙞𝙨𝙘𝙞𝙣𝙖 >>𝙏𝙤𝙙𝙤𝙨 𝙡𝙤𝙨 𝙖𝙢𝙗𝙞𝙚𝙣𝙩𝙚𝙨 𝙘𝙤𝙣 𝙘𝙤𝙧𝙩𝙞𝙣𝙖𝙨 𝙮 𝙖𝙞𝙧𝙚 𝙖𝙘𝙤𝙣𝙙𝙞𝙘𝙞𝙤𝙣𝙖𝙙𝙤 𝘾𝙊𝙉𝘿𝙄𝘾𝙄𝙊𝙉𝙀𝙎: 𝙈𝙚𝙨 𝙙𝙚 𝙜𝙖𝙧𝙖𝙣𝙩𝙞́𝙖 𝙈𝙚𝙨 𝙖𝙙𝙚𝙡𝙖𝙣𝙩𝙖𝙙𝙤 𝘾𝙤𝙢𝙞𝙨𝙞𝙤́𝙣 𝙙𝙚 𝙞𝙣𝙢𝙤𝙗𝙞𝙡𝙞𝙖𝙧𝙞𝙖",NO,,250,3,4,3,0,Zorka Alderete,,,,"-17.750301, -63.221458"
5decb563117411898bd8548ca4e6e804,Ultracasas,Alquiler,Casa,,CASA INDEPENDIENTE EN ALQUILER AV ALEMANA 4TO Y 5TO ANILLO,ULTRACASAS,6.500,BOB,CASA EN ALQUILER ZONA NORTE AV ALEMANA✨ ⁠3 dormitorios (1 en suite) ⁠Living comedor amplio⁠ ⁠Cocina espaciosa y equipada ⁠3 baños ⁠Amplio patio trasero ⁠Dependencia ⁠Lavandería 💲6500 Bs 📍Av Alemana entre 4to y 5to anillo  2 cuadras C/ Los Gasaui 9,NO,,200,4,3,2,0,C21 BLUREALTY,,,,"-17.749912, -63.162674"
92d4900a5adcb636f66af34e8380a312,Ultracasas,Alquiler,Casa,,"📍 Ubicación: Av. Banzer, entre 3er y 4to Anillo Norte",ULTRACASAS,10.000,BOB,"🏢 EN ALQUILER – AMPLIA CASA EN ESQUINA IDEAL PARA EMPRESAS  DETRAS DE MULTICENTER – Zona Comercial, Santa Cruz de la Sierra 800 mts2 de terreno  320 mts2 de construcción 📐 Características Generales: ▪️ Ubicación estratégica en esquina ▪️ Ideal para: oficinas corporativas, instituciones, centros de distribución, etc ▪️ Casa equipada con cámaras y sistema de vigilancia 🏠 Distribución Interior: ✔ Sala de 2 ambientes con aire acondicionado ✔ Cocina y comedor de diario ✔ Baño de visitas ✔ Galerías amplias ✔ 3 dormitorios grandes con a/c (1 en suite con baño privado) ✔ Baño compartido 🧱 Área Externa y Funcionalidades: ✔ Depósito y baño adicional en la parte trasera ✔ Infraestructura lista para tinglado ✔ Ingreso por 2 calles ✔ Garajes amplios (uno techado con portón automático) ✔ Zona de carga y descarga, con acceso para camiones medianos 📩 ¡Contáctanos para más información y agenda tu visita hoy mismo!",NO,,320,7,4,10,0,Hector Rodriguez,,,,"-17.751753, -63.178234"
90e429b91518db19fa7181cf0179d2bf,Ultracasas,Alquiler,Casa,,A POCOS MIN (3 min) DEL PUENTE DEL URUBO,ULTRACASAS,2.500,USD,"𝙇𝙐𝙅𝙊𝙎𝘼 𝘾𝘼𝙎𝘼 𝘼𝙈𝙊𝘽𝙇𝘼𝘿𝘼 𝙀𝙉 𝘼𝙇𝙌𝙐𝙄𝙇𝙀𝙍  𝙀𝙉 𝙐𝙍𝙐𝘽𝙊 📍 𝙕𝙊𝙉𝘼 𝙐𝙍𝙐𝘽𝙊́ 𝙖 3 𝙢𝙞𝙣 𝙙𝙚𝙡 𝙋𝙪𝙚𝙣𝙩𝙚 𝙋𝙍𝙀𝘾𝙄𝙊 𝘼𝙇𝙌𝙐𝙄𝙇𝙀𝙍 𝘼𝙈𝙊𝘽𝙇𝘼𝘿𝘼: 18000 𝘽𝙨 𝙎𝙪𝙥 𝙏𝙚𝙧𝙧𝙚𝙣𝙤 727,24 𝙢2 𝙎𝙪𝙥 𝘾𝙤𝙣𝙨𝙩 703,66 𝙢2 𝘾𝙤𝙣𝙨𝙩𝙖 𝙙𝙚 4 𝙥𝙞𝙨𝙤𝙨: 𝘼𝙢𝙥𝙡𝙞𝙤 𝙡𝙞𝙫𝙞𝙣𝙜  𝙘𝙤𝙢𝙚𝙙𝙤𝙧 𝘾𝙤𝙘𝙞𝙣𝙖 𝙘𝙤𝙢𝙥𝙡𝙚𝙩𝙖𝙢𝙚𝙣𝙩𝙚 𝙚𝙦𝙪𝙞𝙥𝙖𝙙𝙖 𝙮  𝙖𝙢𝙤𝙗𝙡𝙖𝙙𝙖 𝘽𝙖𝙣̃𝙤 𝙙𝙚 𝙫𝙞𝙨𝙞𝙩𝙖 𝙎𝙪𝙗𝙨𝙪𝙚𝙡𝙤 𝙖𝙢𝙥𝙡𝙞𝙤 𝙨𝙖𝙡𝙤́𝙣 𝙥𝙖𝙧𝙖 𝙚𝙫𝙚𝙣𝙩𝙤, 𝙠𝙖𝙧𝙖𝙤𝙠𝙚 𝙤 𝙜𝙞𝙢𝙣𝙖𝙨𝙞𝙤 𝙎𝙖𝙪𝙣𝙖 𝙂𝙖𝙧𝙖𝙟𝙚 𝙥𝙖𝙧𝙖 3 𝙫𝙚𝙝𝙞𝙘𝙪𝙡𝙤𝙨 𝙎𝙖𝙡𝙖 𝙙𝙚 𝙏𝙫 𝙇𝙖𝙫𝙖𝙣𝙙𝙚𝙧𝙞𝙖 𝙗𝙖𝙟𝙤 𝙩𝙚𝙘𝙝𝙤 𝙋𝙖𝙩𝙞𝙤 2 𝙎𝙪𝙞𝙩𝙚 𝙘𝙤𝙣 𝙫𝙚𝙨𝙩𝙞𝙙𝙤𝙧 1 𝘿𝙤𝙧𝙢𝙞𝙩𝙤𝙧𝙞𝙤𝙨 𝙘𝙤𝙣 𝙧𝙤𝙥𝙚𝙧𝙤 𝙚𝙢𝙥𝙤𝙩𝙧𝙖𝙙𝙤 𝙈𝙖𝙨𝙩𝙚𝙧 𝙨𝙪𝙞𝙩𝙚 𝙘𝙤𝙣 𝙚𝙨𝙘𝙧𝙞𝙩𝙤𝙧𝙞𝙤, 𝙗𝙖𝙡𝙘𝙤́𝙣, 𝙗𝙖𝙧 𝙮 𝘾𝙝𝙪𝙧𝙧𝙖𝙨𝙦𝙪𝙚𝙧𝙖 𝘾𝙝𝙪𝙧𝙧𝙖𝙨𝙦𝙪𝙚𝙧𝙖 𝙨𝙤𝙘𝙞𝙖𝙡 𝙘𝙤𝙣 𝙜𝙖𝙡𝙚𝙧𝙞́𝙖 𝙋𝙞𝙨𝙘𝙞𝙣𝙖 𝙅𝙖𝙘𝙪𝙨𝙨𝙞 𝘼𝙧𝙚𝙖 𝙙𝙚 𝙗𝙧𝙤𝙣𝙘𝙚𝙖𝙙𝙤 𝙘𝙤𝙣 𝙡𝙪𝙢𝙞𝙣𝙖𝙧𝙞𝙖𝙨 𝙃𝙚𝙧𝙢𝙤𝙨𝙤 𝙟𝙖𝙧𝙙𝙞́𝙣 𝘾𝙊𝙉𝘿𝙄𝘾𝙄𝙊𝙉𝙀𝙎 𝙈𝙚𝙨 𝙙𝙚 𝙂𝙖𝙧𝙖𝙣𝙩𝙞́𝙖 𝙈𝙚𝙨 𝙖𝙙𝙚𝙡𝙖𝙣𝙩𝙖𝙙𝙤 𝘾𝙤𝙢𝙞𝙨𝙞𝙤́𝙣 𝙙𝙚 𝙞𝙣𝙢𝙤𝙗𝙞𝙡𝙞𝙖𝙧𝙞𝙖",NO,,703,4,5,4,0,Zorka Alderete,,,,"-17.750875, -63.231674"
c72ceac1f72709f910e9c03df7dace7d,Ultracasas,Alquiler,Casa,,EN CONDOMINIO BARRIO NORTE ALQUILO CASA CON 3 DORMITORIOS,ULTRACASAS,2.000,USD,"CONDOMINIO BARRIO NORTE – CASA EN ALQUILER Zona Norte entre 4to y 5to anillo – Atrás del Mall Las Brisas ¡¡¡Vive en un lindo condominio de la zona norte!!! Disfruta de esta amplia residencia en un condominio exclusivo con lindas áreas comunes, además de la seguridad y comodidad que su familia se merece Cerca de los mejores hoteles, restaurantes del más alto nivel, universidades, supermercados, tiendas comerciales y mucho más Superficie de terreno: 476 mt2 Superficie construida: 280 mt2 Precio: $us  2000 tc Bs 7 Expensas bs 1200 Características: Planta alta: •	Tres dormitorios en suite con baño, vestidor y terrazas, sala de estar y escritorio •	Amplia sala de estar Planta baja: •	Hall de ingreso •	Living comedor •	escritorio •	Baño de visitas •	Cocina comedor de diario •	Despensa y sala de maquinas •	Dependencias de servicio •	Galería •	Churrasquera •	Jardín delantero •	Dos depósitos •	Garaje cubierto para 2 vehículos Casa completamente equipada con lámparas, cortinas, muebles de cocina altos y bajos, roperos y vestidores completos, muebles bajos de baño, aires acondicionados, dos calefones a gas, todos los implementos de piscina Condominio con lindas áreas sociales: dos piscinas, sauna, jacuzzi, jardines, club house con sala de televisión, sala de juegos, gimnasio para mujeres y para varones, seguridad 24 hrs Condiciones de alquiler Un mes de alquiler Un mes de garantía Un mes de comisión 𝓓 𝓸 𝓻 𝓲 𝓼    𝓛 𝓮 𝔂 𝓽 𝓸 𝓷 ✨👩🏻‍💼 Cel📲 591 Asesor inmobiliario Capital Corporación Inmobiliaria https://linktree/dorisunocorp Oficina Av Alemana No 2045 entre 2do y 3er Anillo realtor capitalcorporacioninmobiliaria propiedades bienesraicesenbolivia inmuebles contacto casaenalquiler casas alquileres ZonaNorte santacruz bolivia casaencondominio CondominioBarrioNorte",NO,,280,2,5,3,0,Doris Leyton,,,,"-17.748198, -63.175335"
6a1c95a0b8bb9ce6f7d66fb4bfe4d1da,Ultracasas,Alquiler,Casa,,Av. IBERICA - Barrio LAS PALMAS,ULTRACASAS,8.500,BOB,"𝗖𝗔𝗦𝗔 𝗔𝗠𝗣𝗟𝗜𝗔 En la Zona Residencial de “𝗟𝗔𝗦 𝗣𝗔𝗟𝗠𝗔𝗦” Sobre Av Ibérica, a 100 mt2 de la Av Pirai ▪️𝑷𝑹𝑬𝑪𝑰𝑶: Bs8500 Ideal para Oficinas,  Veterinarias, Notarias,  Guarderías, Consultorios,  Empresas etc 𝐏𝐋𝐀𝐍𝐓𝐀 𝐀𝐋𝐓𝐀 • ⁠2 DORMITORIOS • ⁠1 Baño a compartir • Terraza 𝐏𝐋𝐀𝐍𝐓𝐀 𝐁𝐀𝐉𝐀 ▪️3 DORMITORIOS ( 2 en Suite) • ⁠LivingComedor Amplios • ⁠Amplia Cocina con cajonería alta y baja y comedor de diario 1 Escritorio 1 Baño de Visitas • Lavandería • Patio Trasero • ⁠Patio Interno • ⁠Dependencia de servicio • Garaje para 3 Vehículos • ⁠Amplio Jardin 𝗖𝗢𝗡𝗗𝗜𝗖𝗜𝗢𝗡𝗘𝗦 ▪️𝗔𝗹𝗾𝘂𝗶𝗹𝗲𝗿 𝗔𝗱𝗲𝗹𝗮𝗻𝘁𝗮𝗱𝗼 ▪️𝗚𝗮𝗿𝗮𝗻𝘁𝗶́𝗮 ▪️𝗖𝗼𝗺𝗶𝘀𝗶𝗼́𝗻 𝗜𝗻𝗺𝗼𝗯𝗶𝗹𝗶𝗮𝗿𝗶𝗮 𝑪𝐨𝐧𝐭𝐚𝐜𝐭𝐚𝐦𝐞  📲📲 𝐒𝐎𝐘 𝐂𝐋𝐄𝐘𝐀 𝐌𝐄𝐍𝐀𝐂𝐇𝐎 𝗖𝗲𝗹 𝟳𝟳𝟭𝟲𝟵𝟮𝟯𝟬 𝗔𝘀𝗲𝘀𝗼𝗿𝗮 𝗜𝗻𝗺𝗼𝗯𝗶𝗹𝗶𝗮𝗿𝗶𝗮",NO,,280,5,3,3,0,Cleya Menacho Morón,,,,"-17.79747, -63.213352"
a598bf99c784c2ba71de5efc5425b094,Ultracasas,Alquiler,Casa,,Urubó Golf - Casa en Alquiler o Venta,ULTRACASAS,32.000,BOB,"Casa de Lujo – En Alquiler o Venta 📍 Condominio Urubó Golf Sup Terreno: 787 m2 Sup Construida: 435 m2 • 3 Suites con Balcón, en Planta Alta (1 Master Suite con vestidor y 2 Suites Junior) • 1 Suite en Planta Baja • Amplio Living • Comedor independiente • Baño de Visitas • Cocina equipada con isla • Piscina • Churrasquera • Área de Servicio • Garaje para 2 vehículos",NO,787,435,4,5,2,0,Vania Zelaya Antelo C21,,,,"-17.742863, -63.220345"
dedc450cd6da170eb8c1798f44913db1,Ultracasas,Alquiler,Casa,,CONDOMINIO CIUDAD REAL  CASA EN ALQUILER,ULTRACASAS,2.000,USD,"Condominio Ciudad Real es un conjunto residencial diseñado para ofrecer una vida cómoda y seguraCon una ubicación estratégica Cuenta con una variedad de amenities y servicios  que lo convierten en un lugar ideal para vivir El Inmueble  consta de 4 dormitorios (1 en suite), living, comedor, escritorio, cocina, comedor de diario, galería, sala de tv, churrasquería, area de servicio, lavandería, jardín Area social: piscina exterior, piscina temperada cubierta, sauna seco y sauna a vapor Canchas de tenis, futbol, básquet, racquet, churrasquera, salón de fiestas y parque infantil",NO,,349,4,5,2,0,Rita Alcazar de Quiroga,,,,"-17.773062, -63.201199"
82cd4eac50aa9f050a39c7d412a4c3c4,Ultracasas,Alquiler,Casa,,"Zona Norte
Condominio La Colina",ULTRACASAS,7.500,BOB,"🟡 𝗠𝗼𝗱𝗲𝗿𝗻𝗮 𝗖𝗮𝘀𝗮 🅴🅽 🅰🅻🆀🆄🅸🅻🅴🆁 ▫️ 𝗕𝘀 𝟳,𝟱𝟬𝟬 (ᴄ/ᴇxᴘᴇɴsᴀs) ▫️ ▪️Sup : 296 ▪️Const: 320 ➖ 📍Norte 8vo anillo Pʟᴀɴᴛᴀ Bᴀᴊᴀ ▫️Amplio e iluminado living/comedor ▫️Escritorio ▫️Baño de visitas completo ▫️Cocina  Amoblada c/ isla ▫️Amplia Galería c/Churrasquera ▫️Jardín ▫️Área de lavandería ▫️Dependencias de empleada ▫️Salida de servicio ▫️Jardin interior Pʟᴀɴᴛᴀ Aʟᴛᴀ ▫️1 Suite ▫️2 habitaciones con baño compartido ▫️Amplia Sala de estar 𝗘𝗾𝘂𝗶𝗽𝗮𝗺𝗶𝗲𝗻𝘁𝗼: Aires Acondicionados Cortinas Muebles en Cocina Closets y vestidor 𝗖𝗢𝗡𝗗𝗜𝗖𝗜𝗢𝗡𝗘𝗦: ▪️1 Mes Adelantado ▪️1 Mes de Garantía ▪️Comisión Inmobiliaria ▪️𝗥𝗲𝘀𝗽𝗮𝗹𝗱𝗼𝘀 𝘆 𝗦𝗼𝗹𝘃𝗲𝗻𝗰𝗶𝗮 ▫️ 𝗠𝗔𝗩𝗜𝗦 𝗥𝗜𝗩𝗘𝗥𝗢 ʙʀᴏᴋᴇʀ ᴏᴡɴᴇʀ  𝗜𝗻𝗺𝗼 𝗕𝗿𝗼𝗸𝗲𝗿𝘀 ᴀsᴇsᴏʀᴀ ɪɴᴍᴏʙɪʟɪᴀʀɪᴀ 𝟩𝟪𝟧 𝟨𝟧𝟢𝟢𝟢 ᴡʜᴀᴛsᴀᴘᴘ: bitly/CLCNalq7y5kBsPLext 𝖢𝗈𝗇𝖿𝗂𝖺𝖤𝗇𝖬𝗂𝖤𝗑𝗉𝖾𝗋𝗂𝖾𝗇𝖼𝗂𝖺𝖨𝗇𝗆𝗈𝖻𝗂𝗅𝗂𝖺𝗋𝗂𝖺 @mavisriveroinmo Afiliada a CAINCRUZ",NO,,320,3,4,3,0,Mavis Rivero Serrano,,,,"-17.71232, -63.161709"
3a0e181ad7b534c4cb5a16fcdc616db3,Ultracasas,Alquiler,Casa,,"Las Palmas
Zona Residencial",ULTRACASAS,5.000,USD,"🅰🅻🆀🆄🅸🅻🅴🆁 ᴄᴀsᴀ ᴅᴇ ʟᴜᴊᴏ  ᴅᴇ 4 sᴜɪᴛᴇs Alquiler     💲 5000 📍Las Palmas Av Iberica (Zona Residencial) ▫️ ▪️Terreno: 1077m² ▪️ Const :    562 m² ▫️ 𝗖𝗔𝗥𝗔𝗖𝗧𝗘𝗥Í𝗦𝗧𝗜𝗖𝗔𝗦: ᴘʟᴀɴᴛᴀ ʙᴀᴊᴀ ▫️Recibidor ▫️Amplio y elegante Living Comedor ▫️Escritorio principal ▫️Baño de Visitas ▫️Cocina totalmente Equipada c/diseño Exclusivo ▫️Comedor de diario C/jardín interior ▫️2 Galerias ▫️Churrasquera con Isla ▫️Amplio Jardín con Hermosa vegetación ▫️Piscina privada ▫️Jatata c/ mezanine ▫️Área de Servicios Lavanderia ▫️Dependencias C/ 2 dormitorios, cocina y baño ▫️Depósito ▫️Garage para 4 vehículos ᴘʟᴀɴᴛᴀ ᴀʟᴛᴀ ▫️Sala de estar ▫️Master Suite con vestidor, Baño p y Jacuzzi ▫️3 Suites c/vestidor y baño privado ▫️Baño de visita ▪️ CONDICIONES: 01 Mes adelantado 01 Mes garantía Comisión inmobiliaria ▫️ 𝗠𝗔𝗩𝗜𝗦 𝗥𝗜𝗩𝗘𝗥𝗢 ᴀsᴇsᴏʀᴀ ɪɴᴍᴏʙɪʟɪᴀʀɪᴀ 𝗜𝗻𝗺𝗼 𝗕𝗿𝗼𝗸𝗲𝗿𝘀 𝟩𝟪𝟧 𝟨𝟧𝟢𝟢𝟢 ᴡʜᴀᴛsᴀᴘᴘ: bitly/LPalq3½kYPIB 𝖢𝗈𝗇𝖿𝗂𝖺𝖤𝗇𝖬𝗂𝖤𝗑𝗉𝖾𝗋𝗂𝖾𝗇𝖼𝗂𝖺𝖨𝗇𝗆𝗈𝖻𝗂𝗅𝗂𝖺𝗋𝗂𝖺 @mavisriveroinmo  🟨 🔝🔝🔝🔝🔝🔝 Afiliada a CAINCRUZ   🟩",NO,1077,562,4,5,3,0,Mavis Rivero Serrano,,,,"-17.804264, -63.207832"
2fbda99f02b6eb3f3c9be7da4639e4f4,Ultracasas,Alquiler,Casa,,CONDOMINIO PASEO LOS COCOS,ULTRACASAS,650,USD,"Casa en alquiler en Condominio Paseo los Cocos Consta de: 3 dormitorios (1 en suite), living comedor, sala de tv, cocina equipada, galería, jardín, lavandería Area social: Piscina, churrasquera, salón de fiesta y parque infantil",NO,,156,3,3,2,0,Rita Alcazar de Quiroga,,,,"-17.816874, -63.235878"
07fc9373279a264346496068efbf50c6,Ultracasas,Alquiler,Casa,,"Zona Norte
Condominio Florencia 
(6to anillo)",ULTRACASAS,7.000,BOB,"🅰🅻🆀🆄🅸🅻🅴🆁 ᴄᴀsᴀ ᴅᴇ 3 ᴅᴏʀᴍɪᴛᴏʀɪᴏs ▫️ 𝗕𝘀  𝟳,𝟬𝟬𝟬 (ᴇxᴘ ɪɴᴄʟᴜɪᴅᴀs) 📍Norte ( 6to ᴀɴɪʟʟᴏ ) 𝗖𝗢𝗡𝗗𝗢𝗠𝗜𝗡𝗜𝗢 𝗙𝗟𝗢𝗥𝗘𝗡𝗖𝗜𝗔 ▫️ ▪️Terreno: 280m² ▪️ Const :  280 m² (Entrega Agosto) ▫️ 𝗖𝗔𝗥𝗔𝗖𝗧𝗘𝗥Í𝗦𝗧𝗜𝗖𝗔𝗦: ᴘʟᴀɴᴛᴀ ʙᴀᴊᴀ ▫️Recibidor ▫️Living Comedor ▫️Cocina Amoblada ▫️Baño de Visitas ▫️Galería ▫️Elegabte Churrasquera ▫️Jardín ▫️Área de Servicios Lavanderia, cuarto de Servicio y baño ᴘʟᴀɴᴛᴀ ᴀʟᴛᴀ ▫️Sala de estar ▫️Suite con vestidor y Baño con Box ▫️2 Suite Jr Á𝗥𝗘𝗔𝗦 𝗖𝗢𝗠𝗨𝗡𝗘𝗦: Piscina, Churrasquera con Área cubierta , parque infantil CONDICIONES: 01 Mes adelantado 01 Mes garantía Comisión inmobiliaria ▫️ 𝗠𝗔𝗩𝗜𝗦 𝗥𝗜𝗩𝗘𝗥𝗢 ʙʀᴏᴋᴇʀ ᴏᴡɴᴇʀ  𝗜𝗻𝗺𝗼 𝗕𝗿𝗼𝗸𝗲𝗿𝘀 ᴀsᴇsᴏʀᴀ ɪɴᴍᴏʙɪʟɪᴀʀɪᴀ 𝟩𝟪𝟧 𝟨𝟧𝟢𝟢𝟢 ᴡʜᴀᴛsᴀᴘᴘ: bitly/Fl15alq7kBsLP 𝖢𝗈𝗇𝖿𝗂𝖺𝖤𝗇𝖬𝗂𝖤𝗑𝗉𝖾𝗋𝗂𝖾𝗇𝖼𝗂𝖺𝖨𝗇𝗆𝗈𝖻𝗂𝗅𝗂𝖺𝗋𝗂𝖺 @mavisriveroinmo Afiliada a CAINCRUZ",NO,280,280,3,5,3,0,Mavis Rivero Serrano,,,,"-17.734886, -63.165173"
c514df48e3fd969ca649826b2b85d79e,Ultracasas,Alquiler,Casa,,URBANIZACION LA HACIENDA 2,ULTRACASAS,1.500,USD,"CASA EN ALQUILER  URBANIZACIÓN LA HACIENDA 2  Esta hermosa casa está ubicada en la Zona Norte 5 to anillo y  cuenta con: 4 dormitorios, ambientes amplios y cómodos ,Piscina,Churrasquera con horno de barro Área social espectacular con piscina semi olímpica cubierta, canchas , gimnasio,salón de fiestas , parque infantil  y churrasqueras",NO,,300,4,4,2,0,Rita Alcazar de Quiroga,,,,"-17.740339, -63.16259"
5fa3c57e1a0f4a722d681ea80cc43d7f,Ultracasas,Alquiler,Casa,,"📍 Av. Banzer y 4to anillo, al lado de Las Brisas - CONDOMINIO BARRIO  NORTE",ULTRACASAS,3.000,USD,"🏠Hermosa Casa Amoblada en Alquiler en Condominio Barrio Norte 📍 Av Banzer y 4to anillo, al lado de Las Brisas 💵Precio de alquiler de Bs 21000 (expensas Bs 1126) 📐Sup 356,07m2 ✨PLANTA BAJA Living Comedor Cocina con comedor de Diario Patio Interno Jardín Churrasquera Piscina Habitación para Huéspedes ✨PLANTA ALTA Escritorio Master Suite con terraza, vestidor y jacuzzi Dos dormitorios Baño a compartir SEGUNDO PISO Depósito Cuarto de Servicio con Baño Lavandería ✔️Áreas sociales completas Si quieres más información de esta casa que combina lujo, comodidad y una ubicación privilegiada, Contáctame 📲",NO,,509,3,6,2,0,JANINA SOLAR /FELIPE MIDDAGH,,,,"-17.748116, -63.176022"
01feadb4302d537c6097af71788131b8,Ultracasas,Alquiler,Casa,,Cuarto Anillo y Av. Cañada El Carmen,ULTRACASAS,2.000,USD,"Amplia casa en alquiler para empresa o negocio sobre Cuarto Anillo Residencia con 3 dormitorios, 2 baños, sala comedor y cocina en una planta Área de servicio con dos dormitorios Galpón con techo de losa de 8 m x 12 m Amplio patio delantero de 20 m x 24 m Todos los servicios básicos incluyendo gas domiciliario Ubicada sobre Cuarto Anillo entre Av Leonardo DaVinci y Av Cañada El Carmen Ideal para su negocio Llamar Cel",NO,,220,5,4,7,0,Rodrigo F,,,,"-17.808626, -63.156361"
bb4c7061ed66ed8c94ba81cdc164d01d,Ultracasas,Alquiler,Casa,,CONDOMINIO BAVARIA ALQUILÓ CASA,ULTRACASAS,8.500,BOB,"Casa en alquiler en Zona Norte Condominio Bavaria Consta de: 3 dormitorios todos en suite, living, comedor, comedor de diario , escritorio, galería, churrasquera, area de servicio, lavandería, garaje Area social: piscina, canchas y parque infantil",NO,,350,3,4,2,0,Rita Alcazar de Quiroga,,,,"-17.71295, -63.165077"
483ebd20676903127940b1d9ae7d700f,Ultracasas,Alquiler,Casa,,"𝗖𝗼𝗻𝗱𝗼𝗺𝗶𝗻𝗶𝗼 𝗦𝗮𝗻𝘁𝗮 𝗖𝗿𝘂𝘇 𝗹𝗮 𝗩𝗶𝗲𝗷𝗮
𝗨𝗥𝗨𝗕𝗢",ULTRACASAS,2.600,USD,"𝗛𝗘𝗥𝗠𝗢𝗦𝗔 𝗖𝗔𝗦𝗔 𝗗𝗘 𝗟𝗨𝗝𝗢! 🅴🅽 🅰🅻🆀🆄🅸🅻🅴🆁 ▫️ $𝟮𝟲𝟬𝟬 (ɪɴᴄʟᴜʏᴇ ᴇxᴘᴇɴsᴀs) ▫️ ▪️ Terreno: 450 m² ▪️ Const:   474 m² ➖️ 📍 Cᴏɴᴅᴏᴍɪɴɪᴏ Sᴀɴᴛᴀ Cʀᴜᴢ Lᴀ Vɪᴇᴊᴀ  URUBÓ Pʟᴀɴᴛᴀ Bᴀᴊᴀ ▫️Amplio y moderno livingcomedor con vista panorámica ▫️Una Habitación de huespedes independiente y acceso a toda la casa ▫️Elegante Cocina c/Isla  central, mesones de cuarzo blanco, amoblada ▫️Amplio Escritorio (o habitación) ▫️Baño visitas completo ▫️Hermosa Galeria c/ churrasquera en desnivel ▫️Piscina privada ▫️Área de servicio ▫️2 Amplios depósitos ▫️Garaje Techado p/4 vehículos Pʟᴀɴᴛᴀ Aʟᴛᴀ ▫️1 Master Suite c/vestidor, baño privado ▫️2 Suites Jr c/baño priv y closet empotrado ▫️ Sala Tv ▫️ Balcónes 𝗖𝗼𝗻𝗱𝗶𝗰𝗶𝗼𝗻𝗲𝘀: ▪️1 Mes adelantado ▪️1 Mes de Garantía ▪️ Comisión inmobiliaria ▪️Respaldos y solvencia ▪️ ▫️Seguridad 24 hrs ▫️Acabado, material y muebles de primera calidad ▫️Griferia Kolher y kraus 𝙀𝙌𝙐𝙄𝙋𝘼𝙈𝙄𝙀𝙉𝙏𝙊: ▫️Muebles de Cocina ▫️Muebles y box de baño ▫️Muebles de closets y vestidor ▫️Aires acondicinados ▫️Calefón 🏖️🌴𝗔𝗥𝗘𝗔𝗦 𝗦𝗢𝗖𝗜𝗔𝗟𝗘𝗦: ▫️Areas verdes y parques infantiles ▫️Salón cerrado para eventos ▫️Galerías abiertas y Churrasquera ▫️Piscinas ▫️Gimnasio ▫️Cancha de racquet ▫️Cancha de césped fútbol7 ▫️Cancha Polifuncional ▫️Cancha de tenis ▫️Todos los servicios básicos (Luz, agua, alcantarillado, gas domiciliario, internet, Tv Cable, etc) 𝗖𝗢𝗡𝗗𝗜𝗖𝗜𝗢𝗡𝗘𝗦: ▪️1 Mes Adelantado ▪️1 Mes de Garantía ▪️Comisión Inmobiliaria ▪️𝗥𝗲𝘀𝗽𝗮𝗹𝗱𝗼𝘀 𝘆 𝗦𝗼𝗹𝘃𝗲𝗻𝗰𝗶𝗮 ▫️ 𝗠𝗔𝗩𝗜𝗦 𝗥𝗜𝗩𝗘𝗥𝗢 ᴀsᴇsᴏʀᴀ ɪɴᴍᴏʙɪʟɪᴀʀɪᴀ 𝗜𝗻𝗺𝗼 𝗕𝗿𝗼𝗸𝗲𝗿𝘀 𝟩𝟪𝟧 𝟨𝟧𝟢𝟢𝟢 ᴡʜᴀᴛsᴀᴘᴘ: bitly/Sclvalq2y6kAMext 𝖢𝗈𝗇𝖿𝗂𝖺𝖤𝗇𝖬𝗂𝖤𝗑𝗉𝖾𝗋𝗂𝖾𝗇𝖼𝗂𝖺𝖨𝗇𝗆𝗈𝖻𝗂𝗅𝗂𝖺𝗋𝗂𝖺 @mavisriveroinmo Afiliada a CAINCRUZ",NO,450,480,4,5,4,0,Mavis Rivero Serrano,,,,"-17.760662, -63.233295"
448edff6dcfad2e7489d174ad246ab15,Ultracasas,Alquiler,Casa,,BARRIO SIRARI CALLE LOS CLAVELES,ULTRACASAS,1.300,USD,"Casa en alquiler en Barrio Sirari Calle los Claveles Consta de: Hall de ingreso, jardín delantero, living, comedor, cocina comedor, baño de visitas, galería, churrasquera, area de servicio, lavandería, patio y jardín trasero y garaje Planta alta: 4 dormitorios (1 en suite), sala de tv, baño compartido y terraza",NO,,280,4,2,2,0,Rita Alcazar de Quiroga,,,,"-17.766439, -63.203838"
bbf6efd28f6187be0a335510a975c78e,Ultracasas,Alquiler,Casa,,"📍 Ubicación: Zona Alto Las Palmas, Oeste – 6º Anillo Av. Piraí",ULTRACASAS,9.000,USD,🔹 EN ALQUILER HERMOSA Y AMPLIA CASA INDEPENDIENTE 🔹 🏡 Características de la Casa: ✔ Superficie del terreno: 580 m² (en esquina) ✔ Superficie construida: 320 m² Planta Baja: ✔ Amplio livingcomedor con aire acondicionado (integrado a las galerías con churrasquera) ✔ Cocina concepto abierto ✔ Baño de visitas ✔ 1 suite con aire acondicionado Planta Alta: ✔ 3 dormitorios muy amplios (opción de 2 dormitorios  1 escritorio) ✔ Baño compartido ✔ Balcón 🌟 Características Adicionales: ✔ 3 cuartos de dependencias de servicio con baño ✔ Hermoso jardín ✔ 2 garajes con portón automático 📩 ¡Contáctanos para más información y agenda tu visita!,NO,580,320,4,4,3,0,Hector Rodriguez,,,,"-17.811804, -63.233883"
bd8db22ead46585ce3d8594ba16a0075,Ultracasas,Alquiler,Casa,,"URUBÓ 
Condominio Santa Cruz la Vieja",ULTRACASAS,10.500,BOB,"🟡 𝗨𝗥𝗨𝗕𝗢́ 𝗖𝗔𝗦𝗔 🅴🅽 🅰🅻🆀🆄🅸🅻🅴🆁 ▫️ $ 𝟭,𝟱𝟬𝟬 (ᴄ/ ᴇxᴘ  sɪɴ ᴍᴜᴇʙʟᴇs) ▫️ ▪️ Terreno: 450 m² ▪️ Const:   340 m² ➖️➖️➖️➖️➖️➖️ 📍 Cᴏɴᴅᴏᴍɪɴɪᴏ Sᴀɴᴛᴀ Cʀᴜᴢ Lᴀ Vɪᴇᴊᴀ  URUBÓ Pʟᴀɴᴛᴀ Bᴀᴊᴀ ▫️Recibidor ▫️Living privado ▫️Amplio Comedor ▫️Cocina Integrada c/Desayunador ▫️Baño visitas ▫️Amplia Galeria c/ churrasquera ▫️Un Garzonier independiente para huespedes ▫️Areas de Servicio y c/ dependencias ▫️Depósito ▫️Garaje  p/2 vehículos Pʟᴀɴᴛᴀ Aʟᴛᴀ ▫️1 Master Suite c/vestidor, baño privado y Terraza ▫️1 Suite Jr c/baño priv y closet empotrado ▫️1 Dormitorio c/closet ▫️Baño a compartir ▫️ Sala Tv ▫️Seguridad 24 hrs 𝙀𝙌𝙐𝙄𝙋𝘼𝙈𝙄𝙀𝙉𝙏𝙊: ▫️Muebles de Cocina ▫️Muebles y box de baño ▫️Muebles de closets y vestidor ▫️Aires acondicinados ▫️Calefón 🏖️🌴𝗔𝗥𝗘𝗔𝗦 𝗦𝗢𝗖𝗜𝗔𝗟𝗘𝗦: ▫️Areas verdes y parques infantiles ▫️Salón cerrado para eventos ▫️Galerías abiertas y Churrasquera ▫️Piscinas ▫️Gimnasio ▫️Cancha de racquet ▫️Cancha de césped fútbol7 ▫️Cancha Polifuncional ▫️Cancha de tenis ▫️Todos los servicios básicos (Luz, agua, alcantarillado, gas domiciliario, internet, Tv Cable, etc) 𝗖𝗢𝗡𝗗𝗜𝗖𝗜𝗢𝗡𝗘𝗦: ▪️1 Mes Adelantado ▪️1 Mes de Garantía ▪️Comisión Inmobiliaria ▪️𝗥𝗲𝘀𝗽𝗮𝗹𝗱𝗼𝘀 𝘆 𝗦𝗼𝗹𝘃𝗲𝗻𝗰𝗶𝗮 ▫️ 𝗠𝗔𝗩𝗜𝗦 𝗥𝗜𝗩𝗘𝗥𝗢 ᴀsᴇsᴏʀᴀ ɪɴᴍᴏʙɪʟɪᴀʀɪᴀ 𝗜𝗻𝗺𝗼 𝗕𝗿𝗼𝗸𝗲𝗿𝘀 𝟩𝟪𝟧 𝟨𝟧𝟢𝟢𝟢 ᴡʜᴀᴛsᴀᴘᴘ: bitly/Sclvalq10y5kBsEM 𝖢𝗈𝗇𝖿𝗂𝖺𝖤𝗇𝖬𝗂𝖤𝗑𝗉𝖾𝗋𝗂𝖾𝗇𝖼𝗂𝖺𝖨𝗇𝗆𝗈𝖻𝗂𝗅𝗂𝖺𝗋𝗂𝖺 @mavisriveroinmo Afiliada a CAINCRUZ",NO,450,340,3,5,2,0,Mavis Rivero Serrano,,,,"-17.758698, -63.236275"
c116d1273b1c3102d1c001ecf54d5f8d,Ultracasas,Alquiler,Casa,,Equipetrol frente Ventura Mall,ULTRACASAS,,,"📌Zona Equipetrol Norte Casa en Alquiler, Excelente ubicación ✅3 habitaciones ✅Master suite con vestidor amplio y cómodo ✅Escritorio ✅ Sala de estar ✅Patio con galería y churrásquera ✅Área de servicio",NO,,240,3,4,2,0,,,,,"-17.772846, -63.185444"
473d7dea93021625d8323b63c3aae24f,Ultracasas,Alquiler,Casa,,Cond. La Colina Av. Banzer y 8vo anillo,ULTRACASAS,,,"Linda casa en alquiler Cond Cerrado La Colina 3 dormitorios en suite Cocina c/comedor de diario Living, comedor Escritorio Sala de TV Área de servicio Galería, churrasquera y piscina",NO,,360,3,5,2,0,,,,,"-17.745899, -63.195507"
f3657eabd238e2e4891e3ec3bf172274,Ultracasas,Alquiler,Casa,,Cond. Barrio Norte Hermosa Casa en Alquiler,ULTRACASAS,,,"CASA EN ALQUILER EN URBANIZACION BARRIO NORTE URBANIZACION BARRIO NORTE , Norte, Santa Cruz Hermosa casa en alquiler, ubicada en Urbanización Barrio Norte Consta de: 4 Dormitorios ( todos suite),living, comedor, sala de tv, escritorio, comedor del diario, cocina, galería, Churrasquera, jardín, área de servicio y lavandería Área Social con: gimnasio, parque infantil, canchas, salón de fiestas, Churrasquera, sauna",NO,,512,4,6,2,0,,,,,"-17.745899, -63.195507"
c2f9a42515902f2603506536c26a7cd2,Ultracasas,Alquiler,Casa,,"Cond. La Hacienda I, 5to. Anillo entre Av. Banzer y Av. Beni",ULTRACASAS,,,"✨𝙃𝙀𝙍𝙈𝙊𝙎𝘼 𝘾𝘼𝙎𝘼 𝙀𝙉 𝘼𝙇𝙌𝙐𝙄𝙇𝙀𝙍✨ 📍𝘾𝙊𝙉𝘿 𝙇𝘼 𝙃𝘼𝘾𝙄𝙀𝙉𝘿𝘼 𝙄, 5𝙏𝙊 𝘼𝙉𝙄𝙇𝙇𝙊 𝙀𝙉𝙏𝙍𝙀 𝘼𝙑 𝘽𝘼𝙉𝙕𝙀𝙍 𝙔 𝘼𝙑 𝘽𝙀𝙉𝙄, 𝙕𝙊𝙉𝘼 𝙉𝙊𝙍𝙏𝙀 Planta Baja: ➤Cocina con mueblería alta y baja con espacio de comedor ➤Living comedor con aire central ➤Baño de visita ➤Espacio para escritorio con mueble empotrado ➤Galería techada ➤Churrasquera ➤2 depósitos ➤Área de servicio con baño Planta Alta: ➤1 dormitorio en suite con vestidor y baño ➤ 3 dormitorios con baño compartido ➤Sala de tv ✔Áreas sociales: Amplias áreas verdes, gimnasio, piscina, parque infantil, cancha de fútbol y seguridad 24 Hrs 💰Precio alquiler: 10000 Bs (incluye expensas)",NO,,270,4,3,1,0,,,,,"-17.76318, -63.201618"
31f43e8330954f34daa3c2821d32d855,Ultracasas,Alquiler,Casa,,LAS PAMPITAS,ULTRACASAS,3.000,BOB,"Hermosa Casa 2 plantas 3 dormi1 es suite todas con balcones 3 baños 2 con agua caliente living comedor amplio, cocina con mesones de granito chiquitano estilo americano con 1 isla al medio gas domiciliario lavanderia instalación para lavadora ventanas de blindex garaje para 3 vehículos sobre asfalto en excelente estado a 4 cuadras de bancos mercado y supermercados colegios",NO,,180,3,3,3,0,,,,,"-17.76454, -63.122231"
12174c1c3461da2f5a959c274a3ff9e4,Ultracasas,Alquiler,Casa,,Bosques de la colina,ULTRACASAS,1.700,USD,"BOSQUES DE LA COLINA PROPIETARIO CASA EN ALQUILER COMPLETAMENTE AMOBLADA 1700$ ALQUILER TIPO DE CAMBIO OFICIAL 350mts2 de terreno 220 mts2 Construidos Casa en Isla (No comparte paredes con los vecinos) – PLANTA BAJA: ENTRADA RECIBIDOR, COCINA EQUIPADA CON MUEBLERÍA DE LUJO, COCINA Y EXTRACTOR y HORNO EMPOTRADOS, LIVING DE CUERO COMEDOR PARA 10 PERSONAS, AMPLIA GALERÍA, DEPENDENCIA DE EMPLEADA CON CAMA Y LAVANDERIA CON LAVADORA, AMPLIO JARDÍN, ÁREA DE LAVADO TECHADA, DEPENDENCIA DE EMPLEADA COMPLETAS CON BAÑO – PLANTA ALTA: SALA FAMILIAR, 1 SUITE CON CAMA DE 3 PLAZAS Y MEDIA, ROPERO Y CON AMPLIO VESTIDOR Y BAÑO, 2 DORMITORIOS CON CAMAS DE 2 PLAZAS CON BAÑO COMPARTIDO, SALA DE TV  TODOS LOS AMBIENTES CON AIRES ACONDICIONADOS, AIRES ACONDICIONADOS, ILUMINACIÓN LED  ÁREAS SOCIALES DEL CONDOMINIO: LAGUNA y BOSQUECILLO, 4 PARRILLEROS EQUIPADOS CON TELES, REFRIGERADORES, MESAS, 4 PISCINAS INCLUYENDO PARQUE ACUÁTICO PARA NIÑOS EQUIPADO, JACUZZI PARA 20 PERSONAS, 2 SAUNAS, CANCHAS DE PASTO NATURAL, CANCHAS MULTIFUNCIONALES, VARIOS PARQUES DE NIÑOS, GIMNASIO CERRADO Y GIMNASIO ABIERTO DE CALISTENIA  PROPIETARIO Ubicación: https://googl/maps/3378EaqCQ8TbqFsY8 WHATSAPP: https://wame/591",SI,,220,3,4,3,0,Daniel Ortuño,,,,"-17.702536, -63.189293"
0b32188d4d13292978146f3fd2c871c2,Ultracasas,Alquiler,Casa,,Equipetrol Norte frente Mall Ventura,ULTRACASAS,,,"Linda casa alquiler con excelente ubicación Ideal para vivienda u oficina 3 dormitorios (1 en suite) Escritorio Sala de estar Living, comedor Área de servicio Churrasquera",NO,,240,3,4,2,0,,,,,"-17.772846, -63.185444"
8e40c4e60e9558bc89906a0e523dffe9,Ultracasas,Alquiler,Casa,,INMUEBLE EN ALQUILER PARA OFICINAS Y/O DEPOSITO [CALLE LIBERTAD A 1 1/2 CUADRA DE LA PLAZA PRINCIPAL],ULTRACASAS,4.000,BOB,"Alquilo Inmueble para oficinas y/o depósito – Zona Centro (a 1 1/2 cuadra de la Plaza Principal), acceso independiente por calle Libertad Cuenta con 4 oficinas, 3 mezanines, 1 baño y ambiente amplio común Ideal para empresas, instituciones, consultoras o almacenamiento Bs 4000, facturado (No para uso de vivienda, solo oficinas o depósito)",NO,,101,4,1,0,0,Joaquín Medina Bowles,,,,"-17.781065, -63.182842"
272eac9c59b2ce234337281d0e93f722,Ultracasas,Alquiler,Casa,,🏡 ALQUILO HERMOSA CASA DE 2 PLANTAS – 3 SUITES,ULTRACASAS,,,"📍 Zona Oeste, Radial 17½ entre 5º y 6º Anillo – Santa Cruz de la Sierra 📐 DETALLES DEL INMUEBLE: Terreno: 280 m²  Construcción: 160 m² 🛋️ AMBIENTES: ✔ Amplia sala comedor con aire acondicionado ✔ Galería con churrasquera ✔ Cocina cerrada con blindex y muebles altos y bajos ✔ Baño de visitas ✔ 3 habitaciones en suite con baño privado, roperos y balcones (la suite principal con a/c) ✔ Sala de estar ✔ Dependencias de servicio ✔ Patio posterior 🚗 EXTERIORES: ✔ Garaje para 2 vehículos 📲 Contáctanos y agenda tu visita hoy mismo",NO,280,160,3,4,2,0,,,,,"-17.76565, -63.14994"
8f15635c73b3630a988ae51f05e7a921,Ultracasas,Alquiler,Casa,,ZONA DE LA UDABOL AMPLIA CASA EN ALQUILER PARA OFICINAS,ULTRACASAS,8.500,BOB,IDEAL PARA EMPRESA – ALQUILO CASA ENTRE LA AV BUSCH Y RADIAL 23 Zona Norte entre 3er y 4to anillo – Zona Udabol Precio de alquiler Bs 8500 c/factura Sup terreno: 280 m2 Sup construida: 260 m2 DESCRIPCION Planta baja: Dos dormitorios Baño compartido Living comedor Jardín interior Cocina Lavandería Deposito Galería Churrasquera Jardín posterior Garaje para 2 vehículos Planta alta: Un dormitorio con baño privado Condiciones de alquiler Un mes de alquiler Un mes de garantía Un mes comisión inmobiliaria 𝓓 𝓸 𝓻 𝓲 𝓼    𝓛 𝓮 𝔂 𝓽 𝓸 𝓷 ✨👩🏻‍💼 Cel📲 591 Asesor inmobiliario CAPITAL Corporación Inmobiliaria Oficina Av Alemana No 2045 entre 2do y 3er Anillo capitalcorporacioninmobiliaria casas propiedades bienesraicesenbolivia inmuebles alquiler Casaparaoficina oficina equipetrol alquilerparaoficinas zonanorte santacruz bolivia seguidores  empresas contacto,NO,280,50,3,3,2,0,Doris Leyton,,,,"-17.764784, -63.201496"
07346d9eb03e9010e15473a2efcf0c18,Ultracasas,Alquiler,Casa,,COND. SEVILLA LOS JARDINES,ULTRACASAS,,,"💫CASA TOTALMENTE AMOBLADA Y EQUIPADA EN ALQUILER💫 📍COND SEVILLA LOS JARDINES ▪︎ 3 dormitorios (1 en suite) ▪︎ Sala de TV ▪︎ ⁠Cocina ▪︎ ⁠Comedor de diario ▪︎ Living comedor ▪︎ ⁠Patio ▪︎ Dependencia completa ▪︎ Garaje para 2 vehículos ▪︎ Alquiler: 7000 Bs, (incluye factura)  400 Bs de expensas ▪︎ ⁠2 meses de garantía",NO,,230,3,3,2,0,,,,,"-17.695917, -63.13559"
13f8e2011685cd55c9290f796a9fac5f,Ultracasas,Alquiler,Casa,,Sirari,ULTRACASAS,11.000,BOB,"CASA EN ALQUILER PARA OFICINA 📍 Barrio Sirari – Calle Las Azucenas Superficie construida: 321,62 m² Precio: Bs 11000 ¿Buscás oficinas amplias en una ubicación estratégica? Esta propiedad se encuentra en una de las zonas más cotizadas de la ciudad, rodeada de empresas, centros médicos y estudios profesionales Ideal para proyectar una imagen corporativa sólida y funcional Características destacadas: Garaje techado para 2 vehículos Ingreso con chapa eléctrica Primer ambiente: • Sala de recepción o espacio común amplio • 3 oficinas privadas con muebles • 2 baños • Cocina equipada con mueblería alta y baja, heladera y cocina • Patio posterior con churrasquera • Área de servicio o depósito con baño Segundo ambiente (planta alta): • 4 oficinas adicionales • 1 baño Ideal para: Consultoras  Estudios Jurídicos  Firmas Contables  Oficinas Corporativas  Centros Médicos A G E N D A  T U  V I S I T A Kathia Hurtado  C21 Deluxe",NO,,322,7,3,2,0,Kathia Hurtado Ortiz,,,,"-17.763264, -63.201546"
63bb5733e95d03a8526ff42b6bda9b0f,Ultracasas,Alquiler,Casa,,Av. Roca Coronado 3er anillo- frente a la Feria exposición,ULTRACASAS,,,"𝑪𝑨𝑺𝑨 𝑷/𝑽𝑰𝑽𝑰𝑬𝑵𝑫𝑨 𝑶 𝑬𝑴𝑷𝑹𝑬𝑺𝑨 𝑬𝑵 𝑨𝑳𝑸𝑼𝑰𝑳𝑬𝑹 !!! 𝑷𝑹𝑬𝑪𝑰𝑶: 𝑩𝒔 9500 4 𝑫𝑶𝑹𝑴𝑰𝑻𝑶𝑹𝑰𝑶𝑺  1 𝑬𝒔𝒄𝒓𝒊𝒕𝒐𝒓𝒊𝒐 𝑨𝒗 𝑹𝒐𝒄𝒂 𝑪𝒐𝒓𝒐𝒏𝒂𝒅𝒐 3𝒆𝒓 𝑨𝒏𝒊𝒍𝒍𝒐( 𝑽𝒊𝒍𝒍𝒂 𝑴𝒆𝒓𝒄𝒆𝒅𝒆𝒔) Sup Terr 237 mt2 SupConst 280 m2 𝑷𝑳𝑨𝑵𝑻𝑨 𝑩𝑨𝑱𝑨 Living comedor amplios 1 Escritorio 2 DORMITORIOS con Roperos Empotrados 1 Baño compartido Sala de Estar Cocina con muebles altos y bajos, con Campana Extractora, amplio espacio para comedor de diario Dependencia de servicio con su baño Área de lavandería Garaje para 3 vehículos Portones a control Remoto 𝑷𝑳𝑨𝑵𝑻𝑨 𝑨𝑳𝑻𝑨 2 DORMITORIOS con Balcones,  roperos empotrados y Aires acondicionados 1 Baño 𝐂𝐎𝐍𝐃𝐈𝐂𝐈𝐎𝐍𝐄𝐒 Alquiler Adelantado Garantía Comisión Inmobiliaria 𝑪𝒐𝒏𝒕𝒂́𝒄𝒕𝒂𝒎𝒆 𝑺𝒐𝒚 𝑪𝑳𝑬𝒀𝑨 𝑴𝑬𝑵𝑨𝑪𝑯𝑶 𝑨𝒔𝒆𝒔𝒐𝒓𝒂 𝑰𝒏𝒎𝒐𝒃𝒊𝒍𝒊𝒂𝒓𝒊𝒂 𝑪𝒆𝒍",NO,,280,3,3,3,0,,,,,"-17.797636, -63.213371"
a9cbf477a76250f3fba417e7032ef73a,Ultracasas,Alquiler,Casa,,"Zona Norte, 8vo. Anillo, Cond. Jardines del Norte IV",ULTRACASAS,,,"✨𝙃𝙀𝙍𝙈𝙊𝙎𝘼 𝘾𝘼𝙎𝘼 𝘿𝙀 𝙇𝙐𝙅𝙊 𝙎𝙀𝙈𝙄 𝘼𝙈𝙊𝘽𝙇𝘼𝘿𝘼 𝙔 𝘾𝙊𝙉 𝙋𝙄𝙎𝘾𝙄𝙉𝘼 𝙀𝙉 𝘼𝙇𝙌𝙐𝙄𝙇𝙀𝙍✨ 📍𝘾𝙤𝙣𝙙𝙤𝙢𝙞𝙣𝙞𝙤 𝙅𝙖𝙧𝙙𝙞𝙣𝙚𝙨 𝙙𝙚𝙡 𝙉𝙤𝙧𝙩𝙚 𝙄𝙑 Características: 1 Master suite con vestidor, baño privado y balcón 2  Junior suite con vestidor y baño privado Sala de TV equipada y amoblada Hermoso hall de ingreso y Living/Comedor completamente equipado Escritorio o habitación de huéspedes Amplia cocina con muebles y despensa Comedor diario Churrasquera Amplio jardín con Piscina temperada y cascada ⁠Jardín exterior Dependencia de servicio con baño Área de lavandería y patio para tendedero de ropa (con lavadora/secadora) Garaje para 4 Vehículos Áreas sociales: Salón de eventos, gimnasio, saunas, piscinas, parque infantil, sala de cine, canchas de fútbol, basquetbol y tenis Alquiler: $us 4000 (incluye expensas y piscinero) Superficie Terreno: 583 m2 Superficie Construcción: 384 m2",NO,583,384,3,3,4,0,,,,,"-17.710783, -63.163235"
072adc42549d77f2bf1fd27d18e8e70e,Ultracasas,Alquiler,Casa,,A 3 MINUTOS DEL PUENTE URUBO,ULTRACASAS,,,"𝐇𝐄𝐑𝐌𝐎𝐒𝐀 𝐂𝐀𝐒𝐀 𝐀 𝐄𝐒𝐓𝐑𝐄𝐍𝐀𝐑 𝐄𝐍 𝐀𝐋𝐐𝐔𝐈𝐋𝐄𝐑 𝐄𝐍 𝐄𝐍 𝐄𝐋 𝐔𝐑𝐔𝐁𝐎 📍𝐙𝐨𝐧𝐚: 𝐔𝐑𝐔𝐁𝐎  𝐚 𝐩𝐨𝐜𝐨𝐬 𝟒 𝐦𝐢𝐧𝐮𝐭𝐨𝐬 𝐝𝐞𝐥 𝐩𝐮𝐞𝐧𝐭𝐞 💰𝐀𝐋𝐐𝐔𝐈𝐋𝐄𝐑: 𝟒𝟔𝟎𝟎 𝐛𝐬 𝐂𝐨𝐧𝐬𝐭𝐚 𝐝𝐞: 𝟑 𝐝𝐨𝐫𝐦𝐢𝐭𝐨𝐫𝐢𝐨𝐬 (𝐮𝐧𝐚 𝐬𝐮𝐢𝐭𝐞) 𝐒𝐚𝐥𝐚 𝐝𝐞 𝐬𝐭𝐚𝐫 𝐋𝐢𝐯𝐢𝐧𝐠𝐜𝐨𝐦𝐞𝐝𝐨𝐫 𝐂𝐨𝐜𝐢𝐧𝐚 𝐢𝐧𝐝𝐞𝐩𝐞𝐧𝐝𝐢𝐞𝐧𝐭𝐞 𝐜𝐨𝐧 𝐜𝐚𝐣𝐨𝐧𝐞𝐫𝐢𝐚 𝐚𝐥𝐭𝐚/𝐛𝐚𝐣𝐚, 𝐞𝐱𝐭𝐫𝐚𝐜𝐭𝐨𝐫 𝐲 𝐡𝐨𝐫𝐧𝐨 𝐀́𝐫𝐞𝐚 𝐝𝐞 𝐥𝐚𝐯𝐚𝐝𝐨𝐫𝐚 𝐲 𝐥𝐚𝐯𝐚𝐧𝐝𝐞𝐫𝐢́𝐚 𝐆𝐚𝐥𝐞𝐫𝐢́𝐚 𝐭𝐚𝐜𝐡𝐚𝐝𝐚 𝐜𝐨𝐧 𝐦𝐮𝐞𝐛𝐥𝐞𝐬 𝐚 𝐦𝐞𝐝𝐢𝐝𝐚 𝐆𝐚𝐫𝐚𝐣𝐞 𝐩𝐚𝐫𝐚 𝟐 𝐯𝐞𝐡𝐢́𝐜𝐮𝐥𝐨𝐬 𝐜𝐨𝐧 𝐩𝐨𝐫𝐭𝐨́𝐧 𝐞𝐥𝐞́𝐜𝐭𝐫𝐢𝐜𝐨 𝐂𝐎𝐍𝐃𝐈𝐂𝐈𝐎𝐍𝐄𝐒: 𝐌𝐞𝐬 𝐝𝐞 𝐠𝐚𝐫𝐚𝐧𝐭𝐢́𝐚 𝐌𝐞𝐬 𝐚𝐝𝐞𝐥𝐚𝐧𝐭𝐚𝐝𝐨 𝐂𝐨𝐦𝐢𝐬𝐢𝐨́𝐧 𝐝𝐞 𝐢𝐧𝐦𝐨𝐛𝐢𝐥𝐢𝐚𝐫𝐢𝐚",NO,,180,3,3,2,0,,,,,"-17.753408, -63.228668"
b38680a9a9de955e04e1bcd303a62156,Ultracasas,Alquiler,Casa,,Zona norte entre 6to. Anillo y Av. Banzer,ULTRACASAS,,,✨𝑯𝑬𝑹𝑴𝑶𝑺𝑨 𝒀 𝑨𝑴𝑷𝑳𝑰𝑨 𝑪𝑨𝑺𝑨 𝘼𝙈𝙊𝘽𝙇𝘼𝘿𝘼 𝑬𝑵 𝑨𝑳𝑸𝑼𝑰𝑳𝑬𝑹✨ 📌Condominio Ciudad Jardín 📍Zona norte entre 6to anillo y Av Banzer Consta de: Planta Baja Dormitorio de huéspedes Baño de visitas con ducha Jardín interior Living comedor Cocina con comedor diario y despensa Galería amplia con churrasquera Jardín amplio Área de servicio y lavandería Parqueo para 2 vehículos Planta alta Sala tv 3 dormitorios en suite Escritorio Terraza y balcones 📐 Superficie: 478 m2 💰 Precio: 18000Bs,NO,,478,4,4,2,0,,,,,"-17.76318, -63.201618"
07346d9eb03e9010e15473a2efcf0c18,Ultracasas,Alquiler,Casa,,COND. SEVILLA LOS JARDINES,ULTRACASAS,,,"💫CASA TOTALMENTE AMOBLADA Y EQUIPADA EN ALQUILER💫 📍COND SEVILLA LOS JARDINES ▪︎ 3 dormitorios (1 en suite) ▪︎ Sala de TV ▪︎ ⁠Cocina ▪︎ ⁠Comedor de diario ▪︎ Living comedor ▪︎ ⁠Patio ▪︎ Dependencia completa ▪︎ Garaje para 2 vehículos ▪︎ Alquiler: 7000 Bs, (incluye factura)  400 Bs de expensas ▪︎ ⁠2 meses de garantía",NO,,230,3,3,2,0,,,,,"-17.695917, -63.13559"
13f8e2011685cd55c9290f796a9fac5f,Ultracasas,Alquiler,Casa,,Sirari,ULTRACASAS,11.000,BOB,"CASA EN ALQUILER PARA OFICINA 📍 Barrio Sirari – Calle Las Azucenas Superficie construida: 321,62 m² Precio: Bs 11000 ¿Buscás oficinas amplias en una ubicación estratégica? Esta propiedad se encuentra en una de las zonas más cotizadas de la ciudad, rodeada de empresas, centros médicos y estudios profesionales Ideal para proyectar una imagen corporativa sólida y funcional Características destacadas: Garaje techado para 2 vehículos Ingreso con chapa eléctrica Primer ambiente: • Sala de recepción o espacio común amplio • 3 oficinas privadas con muebles • 2 baños • Cocina equipada con mueblería alta y baja, heladera y cocina • Patio posterior con churrasquera • Área de servicio o depósito con baño Segundo ambiente (planta alta): • 4 oficinas adicionales • 1 baño Ideal para: Consultoras  Estudios Jurídicos  Firmas Contables  Oficinas Corporativas  Centros Médicos A G E N D A  T U  V I S I T A Kathia Hurtado  C21 Deluxe",NO,,322,7,3,2,0,Kathia Hurtado Ortiz,,,,"-17.763264, -63.201546"
63bb5733e95d03a8526ff42b6bda9b0f,Ultracasas,Alquiler,Casa,,Av. Roca Coronado 3er anillo- frente a la Feria exposición,ULTRACASAS,,,"𝑪𝑨𝑺𝑨 𝑷/𝑽𝑰𝑽𝑰𝑬𝑵𝑫𝑨 𝑶 𝑬𝑴𝑷𝑹𝑬𝑺𝑨 𝑬𝑵 𝑨𝑳𝑸𝑼𝑰𝑳𝑬𝑹 !!! 𝑷𝑹𝑬𝑪𝑰𝑶: 𝑩𝒔 9500 4 𝑫𝑶𝑹𝑴𝑰𝑻𝑶𝑹𝑰𝑶𝑺  1 𝑬𝒔𝒄𝒓𝒊𝒕𝒐𝒓𝒊𝒐 𝑨𝒗 𝑹𝒐𝒄𝒂 𝑪𝒐𝒓𝒐𝒏𝒂𝒅𝒐 3𝒆𝒓 𝑨𝒏𝒊𝒍𝒍𝒐( 𝑽𝒊𝒍𝒍𝒂 𝑴𝒆𝒓𝒄𝒆𝒅𝒆𝒔) Sup Terr 237 mt2 SupConst 280 m2 𝑷𝑳𝑨𝑵𝑻𝑨 𝑩𝑨𝑱𝑨 Living comedor amplios 1 Escritorio 2 DORMITORIOS con Roperos Empotrados 1 Baño compartido Sala de Estar Cocina con muebles altos y bajos, con Campana Extractora, amplio espacio para comedor de diario Dependencia de servicio con su baño Área de lavandería Garaje para 3 vehículos Portones a control Remoto 𝑷𝑳𝑨𝑵𝑻𝑨 𝑨𝑳𝑻𝑨 2 DORMITORIOS con Balcones,  roperos empotrados y Aires acondicionados 1 Baño 𝐂𝐎𝐍𝐃𝐈𝐂𝐈𝐎𝐍𝐄𝐒 Alquiler Adelantado Garantía Comisión Inmobiliaria 𝑪𝒐𝒏𝒕𝒂́𝒄𝒕𝒂𝒎𝒆 𝑺𝒐𝒚 𝑪𝑳𝑬𝒀𝑨 𝑴𝑬𝑵𝑨𝑪𝑯𝑶 𝑨𝒔𝒆𝒔𝒐𝒓𝒂 𝑰𝒏𝒎𝒐𝒃𝒊𝒍𝒊𝒂𝒓𝒊𝒂 𝑪𝒆𝒍",NO,,280,3,3,3,0,,,,,"-17.797636, -63.213371"
a9cbf477a76250f3fba417e7032ef73a,Ultracasas,Alquiler,Casa,,"Zona Norte, 8vo. Anillo, Cond. Jardines del Norte IV",ULTRACASAS,,,"✨𝙃𝙀𝙍𝙈𝙊𝙎𝘼 𝘾𝘼𝙎𝘼 𝘿𝙀 𝙇𝙐𝙅𝙊 𝙎𝙀𝙈𝙄 𝘼𝙈𝙊𝘽𝙇𝘼𝘿𝘼 𝙔 𝘾𝙊𝙉 𝙋𝙄𝙎𝘾𝙄𝙉𝘼 𝙀𝙉 𝘼𝙇𝙌𝙐𝙄𝙇𝙀𝙍✨ 📍𝘾𝙤𝙣𝙙𝙤𝙢𝙞𝙣𝙞𝙤 𝙅𝙖𝙧𝙙𝙞𝙣𝙚𝙨 𝙙𝙚𝙡 𝙉𝙤𝙧𝙩𝙚 𝙄𝙑 Características: 1 Master suite con vestidor, baño privado y balcón 2  Junior suite con vestidor y baño privado Sala de TV equipada y amoblada Hermoso hall de ingreso y Living/Comedor completamente equipado Escritorio o habitación de huéspedes Amplia cocina con muebles y despensa Comedor diario Churrasquera Amplio jardín con Piscina temperada y cascada ⁠Jardín exterior Dependencia de servicio con baño Área de lavandería y patio para tendedero de ropa (con lavadora/secadora) Garaje para 4 Vehículos Áreas sociales: Salón de eventos, gimnasio, saunas, piscinas, parque infantil, sala de cine, canchas de fútbol, basquetbol y tenis Alquiler: $us 4000 (incluye expensas y piscinero) Superficie Terreno: 583 m2 Superficie Construcción: 384 m2",NO,583,384,3,3,4,0,,,,,"-17.710783, -63.163235"
072adc42549d77f2bf1fd27d18e8e70e,Ultracasas,Alquiler,Casa,,A 3 MINUTOS DEL PUENTE URUBO,ULTRACASAS,,,"𝐇𝐄𝐑𝐌𝐎𝐒𝐀 𝐂𝐀𝐒𝐀 𝐀 𝐄𝐒𝐓𝐑𝐄𝐍𝐀𝐑 𝐄𝐍 𝐀𝐋𝐐𝐔𝐈𝐋𝐄𝐑 𝐄𝐍 𝐄𝐍 𝐄𝐋 𝐔𝐑𝐔𝐁𝐎 📍𝐙𝐨𝐧𝐚: 𝐔𝐑𝐔𝐁𝐎  𝐚 𝐩𝐨𝐜𝐨𝐬 𝟒 𝐦𝐢𝐧𝐮𝐭𝐨𝐬 𝐝𝐞𝐥 𝐩𝐮𝐞𝐧𝐭𝐞 💰𝐀𝐋𝐐𝐔𝐈𝐋𝐄𝐑: 𝟒𝟔𝟎𝟎 𝐛𝐬 𝐂𝐨𝐧𝐬𝐭𝐚 𝐝𝐞: 𝟑 𝐝𝐨𝐫𝐦𝐢𝐭𝐨𝐫𝐢𝐨𝐬 (𝐮𝐧𝐚 𝐬𝐮𝐢𝐭𝐞) 𝐒𝐚𝐥𝐚 𝐝𝐞 𝐬𝐭𝐚𝐫 𝐋𝐢𝐯𝐢𝐧𝐠𝐜𝐨𝐦𝐞𝐝𝐨𝐫 𝐂𝐨𝐜𝐢𝐧𝐚 𝐢𝐧𝐝𝐞𝐩𝐞𝐧𝐝𝐢𝐞𝐧𝐭𝐞 𝐜𝐨𝐧 𝐜𝐚𝐣𝐨𝐧𝐞𝐫𝐢𝐚 𝐚𝐥𝐭𝐚/𝐛𝐚𝐣𝐚, 𝐞𝐱𝐭𝐫𝐚𝐜𝐭𝐨𝐫 𝐲 𝐡𝐨𝐫𝐧𝐨 𝐀́𝐫𝐞𝐚 𝐝𝐞 𝐥𝐚𝐯𝐚𝐝𝐨𝐫𝐚 𝐲 𝐥𝐚𝐯𝐚𝐧𝐝𝐞𝐫𝐢́𝐚 𝐆𝐚𝐥𝐞𝐫𝐢́𝐚 𝐭𝐚𝐜𝐡𝐚𝐝𝐚 𝐜𝐨𝐧 𝐦𝐮𝐞𝐛𝐥𝐞𝐬 𝐚 𝐦𝐞𝐝𝐢𝐝𝐚 𝐆𝐚𝐫𝐚𝐣𝐞 𝐩𝐚𝐫𝐚 𝟐 𝐯𝐞𝐡𝐢́𝐜𝐮𝐥𝐨𝐬 𝐜𝐨𝐧 𝐩𝐨𝐫𝐭𝐨́𝐧 𝐞𝐥𝐞́𝐜𝐭𝐫𝐢𝐜𝐨 𝐂𝐎𝐍𝐃𝐈𝐂𝐈𝐎𝐍𝐄𝐒: 𝐌𝐞𝐬 𝐝𝐞 𝐠𝐚𝐫𝐚𝐧𝐭𝐢́𝐚 𝐌𝐞𝐬 𝐚𝐝𝐞𝐥𝐚𝐧𝐭𝐚𝐝𝐨 𝐂𝐨𝐦𝐢𝐬𝐢𝐨́𝐧 𝐝𝐞 𝐢𝐧𝐦𝐨𝐛𝐢𝐥𝐢𝐚𝐫𝐢𝐚",NO,,180,3,3,2,0,,,,,"-17.753408, -63.228668"
b38680a9a9de955e04e1bcd303a62156,Ultracasas,Alquiler,Casa,,Zona norte entre 6to. Anillo y Av. Banzer,ULTRACASAS,,,✨𝑯𝑬𝑹𝑴𝑶𝑺𝑨 𝒀 𝑨𝑴𝑷𝑳𝑰𝑨 𝑪𝑨𝑺𝑨 𝘼𝙈𝙊𝘽𝙇𝘼𝘿𝘼 𝑬𝑵 𝑨𝑳𝑸𝑼𝑰𝑳𝑬𝑹✨ 📌Condominio Ciudad Jardín 📍Zona norte entre 6to anillo y Av Banzer Consta de: Planta Baja Dormitorio de huéspedes Baño de visitas con ducha Jardín interior Living comedor Cocina con comedor diario y despensa Galería amplia con churrasquera Jardín amplio Área de servicio y lavandería Parqueo para 2 vehículos Planta alta Sala tv 3 dormitorios en suite Escritorio Terraza y balcones 📐 Superficie: 478 m2 💰 Precio: 18000Bs,NO,,478,4,4,2,0,,,,,"-17.76318, -63.201618"
07346d9eb03e9010e15473a2efcf0c18,Ultracasas,Alquiler,Casa,,COND. SEVILLA LOS JARDINES,ULTRACASAS,,,"💫CASA TOTALMENTE AMOBLADA Y EQUIPADA EN ALQUILER💫 📍COND SEVILLA LOS JARDINES ▪︎ 3 dormitorios (1 en suite) ▪︎ Sala de TV ▪︎ ⁠Cocina ▪︎ ⁠Comedor de diario ▪︎ Living comedor ▪︎ ⁠Patio ▪︎ Dependencia completa ▪︎ Garaje para 2 vehículos ▪︎ Alquiler: 7000 Bs, (incluye factura)  400 Bs de expensas ▪︎ ⁠2 meses de garantía",NO,,230,3,3,2,0,,,,,"-17.695917, -63.13559"
13f8e2011685cd55c9290f796a9fac5f,Ultracasas,Alquiler,Casa,,Sirari,ULTRACASAS,11.000,BOB,"CASA EN ALQUILER PARA OFICINA 📍 Barrio Sirari – Calle Las Azucenas Superficie construida: 321,62 m² Precio: Bs 11000 ¿Buscás oficinas amplias en una ubicación estratégica? Esta propiedad se encuentra en una de las zonas más cotizadas de la ciudad, rodeada de empresas, centros médicos y estudios profesionales Ideal para proyectar una imagen corporativa sólida y funcional Características destacadas: Garaje techado para 2 vehículos Ingreso con chapa eléctrica Primer ambiente: • Sala de recepción o espacio común amplio • 3 oficinas privadas con muebles • 2 baños • Cocina equipada con mueblería alta y baja, heladera y cocina • Patio posterior con churrasquera • Área de servicio o depósito con baño Segundo ambiente (planta alta): • 4 oficinas adicionales • 1 baño Ideal para: Consultoras  Estudios Jurídicos  Firmas Contables  Oficinas Corporativas  Centros Médicos A G E N D A  T U  V I S I T A Kathia Hurtado  C21 Deluxe",NO,,322,7,3,2,0,Kathia Hurtado Ortiz,,,,"-17.763264, -63.201546"
63bb5733e95d03a8526ff42b6bda9b0f,Ultracasas,Alquiler,Casa,,Av. Roca Coronado 3er anillo- frente a la Feria exposición,ULTRACASAS,,,"𝑪𝑨𝑺𝑨 𝑷/𝑽𝑰𝑽𝑰𝑬𝑵𝑫𝑨 𝑶 𝑬𝑴𝑷𝑹𝑬𝑺𝑨 𝑬𝑵 𝑨𝑳𝑸𝑼𝑰𝑳𝑬𝑹 !!! 𝑷𝑹𝑬𝑪𝑰𝑶: 𝑩𝒔 9500 4 𝑫𝑶𝑹𝑴𝑰𝑻𝑶𝑹𝑰𝑶𝑺  1 𝑬𝒔𝒄𝒓𝒊𝒕𝒐𝒓𝒊𝒐 𝑨𝒗 𝑹𝒐𝒄𝒂 𝑪𝒐𝒓𝒐𝒏𝒂𝒅𝒐 3𝒆𝒓 𝑨𝒏𝒊𝒍𝒍𝒐( 𝑽𝒊𝒍𝒍𝒂 𝑴𝒆𝒓𝒄𝒆𝒅𝒆𝒔) Sup Terr 237 mt2 SupConst 280 m2 𝑷𝑳𝑨𝑵𝑻𝑨 𝑩𝑨𝑱𝑨 Living comedor amplios 1 Escritorio 2 DORMITORIOS con Roperos Empotrados 1 Baño compartido Sala de Estar Cocina con muebles altos y bajos, con Campana Extractora, amplio espacio para comedor de diario Dependencia de servicio con su baño Área de lavandería Garaje para 3 vehículos Portones a control Remoto 𝑷𝑳𝑨𝑵𝑻𝑨 𝑨𝑳𝑻𝑨 2 DORMITORIOS con Balcones,  roperos empotrados y Aires acondicionados 1 Baño 𝐂𝐎𝐍𝐃𝐈𝐂𝐈𝐎𝐍𝐄𝐒 Alquiler Adelantado Garantía Comisión Inmobiliaria 𝑪𝒐𝒏𝒕𝒂́𝒄𝒕𝒂𝒎𝒆 𝑺𝒐𝒚 𝑪𝑳𝑬𝒀𝑨 𝑴𝑬𝑵𝑨𝑪𝑯𝑶 𝑨𝒔𝒆𝒔𝒐𝒓𝒂 𝑰𝒏𝒎𝒐𝒃𝒊𝒍𝒊𝒂𝒓𝒊𝒂 𝑪𝒆𝒍",NO,,280,3,3,3,0,,,,,"-17.797636, -63.213371"
a9cbf477a76250f3fba417e7032ef73a,Ultracasas,Alquiler,Casa,,"Zona Norte, 8vo. Anillo, Cond. Jardines del Norte IV",ULTRACASAS,,,"✨𝙃𝙀𝙍𝙈𝙊𝙎𝘼 𝘾𝘼𝙎𝘼 𝘿𝙀 𝙇𝙐𝙅𝙊 𝙎𝙀𝙈𝙄 𝘼𝙈𝙊𝘽𝙇𝘼𝘿𝘼 𝙔 𝘾𝙊𝙉 𝙋𝙄𝙎𝘾𝙄𝙉𝘼 𝙀𝙉 𝘼𝙇𝙌𝙐𝙄𝙇𝙀𝙍✨ 📍𝘾𝙤𝙣𝙙𝙤𝙢𝙞𝙣𝙞𝙤 𝙅𝙖𝙧𝙙𝙞𝙣𝙚𝙨 𝙙𝙚𝙡 𝙉𝙤𝙧𝙩𝙚 𝙄𝙑 Características: 1 Master suite con vestidor, baño privado y balcón 2  Junior suite con vestidor y baño privado Sala de TV equipada y amoblada Hermoso hall de ingreso y Living/Comedor completamente equipado Escritorio o habitación de huéspedes Amplia cocina con muebles y despensa Comedor diario Churrasquera Amplio jardín con Piscina temperada y cascada ⁠Jardín exterior Dependencia de servicio con baño Área de lavandería y patio para tendedero de ropa (con lavadora/secadora) Garaje para 4 Vehículos Áreas sociales: Salón de eventos, gimnasio, saunas, piscinas, parque infantil, sala de cine, canchas de fútbol, basquetbol y tenis Alquiler: $us 4000 (incluye expensas y piscinero) Superficie Terreno: 583 m2 Superficie Construcción: 384 m2",NO,583,384,3,3,4,0,,,,,"-17.710783, -63.163235"
072adc42549d77f2bf1fd27d18e8e70e,Ultracasas,Alquiler,Casa,,A 3 MINUTOS DEL PUENTE URUBO,ULTRACASAS,,,"𝐇𝐄𝐑𝐌𝐎𝐒𝐀 𝐂𝐀𝐒𝐀 𝐀 𝐄𝐒𝐓𝐑𝐄𝐍𝐀𝐑 𝐄𝐍 𝐀𝐋𝐐𝐔𝐈𝐋𝐄𝐑 𝐄𝐍 𝐄𝐍 𝐄𝐋 𝐔𝐑𝐔𝐁𝐎 📍𝐙𝐨𝐧𝐚: 𝐔𝐑𝐔𝐁𝐎  𝐚 𝐩𝐨𝐜𝐨𝐬 𝟒 𝐦𝐢𝐧𝐮𝐭𝐨𝐬 𝐝𝐞𝐥 𝐩𝐮𝐞𝐧𝐭𝐞 💰𝐀𝐋𝐐𝐔𝐈𝐋𝐄𝐑: 𝟒𝟔𝟎𝟎 𝐛𝐬 𝐂𝐨𝐧𝐬𝐭𝐚 𝐝𝐞: 𝟑 𝐝𝐨𝐫𝐦𝐢𝐭𝐨𝐫𝐢𝐨𝐬 (𝐮𝐧𝐚 𝐬𝐮𝐢𝐭𝐞) 𝐒𝐚𝐥𝐚 𝐝𝐞 𝐬𝐭𝐚𝐫 𝐋𝐢𝐯𝐢𝐧𝐠𝐜𝐨𝐦𝐞𝐝𝐨𝐫 𝐂𝐨𝐜𝐢𝐧𝐚 𝐢𝐧𝐝𝐞𝐩𝐞𝐧𝐝𝐢𝐞𝐧𝐭𝐞 𝐜𝐨𝐧 𝐜𝐚𝐣𝐨𝐧𝐞𝐫𝐢𝐚 𝐚𝐥𝐭𝐚/𝐛𝐚𝐣𝐚, 𝐞𝐱𝐭𝐫𝐚𝐜𝐭𝐨𝐫 𝐲 𝐡𝐨𝐫𝐧𝐨 𝐀́𝐫𝐞𝐚 𝐝𝐞 𝐥𝐚𝐯𝐚𝐝𝐨𝐫𝐚 𝐲 𝐥𝐚𝐯𝐚𝐧𝐝𝐞𝐫𝐢́𝐚 𝐆𝐚𝐥𝐞𝐫𝐢́𝐚 𝐭𝐚𝐜𝐡𝐚𝐝𝐚 𝐜𝐨𝐧 𝐦𝐮𝐞𝐛𝐥𝐞𝐬 𝐚 𝐦𝐞𝐝𝐢𝐝𝐚 𝐆𝐚𝐫𝐚𝐣𝐞 𝐩𝐚𝐫𝐚 𝟐 𝐯𝐞𝐡𝐢́𝐜𝐮𝐥𝐨𝐬 𝐜𝐨𝐧 𝐩𝐨𝐫𝐭𝐨́𝐧 𝐞𝐥𝐞́𝐜𝐭𝐫𝐢𝐜𝐨 𝐂𝐎𝐍𝐃𝐈𝐂𝐈𝐎𝐍𝐄𝐒: 𝐌𝐞𝐬 𝐝𝐞 𝐠𝐚𝐫𝐚𝐧𝐭𝐢́𝐚 𝐌𝐞𝐬 𝐚𝐝𝐞𝐥𝐚𝐧𝐭𝐚𝐝𝐨 𝐂𝐨𝐦𝐢𝐬𝐢𝐨́𝐧 𝐝𝐞 𝐢𝐧𝐦𝐨𝐛𝐢𝐥𝐢𝐚𝐫𝐢𝐚",NO,,180,3,3,2,0,,,,,"-17.753408, -63.228668"
b38680a9a9de955e04e1bcd303a62156,Ultracasas,Alquiler,Casa,,Zona norte entre 6to. Anillo y Av. Banzer,ULTRACASAS,,,✨𝑯𝑬𝑹𝑴𝑶𝑺𝑨 𝒀 𝑨𝑴𝑷𝑳𝑰𝑨 𝑪𝑨𝑺𝑨 𝘼𝙈𝙊𝘽𝙇𝘼𝘿𝘼 𝑬𝑵 𝑨𝑳𝑸𝑼𝑰𝑳𝑬𝑹✨ 📌Condominio Ciudad Jardín 📍Zona norte entre 6to anillo y Av Banzer Consta de: Planta Baja Dormitorio de huéspedes Baño de visitas con ducha Jardín interior Living comedor Cocina con comedor diario y despensa Galería amplia con churrasquera Jardín amplio Área de servicio y lavandería Parqueo para 2 vehículos Planta alta Sala tv 3 dormitorios en suite Escritorio Terraza y balcones 📐 Superficie: 478 m2 💰 Precio: 18000Bs,NO,,478,4,4,2,0,,,,,"-17.76318, -63.201618"
