﻿id_reg,Agencia,Tipo de operación,Tipo de inmueble,Id Inmueble,Titulo,Ubicación,Precio,Moneda,Descripción,Equipamiento,Terreno m²,Construcción m²,Dormitorios,Baños,Estacionamientos,Baulera,Agente,Teléfono,Correo,Actualización,Coordenadas
fda873ea93b514afb053e16390cb0e95,Ultracasas,Venta,Terreno,,LA HACIENDA DEL URUBÓ,ULTRACASAS,385.000,USD,"LA HACIENDA DEL URUBÓ Terreno en venta ubicado en manzana 10, terreno regular, con  21 metros de frente, ubicación privilegiada en el mejor condominio en Santa Cruz, cuenta con todos los servicios básicos, vivir en un condominio RESORT es vivir en Hacienda del Urubó",NO,,1.095,0,0,0,0,Yngrid Peralta,,,,"-17.750139, -63.226353"
35c7acfab19a372776ea0acd8b710c20,Ultracasas,Venta,Terreno,,"📍Zᴏɴᴀ Nᴏʀᴛᴇ
Uʀʙ. Iɴᴛᴇɢʀᴀᴄɪᴏɴ ᴅᴇʟ Nᴏʀᴛᴇ II",ULTRACASAS,14.900,USD,"🟡 𝗧𝗘𝗥𝗥𝗘𝗡𝗢 𝗜𝗡𝗗𝗘𝗣𝗘𝗡𝗗𝗜𝗘𝗡𝗧𝗘 🅴🅽 🆅🅴🅽🆃🅰 ▫️ 💲 𝟭𝟰,𝟵𝟬𝟬   𝗰/𝘂 ▫️ ▪️Sup:300 m² ➖️ 📍Zᴏɴᴀ Nᴏʀᴛᴇ Uʀʙ Iɴᴛᴇɢʀᴀᴄɪᴏɴ ᴅᴇʟ Nᴏʀᴛᴇ II ◾300 m2 ◼️Frente de 10 m ◾Terreno Independiente ◾Servicios básicos, Agua, Luz, Transporte Público ◾Listo para construir 🟡 GRAN OPORTUNIDAD! ▫️ 𝗠𝗔𝗩𝗜𝗦 𝗥𝗜𝗩𝗘𝗥𝗢 ʙʀᴏᴋᴇʀ ᴏᴡɴᴇʀ  𝗜𝗻𝗺𝗼 𝗕𝗿𝗼𝗸𝗲𝗿𝘀 ᴀsᴇsᴏʀᴀ ɪɴᴍᴏʙɪʟɪᴀʀɪᴀ 𝟩𝟪𝟧 𝟨𝟧𝟢𝟢𝟢 ᴡʜᴀᴛsᴀᴘᴘ: bitly/UIdN14y9kYPIMBK 𝖢𝗈𝗇𝖿𝗂𝖺𝖤𝗇𝖬𝗂𝖤𝗑𝗉𝖾𝗋𝗂𝖾𝗇𝖼𝗂𝖺𝖨𝗇𝗆𝗈𝖻𝗂𝗅𝗂𝖺𝗋𝗂𝖺 @mavisriveroinmo  🟨 🔝🔝🔝🔝🔝🔝 Afiliada a CAINCRUZ   🟩",NO,,300,0,0,0,0,Mavis Rivero Serrano,,,,"-17.591972, -63.183842"
f2c1600a4101e5efc17cf4bf9d06e16b,Ultracasas,Venta,Terreno,,Condominio Lomas del Bosque en el Urubó,ULTRACASAS,185.080,USD,"Hermoso terreno en el Condominio Lomas del Bosque, ubicado sobre la carretera a Porongo a pocos minutos del puente Bellas áreas sociales y seguridad 24 hrs El lugar ideal para disfrutar con tu familia",NO,,661,0,0,0,0,Century 21 Business,,,,"-17.755548, -63.231815"
da333e2ea58b466ada16077e98a5d822,Ultracasas,Venta,Terreno,,Barrio Hamacas a 30 mts del 3er anillo (c/ Moratacú 3020),ULTRACASAS,745.000,USD,"Excelente ubicación (cerca de todo), para embajada, oficina, casa,   Barrio Hamacas 1100 m2  (contacto por WhatsApp au no  0041 78 795 3389 gracias) A 30 metros del tercer anillo externo norte, Santa Cruz de la Sierra  Terreno en Venta Servicios: Agua, gas, electricidad, alcantarillado Próximo al centro de la ciudad (a 14 min del centro de la ciudad, ver foto aérea), en el Barrio Hamacas,  que junto con el Barrio Equipetrol son las mejores zonas (o barrios) del centro urbano de Santa Cruz Su acceso es fácil, utilizando el tercer anillo, usted puede desplazarse rápidamente a cualquier lugar Es un terreno prácticamente sin construcciones (hay una construcción sobre 100 m2, fácil para demoler o renovar, el resto es un jardín con árboles frutales Hay muy pocos terrenos de esta superficie (1094 m2) y sobre todo sin construcción Este terreno, prácticamente a 30 mts del 3er anillo no tiene los inconvenientes del 3er anillo: higiene, seguridad, tranquilidad, silencio, tráfico motorizado, Es un barrio seguro y tranquilo, guardias permanentes en todas las calles Esta cerca a diferentes infraestructuras (supermercados, farmacias, transportes, colegios, universidad, restaurantes, …) Se puede construir edificios de 5 pisos, hice un estudio para un edificio de 5 pisos (más uno bajo suelo, en total 6 pisos), 4000 m2 de superficie útil habitable (sin tomar en cuenta los corredores, superficies comunes, las plazas de parqueo, el sótano,…), 300 m2 para piscinas o jardines El ahorro o beneficio obtenido es considerable Todos los papeles están en regla Precio no negociable NB Estoy frecuentemente en el extranjero, si está interesado envíeme un mensaje: vhlvhl@hotmailcom",NO,,1.100,0,0,0,0,,,,,"-17.757746, -63.170841"
24e6986a84f71c0a13af327882748144,Ultracasas,Venta,Terreno,,Doblevia la Guardia y 8°anillo,ULTRACASAS,677.025,USD,TERRENO EN EXCELENTE UBICACIÓN 📍Sobre el octavo anillo a pocas cuadras de la doble vía La Guardia y del Nuevo Mercado Abasto 📐2295 m2 Frente 115 m Ideal para cualquier tipo de emprendimiento comercial o habitacional PRECIO USD 295 m2 Se acepta Bolivianos Tc  697 Coordina una visita 📱,NO,,2.295,0,0,0,0,Ana Paola Ortiz,,,,"-17.83938, -63.236176"
65817918b09d1617866f99e59fbcd139,Ultracasas,Venta,Terreno,,"URUBÓ 
Condominio cerrado 
Jade del Urubó (Lote en esquina)",ULTRACASAS,80.000,USD,"🟡 𝗨𝗥𝗨𝗕𝗢  𝗟𝗢𝗧𝗘 🅴🅽 🆅🅴🅽🆃🅰 ▫️ 💲 𝟴𝟬,𝟬𝟬𝟬 ▫️ ▪️Sup: 763 m² ▪️ Cᴏɴᴅᴏᴍɪɪᴏ ""Jᴀᴅᴇ ᴅᴇʟ Uʀᴜʙú"" ▫️763 m² ▫️Doble Frente de 15m (En esquina) ▫️Condominio cerrado ▫️Servicios básico Agua, Luz, internet, alcantarillado ▫️Seguridad 24 horas ▫️Listo para construir Aʀᴇᴀs Sᴏᴄɪᴀʟᴇs ▪️Piscina ▪️Club House con Churrasquera ▪️Amplias áreas verdes y arboledas ▪️Seguridad 24 horas ▪️Totalmente Pavimentado ▫️ 𝗠𝗔𝗩𝗜𝗦 𝗥𝗜𝗩𝗘𝗥𝗢 ʙʀᴏᴋᴇʀ ᴏᴡɴᴇʀ  𝗜𝗻𝗺𝗼 𝗕𝗿𝗼𝗸𝗲𝗿𝘀 ᴀsᴇsᴏʀᴀ ɪɴᴍᴏʙɪʟɪᴀʀɪᴀ 𝟩𝟪𝟧 𝟨𝟧𝟢𝟢𝟢 ᴡʜᴀᴛsᴀᴘᴘ: bitly/CJd80kCM 𝖢𝗈𝗇𝖿𝗂𝖺𝖤𝗇𝖬𝗂𝖤𝗑𝗉𝖾𝗋𝗂𝖾𝗇𝖼𝗂𝖺𝖨𝗇𝗆𝗈𝖻𝗂𝗅𝗂𝖺𝗋𝗂𝖺 @mavisriveroinmo Afiliada a CAINCRUZ",NO,,763,0,0,0,0,Mavis Rivero Serrano,,,,"-17.765642, -63.254745"
77089bf185749d3dd3dd98596617b8fb,Ultracasas,Venta,Terreno,,Carretera a Cotoca,ULTRACASAS,25000.000,BOB,"Terreno con galpones ubicado estrategicamente sobre la carretera a Cotoca Superficie Total: 40,600 m2 construccion: 4,465m2 listos para operar",NO,,40.600,0,0,0,0,Pamela Barrientos,,,,"-17.727295, -62.915768"
3c76a7c2934b36ae724f3ffbffe1b674,Ultracasas,Venta,Terreno,,"📍Cᴏɴᴅᴏᴍɪɪᴏ ""Uʀᴜʙó Nᴏʀᴛᴇ""
(ᴀ 7 ᴋᴍ ᴅᴇʟ ᴘᴜᴇɴᴛᴇ ᴅᴇʟ ᴜʀᴜʙᴏ)",ULTRACASAS,122.000,USD,"🟡 𝗣𝗿𝗼𝘆𝗲𝗰𝘁𝗮́ 𝘁𝘂 𝗡𝘂𝗲𝘃𝗮 𝗖𝗮𝘀𝗮 𝗲𝗻 𝗘𝗟 𝗨𝗥𝗨𝗕𝗢́! 𝗟𝗢𝗧𝗘 🅴🅽 🆅🅴🅽🆃🅰 ▫️ 💲 𝟭𝟮𝟮,𝟬𝟬𝟬 ▫️ ▪️Sup: 871 m² ➖️ 📍Cᴏɴᴅᴏᴍɪɪᴏ ""Uʀᴜʙó Nᴏʀᴛᴇ"" (ᴀ 7 ᴋᴍ ᴅᴇʟ ᴘᴜᴇɴᴛᴇ ᴅᴇʟ ᴜʀᴜʙᴏ) ▫️87083 m² ▫️Espectacular Doble Frente de 26m Y 21m (En esquina) ▫️Condominio cerrado ▫️Servicios básico Agua, Luz, internet, alcantarillado ▫️Seguridad 24 horas ▫️Listo para construir Aʀᴇᴀs Sᴏᴄɪᴀʟᴇs ▪️Piscina ▪️Club House con Churrasquera ▪️Amplias áreas verdes y arboledas ▪️Seguridad 24 horas ▪️Calles con Adoquín tipo Pavic ▫️ 𝗠𝗔𝗩𝗜𝗦 𝗥𝗜𝗩𝗘𝗥𝗢 ʙʀᴏᴋᴇʀ ᴏᴡɴᴇʀ  𝗜𝗻𝗺𝗼 𝗕𝗿𝗼𝗸𝗲𝗿𝘀 ᴀsᴇsᴏʀᴀ ɪɴᴍᴏʙɪʟɪᴀʀɪᴀ 𝟩𝟪𝟧 𝟨𝟧𝟢𝟢𝟢 ᴡʜᴀᴛsᴀᴘᴘ: bitly/CUN122kCS 𝖢𝗈𝗇𝖿𝗂𝖺𝖤𝗇𝖬𝗂𝖤𝗑𝗉𝖾𝗋𝗂𝖾𝗇𝖼𝗂𝖺𝖨𝗇𝗆𝗈𝖻𝗂𝗅𝗂𝖺𝗋𝗂𝖺 @mavisriveroinmo Afiliada a CAINCRUZ",NO,,871,0,0,0,0,Mavis Rivero Serrano,,,,"-17.694595, -63.208584"
3150bd892384ddfcf1c1b472ac824081,Ultracasas,Venta,Terreno,,Terreno a 5 min del puente de Urubó Village - 8 Hectáreas listas para urbanizar- Santa Cruz,ULTRACASAS,3999.000,USD,"Oportunidad Única! Terreno de 8 Hectáreas Listo para Urbanizar Te presentamos una oportunidad excepcional de inversión en un hermoso terreno de 8 hectáreas, ubicado en las cercanías del puente Urubó Village Este terreno ofrece un gran potencial para el desarrollo urbano y está listo para convertirse en un proyecto exitoso y con incremento plusvalía garantizada al concluirse la construcción del puente Características Destacadas: Topografía Favorable: El terreno presenta ligeras elevaciones, con un ancho promedio de aproximadamente 160 metros y una longitud promedio de aproximadamente 500 metros Su topografía se caracteriza por una elevación hacia el centro con orientación nortesur, lo que brinda ventajas significativas, como vistas panorámicas y orientación favorable de los lotes nortesur Superficie Total: Con una superficie total de más de 80,000 metros cuadrados permite la creación de un proyecto de desarrollo urbano Potencial Económico: La ubicación estratégica cerca de zonas ya desarrolladas, como Urubó Village y otras urbanizaciones, junto con la proximidad al puente Urubó Village en construcción (entrega prevista en septiembre de 2024), brinda un potencial económico considerable Como referencia, terrenos a una distancia similar del puente Mario Foianinni se están vendiendo hoy a un valor de 330 USD/metro cuadrado Conexiones de Agua y Electricidad: Las conexiones de agua y electricidad ya están disponibles en el terreno, solo se requiere la solicitud de conexión Modelo de Desarrollo Urbano: A solicitud se ofrece asesoramiento para determinar un modelo económico completo para el desarrollo urbano en el lugar, una valiosa herramienta para evaluar el potencial de inversión Este modelo ha sido desarrollado exclusivamente para este terreno Precio y Opciones de Pago: El  propietario está dispuesto a negociar el precio y discutir opciones de pago No dejes pasar esta oportunidad única de inversión en un terreno con un potencial excepcional ¡Contáctanos ahora mismo para obtener más detalles y explorar todas las posibilidades que este terreno tiene para ofrecer!",NO,,81.464,0,0,0,0,Ana Carola C,,,,"-17.784878, -63.255299"
d1e239bd187396d902f36e247479af04,Ultracasas,Venta,Terreno,,"📍Urubó 
Condominio MAR ADENTRO",ULTRACASAS,72.000,USD,"🟡 𝗨𝗥𝗨𝗕𝗢   𝗩𝗶𝘃i 𝗱𝗲  𝗩𝗮𝗰𝗮𝗰𝗶𝗼𝗻𝗲𝘀 𝘁𝗼𝗱𝗼 𝗲𝗹 𝗔𝗻̃𝗼! 𝗟𝗢𝗧𝗘  🅴🅽 🆅🅴🅽🆃🅰 𝗲𝗻 𝗠𝗔𝗥 𝗔𝗗𝗘𝗡𝗧𝗥𝗢 ▫️ 💲 𝟳𝟮,𝟬𝟬𝟬 ▫️ ▪️Sup: 384 m² ▪️ ""Cᴏɴᴅᴏᴍɪɴɪᴏ MAR ADENTRO"" ▫️384 m² ▫️Frente de 13m ▫️Fondo 30m ▫️Condominio cerrado ▫️Servicios básico Agua, Luz, internet ▫️Seguridad 24 horas ▫️Listo para construir Aʀᴇᴀs Sᴏᴄɪᴀʟᴇs y Aᴍᴇɴɪᴅᴀᴅᴇs ▪️Laguna artificial de 45 hectáreas (tecnología Crystal Lagoons) con Aguas Cristalinas ▪️Hermosas Playas de arena blanca ▪️Piscinas para niños y adultos estilo Resort ▪️Áreas de recreación y juegos ▪️Club House  Restaurante tipo cabaña ▪️Amplias áreas verdes y arboledas ▪️Seguridad 24 horas ▪️Calles Adoquinadas con ladrillo Pavic ▫️ 𝗠𝗔𝗩𝗜𝗦 𝗥𝗜𝗩𝗘𝗥𝗢 ʙʀᴏᴋᴇʀ ᴏᴡɴᴇʀ  𝗜𝗻𝗺𝗼 𝗕𝗿𝗼𝗸𝗲𝗿𝘀 ᴀsᴇsᴏʀᴀ ɪɴᴍᴏʙɪʟɪᴀʀɪᴀ 𝟩𝟪𝟧 𝟨𝟧𝟢𝟢𝟢 ᴡʜᴀᴛsᴀᴘᴘ: bitly/CMAd72kALChEXT 𝖢𝗈𝗇𝖿𝗂𝖺𝖤𝗇𝖬𝗂𝖤𝗑𝗉𝖾𝗋𝗂𝖾𝗇𝖼𝗂𝖺𝖨𝗇𝗆𝗈𝖻𝗂𝗅𝗂𝖺𝗋𝗂𝖺 @mavisriveroinmo Afiliada a CAINCRUZ",NO,,384,0,0,0,0,Mavis Rivero Serrano,,,,"-17.808838, -63.270039"
3d30400d2187a1a543eba2879d426046,Ultracasas,Venta,Terreno,,Colinas del Urubó 2,ULTRACASAS,480.000,USD,Terreno en Venta 📍Colinas del Urubó 2  Sobre Av principal del condominio Superficie: 1541 m2 Frente: 37 mts,NO,,1.541,0,0,0,0,Vania Zelaya Antelo C21,,,,"-17.736916, -63.217735"
0c5c7c821d28f0cb62719f27a205beab,Ultracasas,Venta,Terreno,,Terreno en venta sobre el 5to anillo zona parque industrial,ULTRACASAS,3875.000,USD,"Terreno, con galpones, oficinas nuevas, parqueos y transformadores",NO,,13.426,0,0,0,0,,,,,"-17.75025, -63.143368"
d7ecc293bcb90c74084b2355d2f00044,Ultracasas,Venta,Terreno,,TERRENO EN VENTA EN ESQUINA EN EQUIPETROL,ULTRACASAS,1000.000,USD,HERMOSO TERRENO EN ESQUINA EN EQUIPETROL A 100 METROS DE LA AV SAN MARTÍN ▪️Superficie de terreno: 625 m2 ▪️Frontis 25 metros ▪️Plazuela al lado con hermosa vista ▪️Precio: Bs 7100000,NO,625,625,0,0,0,0,Patty Hurtado - Asesora Inmobiliaria,,,,"-17.760275, -63.197445"
b3219537d19bc43c6e216792d4b72490,Ultracasas,Venta,Terreno,,"Avenida Alemana
3er Anillo Zona Norte",ULTRACASAS,2280.000,USD,"🟡 Aᴛᴇɴᴄɪᴏ́ɴ! 🟡 𝗜𝗻𝘃𝗲𝗿𝘀𝗶𝗼𝗻𝗶𝘀𝘁𝗮𝘀 𝘆 𝗗𝗲𝘀𝗮𝗿𝗿𝗼𝗹𝗹𝗮𝗱𝗼𝗿𝗲𝘀! 🆅🅴🅽🆃🅰❗️ """" 𝗘𝘀𝗽𝗲𝗰𝘁𝗮𝗰𝘂𝗹𝗮𝗿 𝗧𝗲𝗿𝗿𝗲𝗻𝗼 (Usᴏ Mɪxᴛᴏ en Esϙᴜɪɴᴀ) """" 𝗭𝗢𝗡𝗔 𝗡𝗢𝗥𝗧𝗘 Av Alemana (2do y 3er anillo) ▫️ 💲 2,280,000 ▫️ ▪️Sup Total : 2,534 m² ▪️(37 m Fʳᵉᶰᵗᵉ ) ▪️(66 m Fᵒᶰᵈᵒ ) ▫️ ▫️Ubicación estratégica ▫️Superficie ideal para Construcción de Condominio de Departamentos, entorno ideal para proyectos ▫️ Incluye: ▫️ 8 Locales sobre avenida (con/inquilinos) ▫️ 3 canchas de futbol C/ pasto sintético Graderias y Snak en funcionamiento 🟡 OPORTUNIDAD IMPERDIBLE! ▫️ 𝗠𝗔𝗩𝗜𝗦 𝗥𝗜𝗩𝗘𝗥𝗢 ᴀsᴇsᴏʀᴀ ɪɴᴍᴏʙɪʟɪᴀʀɪᴀ 𝗜𝗻𝗺𝗼 𝗕𝗿𝗼𝗸𝗲𝗿𝘀 ᴡʜᴀᴛsᴀᴘᴘ: bitly/AvAle2MCMIB 𝖢𝗈𝗇𝖿𝗂𝖺𝖤𝗇𝖬𝗂𝖤𝗑𝗉𝖾𝗋𝗂𝖾𝗇𝖼𝗂𝖺𝖨𝗇𝗆𝗈𝖻𝗂𝗅𝗂𝖺𝗋𝗂𝖺 @mavisriveroinmo 🔝 Afiliada a CAINCRUZ",NO,,2.534,0,0,0,0,Mavis Rivero Serrano,,,,"-17.761763, -63.167999"
c3f9a8808a68319732840eb79ccbfd6a,Ultracasas,Venta,Terreno,,TERRENOS EN VENTA ZONA OESTE- PROXIMO A LA QUINTA MUNICIPAL,ULTRACASAS,125.000,USD,"𝐀𝐌𝐏𝐋𝐈𝐎 𝐓𝐄𝐑𝐑𝐄𝐍𝐎 𝐄𝐍 𝐕𝐄𝐍𝐓𝐀 𝐙𝐎𝐍𝐀 𝐎𝐄𝐒𝐓𝐄 📍Entre Av Roca y Coronado y Radial 21, 3er y 4to anillo 🏠Zona estratégica ideal para inversión, próxima a la quinta municipal, centros educativos y de salud, mercados, supermercados, farmacias, etc cuenta con varias vías de accesos 📐 2509 m2 Terreno A 💰 𝐏𝐑𝐄𝐂𝐈𝐎 125000 $us 📐 151 m2 Terreno BD 💰 𝐏𝐑𝐄𝐂𝐈𝐎 76000 $us 📐 1638 m2 Terreno C 💰 𝐏𝐑𝐄𝐂𝐈𝐎 81900 $us",NO,,250,0,0,0,0,C21 BLUREALTY,,,,"-17.781069, -63.209602"
29aa3dcd9ca966a1ae8dc77f2c1d0560,Ultracasas,Venta,Terreno,,"Carretera Norte, Av. Banzer Km9 o continuación G-77",ULTRACASAS,99.000,USD,"CONDOMINIO PRIVADO VALLE DE CARTAGO LOTES EN VENTA DIRECTO CON PROPIETARIO El condominio cuenta con todas las comodidades como ser: Piscina Churrasquera Salón de eventos cerrado Canchas polifuncionales Parque infantil Un vecindario tranquilo y con seguridad las 24hrs Ubicado a 4min de la Av Banzer en zona residencial condominial (Sevillas, Riviera y otros) Cerca de farmacias, supermercado y locales de comida LOTES EN VENTA, juntos o de forma individual: Manzano 7: 465M2 y 415M2 a Bs1080/M2 Manzano 9: 465M2 y 415M2 a Bs1080/M2 Lotes internos, no colindantes con área perimetral Sobre la vía principal y frente a las áreas sociales: 582M2 a Bs1300/M2",NO,,587,0,0,0,0,Bianca Elio Barreto,,,,"-17.698402, -63.128799"
03f72a58addafd5568f5860f73f9fdd9,Ultracasas,Venta,Terreno,,Hermosos terrenos en altura en condominio Las Palmas del Urubo I,ULTRACASAS,99.000,USD,"Oportunidad Única: Terrenos Exclusivos en Las Palmas del Urubó I Descubre dos terrenos premium en el condominio cerrado más exclusivo del Urubó, ubicado a solo 15 minutos del puente Foianini Vive rodeado de naturaleza, seguridad y amenidades de primer nivel Características de los Terrenos Terreno 45A: 535 m², forma regular, precio $us 103/m² Terreno 45B: 530 m², forma irregular en esquina, precio $us 95/m² Venta conjunta: $us 93/m² Orientación estratégica: Sureste / Noroeste Ambos en altura, con una hermosa vista del condominio y la ciudad Amenidades del Condominio Piscina y churrasqueras Cancha de fútbol Cancha de tenis Parque para niños Parque calisténico Seguridad controlada 24/7 Inversión inteligente: adquiere uno o ambos terrenos y disfruta de un entorno exclusivo con vista panorámica Precio en bolivianos según tipo de cambio oficial (Bs 7 por dólar) 📞 Contáctanos hoy mismo y asegura tu terreno en Las Palmas del Urubó I",NO,,1.066,0,0,0,0,José Luis Añez,,,,"-17.692253, -63.212963"
b6611723e50a5621ddb4259b5b0e7596,Ultracasas,Venta,Terreno,,"📍Zᴏɴᴀ Nᴏʀᴛᴇ
8ᴠᴏ. Aɴɪʟʟᴏ  -  Eɴᴛʀᴇ Cᴀɴᴀʟ Cʜɪᴠᴀᴛᴏ ʏ ᴀᴠ. Mᴜᴛᴜᴀʟɪsᴛᴀ",ULTRACASAS,65.000,USD,"🟡 𝗧𝗘𝗥𝗥𝗘𝗡𝗢𝗦 𝗣𝗔𝗥𝗔 𝗜𝗡𝗩𝗘𝗥𝗦𝗜𝗢𝗡! 🅴🅽 🆅🅴🅽🆃🅰 ▫️ Oᴘ2 💲 𝟲𝟱,𝟬𝟬𝟬 ▫️ ▪️Oᴘ2 Sup :633 m² ➖️ 📍Zᴏɴᴀ Nᴏʀᴛᴇ 8ᴠᴏ Aɴɪʟʟᴏ    Eɴᴛʀᴇ Cᴀɴᴀʟ Cʜɪᴠᴀᴛᴏ ʏ ᴀᴠ Mᴜᴛᴜᴀʟɪsᴛᴀ ◾Oᴘ1  486 m2 ◾Oᴘ2  633 m2 ◼️En esquina ◾Terrenos Independientes ideales para inversionistas ◾Servicios básicos, Agua, Luz 🟡 GRAN OPORTUNIDAD! ▫️ 𝗠𝗔𝗩𝗜𝗦 𝗥𝗜𝗩𝗘𝗥𝗢 ʙʀᴏᴋᴇʀ ᴏᴡɴᴇʀ  𝗜𝗻𝗺𝗼 𝗕𝗿𝗼𝗸𝗲𝗿𝘀 ᴀsᴇsᴏʀᴀ ɪɴᴍᴏʙɪʟɪᴀʀɪᴀ 𝟩𝟪𝟧 𝟨𝟧𝟢𝟢𝟢 ᴡʜᴀᴛsᴀᴘᴘ: bitly/CChyMt8vo65kYPIMBK 𝖢𝗈𝗇𝖿𝗂𝖺𝖤𝗇𝖬𝗂𝖤𝗑𝗉𝖾𝗋𝗂𝖾𝗇𝖼𝗂𝖺𝖨𝗇𝗆𝗈𝖻𝗂𝗅𝗂𝖺𝗋𝗂𝖺 @mavisriveroinmo Afiliada a CAINCRUZ",NO,,633,0,0,0,0,Mavis Rivero Serrano,,,,"-17.726183, -63.128529"
555d9fa5a04cbc032c3b71d991209693,Ultracasas,Venta,Terreno,,Sobre 2do anillo entre las Av Grigota y La Ramada,ULTRACASAS,1600.000,USD,"🏢 Inmueble Altamente Comercial en Zona Estratégica de Alto Flujo Vehicular y Peatonal 🏙️ Ubicado sobre avenida principal del 2do anillo entre las Av Grigota y La Ramada, este inmueble representa una oportunidad única para inversión o desarrollo comercial Situado en una zona estratégica de alto tránsito, es ideal para negocios que buscan máxima visibilidad y exposición de marca Terreno: 783,20 m2 Construcción: 100789m2 Precio: 1600000$ 🔹 Características: •	Frente amplio con excelente visibilidad •	Ambientes adaptables para oficinas, tiendas, consultorios, sucursales o showroom •	Acceso directo desde la avenida •	Parqueo para clientes y personal •	Infraestructura sólida, lista para funcionar o remodelar según tu proyecto 📍 Entorno comercial consolidado, cerca de bancos, supermercados, colegios, clínicas y zonas residenciales 💡 Ideal para centro comerciales, identidades financieras o inversiones a corto y mediano plazo",NO,,1.007,0,0,0,0,Jeimmy Delboy,,,,"-17.795336, -63.193787"
0a06cfeb5e60f1b83af5fcebbf5f2560,Ultracasas,Venta,Terreno,,Terreno Zona Norte - Valle Sanchéz - Urbanización La Florida,ULTRACASAS,150.000,BOB,"Terreno en la zona Valle Sánchez, urbanización La Florida entrando por ingreso a  cruce a Viru Viru A 10 minutos de entrada Terreno de 307,5 m2 en 150000 Bs (lote 18) (10 x  30,75) Terreno totalmente embardado con reja y cuenta con agua potable La zona cuenta con servicio de electricidad Papeles en orden Precio por metro cuadrado  es de 487,8 Bs/m2",NO,,307,0,0,0,0,Bruno Ferrari F.,,,,"-17.644611, -63.185661"
20f83040f93663db16ac8cd957c020d7,Ultracasas,Venta,Terreno,,"📍Cᴏɴᴅᴏᴍɪɪᴏ ""Uʀᴜʙó Nᴏʀᴛᴇ""
(ᴀ 7 ᴋᴍ ᴅᴇʟ ᴘᴜᴇɴᴛᴇ ᴅᴇʟ ᴜʀᴜʙᴏ)",ULTRACASAS,99.000,USD,"🟡 𝗨𝗥𝗨𝗕𝗢 𝗟𝗢𝗧𝗘 🅴🅽 🆅🅴🅽🆃🅰 ▫️ 💲 𝟵𝟵,𝟬𝟬𝟬 ▫️ ▪️Sup: 729 m² ➖️ 📍Cᴏɴᴅᴏᴍɪɪᴏ ""Uʀᴜʙó Nᴏʀᴛᴇ"" (ᴀ 7 ᴋᴍ ᴅᴇʟ ᴘᴜᴇɴᴛᴇ ᴅᴇʟ ᴜʀᴜʙᴏ) ▫️72883 m² ▫️Amplio Frente de 21m ▫️Condominio cerrado ▫️Servicios básico Agua, Luz, internet, alcantarillado ▫️Seguridad 24 horas ▫️Listo para construir Aʀᴇᴀs Sᴏᴄɪᴀʟᴇs ▪️Piscina ▪️Club House con Churrasquera ▪️Amplias áreas verdes y arboledas ▪️Seguridad 24 horas ▪️Calles con Adoquín tipo Pavic ▫️ 𝗠𝗔𝗩𝗜𝗦 𝗥𝗜𝗩𝗘𝗥𝗢 ʙʀᴏᴋᴇʀ ᴏᴡɴᴇʀ  𝗜𝗻𝗺𝗼 𝗕𝗿𝗼𝗸𝗲𝗿𝘀 ᴀsᴇsᴏʀᴀ ɪɴᴍᴏʙɪʟɪᴀʀɪᴀ 𝟩𝟪𝟧 𝟨𝟧𝟢𝟢𝟢 ᴡʜᴀᴛsᴀᴘᴘ: bitly/CUN99KCS 𝖢𝗈𝗇𝖿𝗂𝖺𝖤𝗇𝖬𝗂𝖤𝗑𝗉𝖾𝗋𝗂𝖾𝗇𝖼𝗂𝖺𝖨𝗇𝗆𝗈𝖻𝗂𝗅𝗂𝖺𝗋𝗂𝖺 @mavisriveroinmo Afiliada a CAINCRUZ",NO,,729,0,0,0,0,Mavis Rivero Serrano,,,,"-17.695993, -63.210426"
f2a2b0a3d0ed53aff07b5b62d9deaa9b,Ultracasas,Venta,Terreno,,EN VENTA TERRENO EN EL CONDOMINIO LAS PALMERAS,ULTRACASAS,220.000,USD,"¡Terreno exclusivo en venta en Colinas del Urubó Las Palmeras! Terreno en esquina y altura • Superficie: 1313 m² • Precio: Usd220000 Servicios básicos instalados: • Energía eléctrica subterránea • Red de agua potable • Alcantarillado sanitario con planta de tratamiento de aguas residuales • Sistema de hidrantes • Conexión a red de fibra óptica Ventajas del condominio: Actualmente en desarrollo de modernas áreas sociales que incluirn: • Canchas deportivas múltiples • Piscinas • Parques infantiles • Áreas verdes extensas y paisajismo de primer nivel Ubicación privilegiada, entorno natural y alta valorización ¡La oportunidad perfecta para construir tu hogar en el corazón del Urubó!",NO,,1.313,0,0,0,0,Ximena Muñoz,,,,"-17.757824, -63.222149"
986eb76f11078b22ec4cb4a32635286a,Ultracasas,Venta,Terreno,,"(TC 7) Terreno en venta Av. Alemana, entre 3er. y 4to. anillo",ULTRACASAS,135.000,USD,"🔴 TERRENO EN VENTA ZONA NORTE 📍  Av Alemana y Av Mutualista, a pocos metros del 4to anillo (Sobre calle colectora hacia av 2 agosto) 💰 PRECIO DE VENTA: 135000 $us (TIPO DE CAMBIO 7) ☑️ 𝐒𝐮𝐩𝐞𝐫𝐟𝐢𝐜𝐢𝐞: 248,50 𝐦𝟐 ☑️ 𝐈𝐝𝐞𝐚𝐥 𝐩𝐚𝐫𝐚 𝐝𝐞𝐬𝐚𝐫𝐫𝐨𝐥𝐥𝐨 𝐢𝐧𝐦𝐨𝐛𝐢𝐥𝐢𝐚𝐫𝐢𝐨 ☑️ Frente 10 m ☑️ Fondo: 24,85 m ☑️ A pocos metros de la Av 📲CONTACTAME, para mayor información  Century 21  Andrea Kanda terrenoseconomicos TerrenosenSantaCruz Century21elite bienesraices terrenosenventazonanorte CasaEnVentaZonaNorte",NO,,249,0,0,0,0,Andrea Kanda,,,,"-17.755625, -63.158009"
0b6326e4b700b99dd654717f65b5ecf4,Ultracasas,Venta,Terreno,,7 Terrenos en el Exclusivo Condominio Río Sierra (Urubó) desde 774 m2,ULTRACASAS,178.000,USD,"UBICACIÓN CONDOMINIO Condominio ubicado en una de las zonas más exclusivas del Urubo, en altura, y con vista panorámica hacia Santa Cruz de la Sierra El condominio se encuentra a tan solo 5 minutos del puente del Urubo CARACTERÍSTICAS DE LOS TERRENOS Contamos con terrenos de acuerdo al siguiente detalle: 1 774 m2 2 820 m2 3 832 m2 4 927 m2 5 965 m2 6 993 m2 7 1321 m2 Consulte el terreno que desee para que le enviemos las características de frente y fondo CARACTERÍSTICAS DEL CONDOMINIO El condominio cuenta con las siguientes comodidades •	2 Club House con churrasqueras •	Mini Golf •	Canchas de tenis, vóley, básquet, futbol, polifuncional •	Ciclo vías •	Minimercado •	Parque de niños •	Gas domiciliario •	Alcantarillado propio •	Red de gas dp,ocoñoarop •	Planta de tratamiento de agua •	Seguridad las 24 horas Precio por m2 = Sus 210 Precio por m2 al contado = $us 200 Agenda tu visita con nosotros al Visita nuestra web para ver más opciones: wwwfeeneybienesraicescom",NO,,774,0,0,0,0,André Feeney,,,,"-17.771229, -63.229527"
1c8d0c32500c4b9729b94932ccb36627,Ultracasas,Venta,Terreno,,CASA EN VENTA COMO TERRENO ENTRE 2do Y 3er ANILLO SUR,ULTRACASAS,360.000,USD,"Casa en venta como terreno de 273 m² con un frente de 42 metros, entre 2do y 3er anillo ▪️Cuenta con todos los servicios ▪️Este terreno necesita un nuevo propietario que aprecie su potencial ▪️PRECIO DE VENTA: Usd 360000 Asesora de Bienes Raíces Patty Hurtado",NO,,273,0,0,0,0,Patty Hurtado - Asesora Inmobiliaria,,,,"-17.799252, -63.19276"
132c8ba933c9c8d13c4e64334de2a7b5,Ultracasas,Venta,Terreno,,Radial 26 entre 5to y 6to anillo urb. cerrada El Carmen,ULTRACASAS,1700.000,BOB,"Terreno en la zona norte, radial 26 entre 5to Y 6to, en la Urbanización cerrada El Carmen Terreno de 1098,21 m2 (lote 142) (16,8 x  65,5) Urbanización cerrada Cuenta con laguna propia y dos entradas a la urbanización Próximamente la urbanización tendrá áreas sociales a construir Seguridad privada La zona cuenta con los servicios básicos de agua, electricidad, cable y otros Papeles en orden Precio en 1700000,00 Bs (un millón setecientos mil bolivianos 00/100) Precio Negociable",NO,,1.098,0,0,0,0,Bruno Ferrari F.,,,,"-17.730162, -63.191158"
9d7ccfec6e2172c3a27f755811fcbf29,Ultracasas,Venta,Terreno,,AV BANZER 2DO Y TERCER ANILLO,ULTRACASAS,10584.000,USD,"Te presento el mejor Terreno sobre la Av Banzer   Ubicación Estratégica Entre 3er y 4to Anillo ¡Oportunidad única de inversión! 📐 Superficie de 6828,33 m² s/mensura Ubicado en una de las áreas de mayor crecimiento relevancia, visibilidad y desarrollo comercial y empresarial de la ciudad Con 34 metros de frente sobre la avenida principal, y casi 100 metros sobre cada una de las 2 calles laterales Este terreno cuenta con: Zonificación: ÍNDICE DE CONSTRUCCIÓN Tipo 6 (el máximo reglamentario!) Accesibilidad: Excelente ubicación, con fácil acceso a principales vías de transporte, y cercanía a las más importantes industrias, comercios, bancos, edificios corporativos, malls y centros comerciales Además se ubica a pasos del retorno, lo cual habilita al público que circula mano al sur a también acceder con absoluta facilidad Servicios: Con todos los servicios básicos disponibles Potencial de Crecimiento: La zona está en constante desarrollo, lo que asegura una alta valorización a futuro Este terreno es perfecto para emprendedores y desarrolladores que buscan establecer un negocio en un entorno dinámico y en expansión También resulta ideal para posicionar una nueva marca, o sentar un edificio institucional que proyecte la importancia y relevancia de la empresa Valor: $us 1550/m2",NO,,6.828,0,0,0,0,Jeimmy Delboy,,,,"-17.753929, -63.175613"
3cf53639cd3a81940c537dbf7115ba19,Ultracasas,Venta,Terreno,,"Lote 600 m2 (divido en 2 lotes), 
Papeles 100% al dia, 
urbanizacion Pahuichi",ULTRACASAS,70.000,BOB,"urbanizacion Pahuichi (norte de Mar Adentro, al oeste de La Belgica) doble avenida asfaltada acesibilidad a electricidad sobre una colina pequeño rio para banarse a 5 min en auto tienda abarrote a 10 min en auto papeles 100% al dia terreno pagado y sin deuda unico proprietario opcion de aumentar el tamaño hasta 1200 m2 si deseado ubicacion: urbanizacion Pahuichi (norte de Mar Adentro, al oeste de La Belgica) precio por 300 m2: 70,000 Bs precio por 600 m2: 140,000 Bs (Pesos Bolivianos)",NO,,600,0,0,0,0,Gui Clavel,,,,"-17.511532, -63.354069"
e32a574b26b0902ee4d390c05e8a8fb4,Ultracasas,Venta,Terreno,,SOBRE 3ER ANILLO EXTERNO ENTRE AV. CRISTO REDENTOR Y BENI,ULTRACASAS,1.600,USD,"🏗️ Terreno Comercial en Venta – Zona TOP de Santa Cruz 📍 Ubicación estratégica: 3er Anillo Interno, entre Av Beni y Av Cristo Redentor 🏢 Uso de Suelo: Equipamiento Terciario 🔝 Ideal para desarrollar proyectos de alto impacto: •	Centros médicos o clínicas especializadas •	Instituciones educativas o corporativas •	Supermercados, showrooms o https://mapsappgoogl/W1WrT6Z75YGeQUHX7centros comerciales 📐 Superficie total: 2 118 m² 💰 Precio de oportunidad: 1600$ / m2 ✨ Inversión con excelente retorno en una zona de crecimiento constante ⚙️ Infraestructura moderna ya instalada: 🔧 Obra totalmente nueva, sólida y con materiales de última tecnología: ▫️ Conexión a red de agua potable y alcantarillado ▫️ Energía eléctrica en media tensión ▫️ Red de gas domiciliario ▫️ Fibra óptica (Internet, TV y telefonía) 📈 Zona de Alta Plusvalía y Visibilidad Comercial Ubicado en un punto estratégico con alto flujo vehicular y gran proyección comercial Ideal para inversionistas con visión y enfoque en desarrollo urbano",NO,,2.118,0,0,0,0,Jeimmy Delboy,,,,"-17.757841, -63.175766"
e75ff2a7de637b90bcd5261afc4cdc00,Ultracasas,Venta,Terreno,,Urubó Village - Terrenos en Venta,ULTRACASAS,185.000,USD,Terreno en Venta  En Isla (Módulo 3) Cond Urubó Village Superficie: 1106 m2 Consulta por opciones en otros Módulos,NO,,1.106,0,0,0,0,Vania Zelaya Antelo C21,,,,"-17.779156, -63.237339"
3a254bd5400aad1d92330635a45cdf57,Ultracasas,Venta,Terreno,,En Venta Terrenos en Condominio Arelis Urubó,ULTRACASAS,103.000,USD,"UBICACIÓN CONDOMINIO Condominio ubicado en una de las zonas más exclusivas del Urubo, a 2 minutos dónde será el próximo puente del Urubó que saldrá a la Av Roca y Coronado y el condominio se encuentra a aprox 57 minutos del puente que sale a Equipetrol Norte CARACTERÍSTICAS DE LOS TERRENOS Todos los terrenos son planos y no hay terrenos accidentados dentro de este condominio Todos los terrenos son planos y con buen frente (entre 20 y 25 metros) Expensas Bs 670 Cuenta con todos los servicios básicos Club House Churrasqueras Piscina para adultos y niños 2 Lagunas artificiales con paisajismo Áreas verdes con paisajismo Parque infantil Cancha polifuncional Cancha de futbol de pasto Cancha de volleyball de arena Gym Seguridad 24 Hrs Administración y Directorio •	Alcantarillado •	Red de gas •	Planta de tratamiento de agua •	Agua de Saguapac •	Barda perimetral con cerca eléctrica Expensas fijas por lote: Bs 770 Agende su visita al wwwfeeneybienesraicescom",NO,,849,0,0,0,0,André Feeney,,,,"-17.766916, -63.236912"
7771c237728f06b58f27ff984dd1f6fa,Ultracasas,Venta,Terreno,,A solo una cuadra del prestigioso Country Club Las Palmas,ULTRACASAS,1262.940,USD,"🏡 ¡𝑶𝒑𝒐𝒓𝒕𝒖𝒏𝒊𝒅𝒂𝒅 𝑼𝒏𝒊𝒄𝒂 𝒆𝒏 𝒆𝒍 𝒄𝒐𝒓𝒂𝒛ó𝒏 𝒅𝒆 𝑳𝒂𝒔 𝑷𝒂𝒍𝒎𝒂𝒔!! Terreno en venta a solo una cuadra del Country Club ¿Buscas invertir en una de las zonas más exclusivas y con mayor plusvalía de la ciudad? 📍 𝑼𝒃𝒊𝒄𝒂𝒄𝒊ó𝒏 𝒑𝒓𝒊𝒗𝒊𝒍𝒆𝒈𝒊𝒂𝒅𝒂: A solo una cuadra del prestigioso Country Club, en una zona tranquila, segura y de alto nivel 𝑪𝒂𝒓𝒂𝒄𝒕𝒆𝒓í𝒔𝒕𝒊𝒄𝒂𝒔 𝒅𝒆𝒍 𝒕𝒆𝒓𝒓𝒆𝒏𝒐: 📐 Superficie: 105245 m² frente: 3007 m2 fondo: 35 m2 🏗️ Ideal para tu próximo gran proyecto 📈 Plusvalía garantizada 💰Precio: 1262940 $us  (Tc 12) 🌟Invierte o construye en un entorno con alto potencial de crecimiento",NO,,1.052,0,0,0,0,Jeimmy Delboy,,,,"-17.804317, -63.211163"
c3d7e30ed4a98b6d1fc10776e0b42f20,Ultracasas,Venta,Terreno,,Colinas del Urubó Las Palmeras,ULTRACASAS,155.000,USD,𝙏𝙀𝙍𝙍𝙀𝙉𝙊 𝙀𝙉 𝙑𝙀𝙉𝙏𝘼 📍𝘾𝙊𝙇𝙄𝙉𝘼𝙎 𝘿𝙀𝙇 𝙐𝙍𝙐𝘽Ó 𝙎𝙀𝘾𝙏𝙊𝙍 𝙇𝘼𝙎 𝙋𝘼𝙇𝙈𝙀𝙍𝘼𝙎 Superficie 933 m2 Frente: 20 metros Terreno plano en altura,NO,,931,0,0,0,0,Yngrid Peralta,,,,"-17.734976, -63.219616"
2bef8abaaced1452eafe11d094500f16,Ultracasas,Venta,Terreno,,TERRENO COMERCIAL EN PARQUE INDUSTRIAL,ULTRACASAS,4635.600,USD,"Terreno comercial en venta Ubicación: Parque Industrial Manzana 17 entre 4to y 5to anillo Superficie de terreno: 13728m2  13 hectáreas Superficie de construcción: 3718m2 Frente: 92 m Fondo: 150 m Precio:  $us Excelente oportunidad de inversión, terreno en venta en el parque industria cercano a industrias consolidadas como, IMPASTA, POLLO IMBA, MONTEREY, ARGUS, GRUPO NESTLE, INDUSTRIAL FORESTAL CIMAL, entre otros",NO,13728,13.728,0,0,0,0,Pamela Barrientos,,,,"-17.760033, -63.146431"
2cac809cd306db6e547f428445045878,Ultracasas,Venta,Terreno,,Barrio Brigida I Entre San Martin y Canal Isuto,ULTRACASAS,295.000,USD,"Ideal para inversión, oficinas o construcción Galpón de 150 Mts, oficinas, depósito 4 dorm, tres baños Amplia cocina Superficie de terreno: 324 Mts Superficie de Galpón: 150 Mts Oficinas y Construccion: 176 Mts Precio: 295000$ (t/c 697)",NO,,324,0,0,0,0,Mauricio Landivar Piotti,,,,"-17.756121, -63.196175"
11f607d0720e69b90fdc26866713230a,Ultracasas,Venta,Terreno,,Valle Sanchez,ULTRACASAS,1037.250,BOB,"INVIERTE EN VALLE SANCHEZ! , DONDE EL  CRECIMIENTO Y PLUSVALÍA ASEGURADA TENDRÁS 3 TERRENOS EN UNA SOLA INVERSIÓN, superficie total de 1383 m2 en excelente ubicación, sobre una avenida principal, doblevia y con todos los servicios básicos Fácil acceso a transporte público, a pocas cuadras de la Plaza central, colegio, iglesia, centros de abastecimiento y rodeado de otras viviendas y comercios 1 Lote 1:  47894 m2 2 Lote 2: 47735 m2 3 Lote 3: 42736 m2 SUPERFICIE TOTAL 138365 M2 Precio por m2 Bs 1100",NO,,1.383,0,0,0,0,Ana Paola Ortiz,,,,"-17.656414, -63.163891"
3c6fc7ca3ad2aa5960d891f8ae71775d,Ultracasas,Venta,Terreno,,CONDOMINIO CERRADO JADE DEL URUBO,ULTRACASAS,79.000,USD,"Gran Oportunidad de inversion a tan solo 5 minutos del nuevo puente Urubo Village, terreno en condominio cerrado, 762,82 m2 terreno en esquina, barda perimetral, servicio de guardia 24/7, agua, alcantarillado, luz, internet, area social, piscina, laguna natural, mucha vegetación",NO,,763,0,0,0,0,Jorge Alborta,,,,"-17.765814, -63.255192"
ba91ee7db63d4d253f115c0eb99b1212,Ultracasas,Venta,Terreno,,Radial 27 I Cerca a Mall Las Brisas,ULTRACASAS,210.000,USD,SUPERFICIE: 420M2 FRENTE: 12m  FONDO: 35m PRECIO: 210000$ tc 7,NO,,420,0,0,0,0,Mauricio Landivar Piotti,,,,"-17.746784, -63.179539"
e0551ff9e6cf36942a8b1652286d48c1,Ultracasas,Venta,Terreno,,En Venta Terreno Urbano de 22.640 m2 en San José de Chiquitos,ULTRACASAS,730.000,USD,"UBICACIÓN San José de Chiquitos es uno de los puntos de llegada y comercio entre Brasil y Santa Cruz de la Sierra Así mismo, es uno de los atractivos turísticos de Santa Cruz de la Sierra El terreno se encuentra ubicado aprox a unas 6 cuadras de la plaza principal de San José de Chiquitos Muy cerca de la Doble Vía de entrada principal al pueblo (doble vía) TERRENO Superficie de 22,640 m2 Con una construcción de 450 m2 Cuenta con: 4 dormitorios en Suite, sala, cocina, comedor y galería El terreno se encuentra alambrado Documentación legal en orden El terreno tiene un tamaño y ubicación ideal para Urbanización Hotel Empresa Industrial",NO,,22.640,0,0,0,0,André Feeney,,,,"-17.781113, -63.168037"
54595a517c11eaaeddce6ac3f2f27dfb,Ultracasas,Venta,Terreno,,"📍Zᴏɴᴀ Nᴏʀᴛᴇ
8ᴠᴏ. Aɴɪʟʟᴏ  -  Eɴᴛʀᴇ Cᴀɴᴀʟ Cʜɪᴠᴀᴛᴏ ʏ ᴀᴠ. Mᴜᴛᴜᴀʟɪsᴛᴀ",ULTRACASAS,50.900,USD,"🟡 𝗧𝗘𝗥𝗥𝗘𝗡𝗢𝗦 𝗣𝗔𝗥𝗔 𝗜𝗡𝗩𝗘𝗥𝗦𝗜𝗢𝗡! 🅴🅽 🆅🅴🅽🆃🅰 ▫️▫️▫️▫️▫️▫️ Oᴘ1 💲 𝟱𝟬,𝟵𝟬𝟬 ▫️ ▪️Oᴘ1 Sup :486 m² ➖️ 📍Zᴏɴᴀ Nᴏʀᴛᴇ 8ᴠᴏ Aɴɪʟʟᴏ    Eɴᴛʀᴇ Cᴀɴᴀʟ Cʜɪᴠᴀᴛᴏ ʏ ᴀᴠ Mᴜᴛᴜᴀʟɪsᴛᴀ ◾Oᴘ1  486 m2 ◼️En esquina ◾Terrenos Independientes ideales para inversionistas ◾Servicios básicos, Agua, Luz 🟡 GRAN OPORTUNIDAD! ▫️ 𝗠𝗔𝗩𝗜𝗦 𝗥𝗜𝗩𝗘𝗥𝗢 ʙʀᴏᴋᴇʀ ᴏᴡɴᴇʀ  𝗜𝗻𝗺𝗼 𝗕𝗿𝗼𝗸𝗲𝗿𝘀 ᴀsᴇsᴏʀᴀ ɪɴᴍᴏʙɪʟɪᴀʀɪᴀ 𝟩𝟪𝟧 𝟨𝟧𝟢𝟢𝟢 ᴡʜᴀᴛsᴀᴘᴘ: bitly/CChyMt8vo65kYPIMBK 𝖢𝗈𝗇𝖿𝗂𝖺𝖤𝗇𝖬𝗂𝖤𝗑𝗉𝖾𝗋𝗂𝖾𝗇𝖼𝗂𝖺𝖨𝗇𝗆𝗈𝖻𝗂𝗅𝗂𝖺𝗋𝗂𝖺 @mavisriveroinmo Afiliada a CAINCRUZ",NO,,486,0,0,0,0,Mavis Rivero Serrano,,,,"-17.727177, -63.130859"
a6ca1a508c2f580124948e5873e10e53,Ultracasas,Venta,Terreno,,TARUMATU URUBO,ULTRACASAS,291.170,USD,"EN VENTA 6 HECTAREAS URUBO/TARUMATU • ¡Excelente oportunidad de     inversión! • Terreno de 6 hectáreas en la zona de Tarumatu, perfecto para desarrollo inmobiliario o proyectos comerciales Esta ubicación estratégica, ofrece un gran potencial de crecimiento y rentabilidad • A 25 min del puente Foianini Urubo antes de llegar al Complejo Campestre Urubo III del Grupo Sion • Sobre camino Urubo – Colpa Caranda • Energía eléctrica rural, cuenta con un transformador en la propiedad • Inversión 5 USD EL M2",NO,,58.234,0,0,0,0,Cecilia Oporto,,,,"-17.619862, -63.229614"
8eb79ea15469fa6109e28eedfe2d7263,Ultracasas,Venta,Terreno,,Av Internacional G77,ULTRACASAS,1.900,BOB,"TERRENOS EN CONDOMINIO RIVIERA 1 y 2 PARA QUE CONSTRUYAS LA CASA SOÑADA PARA TU FAMILIA Aprovecha ahora y elige tu terreno con la independencia de diseñar la casa de tus sueños y las ventajas de ser parte de un Condominio con una de las  áreas sociales más completas de Santa Cruz 📍Zona Norte, la zona de mayor plusvalía Acceso totalmente pavimentado,  rodeado de Condominios Terrenos desde 280 mts2 Precio Bs 1900 x m2 PRECIO PROMOCIONAL HASTA SEPTIEMBRE (Descuentos por pago al contado!!)",NO,,315,0,0,0,0,Ana Paola Ortiz,,,,"-17.687363, -63.140907"
f6e4c37fc4d8874392f44936fb3d820c,Ultracasas,Venta,Terreno,,Barrio Las Palmas sobre calle Puerto Busch,ULTRACASAS,600.600,USD,"Venta de Terreno Ubicado en Las Palmas sobre calle Puerto Bush esquina calle 7 Superficie de 825m2 Precio $us600,600",NO,,825,0,0,0,0,Maria Lourdes Durán,,,,"-17.801979, -63.21347"
a3a67b4eb86d5f946ceb0dd47537b3a8,Ultracasas,Venta,Terreno,,Doblevia La Guardia y 8° anillo,ULTRACASAS,6272.098,USD,"ESPECTACULAR TERRENO ALTAMENTE COMERCIAL 📍Ubicado estratégicamente sobre la doble vía a La Guardia km 8 y con salida al  octavo anillo 📐Superficie : 21261,35 m2 Cuenta ademas con 1638 m2 de oficinas ⁠galpón de 800m2 Suelo de uso mixto apto para cualquier rubro comercial o proyecto inmobiliario PRECIO US$295 x m2 Tc 6,97",NO,,21.261,0,0,0,0,Ana Paola Ortiz,,,,"-17.837469, -63.23679"
ba859bad88d2a633919420bda11b9fa2,Ultracasas,Venta,Terreno,,Parque Industrial Av. Mutualista y 6to Anillo,ULTRACASAS,342.000,USD,"TERRENO EN EL PARQUE INDUSTRIAL Ubicado en la zona Noroeste del Parque Industrial, a 100 m del 6to y a 200 m del Cambódromo  PUEDE SER UTILIZADO ÚNICAMENTE PARA UNA INDUSTRIA O EMPRESA, NO PARA VIVIENDA Tiene una superficie de 1,800 m2 y está ubicado sobre dos avenidas perimetrales, como se puede apreciar en las imágenes Se prevee la pavimentación de la Av Perimetral 1, como una avenida de doble vía, para el próximo año La Calle Perimetral 2, que será una calle de doble vía y se espera su pavimentación para el subsiguiente El precio es de 190 $us/m2 haciendo  un total de $us 342,0000",NO,,1.800,0,0,0,0,Bosko SRL,,,,"-17.743067, -63.13847"
89f6258bda2c97f35cf1fc6baa8afa61,Ultracasas,Venta,Terreno,,CONDOMINIO URUBO GOLF,ULTRACASAS,228.500,USD,"Superficie 820m2 módulo 4 Terreno vista a country y golf En altura, salida a dos calles Precio Bs 1600000",NO,,820,0,0,0,0,Mauricio Landivar Piotti,,,,"-17.741392, -63.220085"
5e10b4ec2cb8a0cbd8a5dc26eeb465a3,Ultracasas,Venta,Terreno,,Colinas del Urubo 3,ULTRACASAS,86.000,USD,"TERRENO EN VENTA Colinas del Urubo 3 Precio: $us 86000 (Tc 7) Solo pago al contado Superficie: 325,23 m2 Agenda una visita! Arq Laura Barrientos  Broker Century 21 Home venta TerrenosEnVenta Terrenoenurubo UruboGolf santacruzbolivia",NO,,325,0,0,0,0,Fernando Lamas,,,,"-17.745644, -63.222919"
bfcd83ea05faa06f6268a052468473a9,Ultracasas,Venta,Terreno,,Terreno Cond. Santa Anita,ULTRACASAS,89.000,USD,"🌳𝗧𝗲𝗿𝗿𝗲𝗻𝗼 𝗲𝗻 𝘃𝗲𝗻𝘁𝗮 𝗖𝗼𝗻𝗱𝗼𝗺𝗶𝗻𝗶𝗼 𝗦𝗮𝗻𝘁𝗮 𝗔𝗻𝗶𝘁𝗮 𝑪𝒐𝒏𝒅𝒐𝒎𝒊𝒏𝒊𝒐 𝒓𝒐𝒅𝒆𝒂𝒅𝒐 𝒅𝒆 𝒏𝒂𝒕𝒖𝒓𝒂𝒍𝒆𝒛𝒂, 𝒂 𝒕𝒂𝒏 𝒔𝒐𝒍𝒐 15 𝒎𝒊𝒏𝒖𝒕𝒐𝒔 𝒅𝒆𝒍 4𝒕𝒐 𝒂𝒏𝒊𝒍𝒍𝒐 𝑷𝒖𝒆𝒏𝒕𝒆 𝑭𝒐𝒊𝒂𝒏𝒊𝒏𝒊 📐𝚂𝚞𝚙𝚎𝚛𝚏𝚒𝚌𝚒𝚎 𝚍𝚎𝚕 𝚝𝚎𝚛𝚛𝚎𝚗𝚘: 𝟷𝟽𝟾𝟸,𝟻𝟿 𝚖𝟸 💰𝙿𝚛𝚎𝚌𝚒𝚘: $𝚞𝚜 𝟾𝟿𝟶𝟶𝟶 ❇️Ubicación Inmejorable dentro del Condominio ❇️Servicios básicos 𝐀́𝐫𝐞𝐚𝐬 𝐒𝐨𝐜𝐢𝐚𝐥𝐞𝐬: • 2 lagunas naturales • Parque infantil • Churrasquera • Portería con Ingreso Controlado 𝙏𝙚𝙧𝙧𝙚𝙣𝙤 𝙞𝙙𝙚𝙖𝙡 𝙥𝙖𝙧𝙖 𝙘𝙤𝙣𝙨𝙩𝙧𝙪𝙞𝙧 𝙩𝙪 𝙘𝙖𝙨𝙖 𝙎𝙤𝙣̃𝙖𝙙𝙖❗ 📲Solicita información:",NO,,1.782,0,0,0,0,Heidy Rivas,,,,"-17.704683, -63.218716"
69f1ad78f194800569c39b8a0446c5f9,Ultracasas,Venta,Terreno,,"Zona Norte
Valle Sanchez -
Urbanización Colinas del Norte",ULTRACASAS,35.000,USD,"🟡 𝗧𝗘𝗥𝗥𝗘𝗡𝗢 𝗜𝗡𝗗𝗘𝗣𝗘𝗡𝗗𝗜𝗘𝗡𝗧𝗘 🅴🅽 🆅🅴🅽🆃🅰 ▫️ 💲 𝟯𝟱,𝟬𝟬𝟬 ▫️ ▪️Sup:383 m² ➖️ 📍Zᴏɴᴀ Nᴏʀᴛᴇ Uʀʙ Cᴏʟɪɴᴀs ᴅᴇʟ Nᴏʀᴛᴇ  VALLE SANCHEZ ◾383 m2 ◼️En Esquina ◾Terreno Independiente ◾Servicios básicos, Agua, Luz ◾Listo para construir 🟡 GRAN OPORTUNIDAD! ▫️ 𝗠𝗔𝗩𝗜𝗦 𝗥𝗜𝗩𝗘𝗥𝗢 ʙʀᴏᴋᴇʀ ᴏᴡɴᴇʀ  𝗜𝗻𝗺𝗼 𝗕𝗿𝗼𝗸𝗲𝗿𝘀 ᴀsᴇsᴏʀᴀ ɪɴᴍᴏʙɪʟɪᴀʀɪᴀ 𝟩𝟪𝟧 𝟨𝟧𝟢𝟢𝟢 ᴡʜᴀᴛsᴀᴘᴘ: bitly/UCDNVS35kSPIMBK 𝖢𝗈𝗇𝖿𝗂𝖺𝖤𝗇𝖬𝗂𝖤𝗑𝗉𝖾𝗋𝗂𝖾𝗇𝖼𝗂𝖺𝖨𝗇𝗆𝗈𝖻𝗂𝗅𝗂𝖺𝗋𝗂𝖺 @mavisriveroinmo  🟨 🔝🔝🔝🔝🔝🔝 Afiliada a CAINCRUZ   🟩",NO,,383,0,0,0,0,Mavis Rivero Serrano,,,,"-17.653023, -63.17857"
170fe3b36c24c9f0166ffd5602ea6c09,Ultracasas,Venta,Terreno,,MAR ADENTRO,ULTRACASAS,90.000,USD,"Terreno en segunda línea de orilla de playa 🏝️ MAR ADENTRO En la playa, lo cotidiano se transforma en algo extraordinario Viví una experiencia de otro nivel🌴 Manzana 8 lote 20 Dimensión: 526,54 m2 Precio 90000 $us 📍Ubicación privilegiada con una gran vista y proyección para hacer la vivienda donde te vas a sentir de vacaciones todos los días 🏖Mas de 3 hectáreas de Mar celeste para toda clase de actividades 🏊‍♀️🚣‍♀️",NO,,526,0,0,0,0,Jeimmy Delboy,,,,"-17.810598, -63.271908"
f3ad42c04414828916500f54b525fa6b,Ultracasas,Venta,Terreno,,ZONA SUR ZONA EL PAJONAL! ENTRE 3ER Y 4TO ANILLO!!,ULTRACASAS,175.000,USD,🚨 OPORTUNIDAD DE INVERSIÓN 🏗️Casa Antigua para demoler o remodelar 📐  45241m2 📍Barrio El Pajonal entre 3er y 4to anillo 📣Precio: $us 175000 TC7,NO,,452,0,0,0,0,Huascar Cuellar,,,,"-17.813116, -63.166256"
5613284892051f0fbb1a66cf6218fe32,Ultracasas,Venta,Terreno,,Terreno sobre Av. Bolivia-Palmar del Oratorio,ULTRACASAS,60.000,USD,"𝗔𝗠𝗣𝗟𝗜𝗢 𝗧𝗘𝗥𝗥𝗘𝗡𝗢 𝗦𝗢𝗕𝗥𝗘 𝗔𝗩𝗘𝗡𝗜𝗗𝗔❗𝟯 𝙋𝙍𝙄𝙉𝘾𝙄𝙋𝘼𝙇𝙀𝙎 𝙑𝙄𝘼𝙎 𝘿𝙀 𝘼𝘾𝘾𝙀𝙎𝙊📍Av Santos Dumont📍Av Nuevo Palmar📍Av Bolivia 𝘽𝙀𝙉𝙀𝙁𝙄𝘾𝙄𝙊𝙎 ✔Terreno de más de 1000 mts2 sobre Avenida Bolivia, totalmente pavimentada ✔Dentro de la urbanización Abierta ""El Motoyoe"" ✔Transporte Público: Líneas de Micro 7, 85 y 60 ✔Próximo al mercado Fortaleza ✔A sólo 2 Cuadras de la Plaza, del Coliseo deportivo, La Posta Sanitaria, el Colegio y la Iglesia del Barrio 📈Excelente Inversión debido al crecimiento comercial y poblacional de la zona💲Plusvalía Asegurada 𝙑𝙄𝙎𝙄𝙏𝘼 𝙉𝙐𝙀𝙎𝙏𝙍𝘼𝙎 𝙊𝙁𝙄𝘾𝙄𝙉𝘼𝙎: Av San Aurelio Calle 6 3012, entre 3ro Anillo y 2do Anillo 𝗟𝗟𝗔𝗠𝗔𝗡𝗢𝗦 𝗢 𝗖𝗢𝗡𝗧𝗔𝗖𝗧𝗔𝗡𝗢𝗦 𝗣𝗢𝗥 𝗪𝗛𝗔𝗦𝗧𝗔𝗣𝗣: https://wame/message/3ZLWBAJM5NEEL1 𝗡𝗢 𝗣𝗜𝗘𝗥𝗗𝗔 𝐋𝐀 𝗢𝗣𝗢𝗥𝗧𝗨𝗡𝗜𝗗𝗔𝗗 𝗬 𝗔𝗗𝗤𝗨𝗜𝗘𝗥𝗔 𝗦𝗨 𝗧𝗘𝗥𝗥𝗘𝗡𝗢 𝗖𝗢𝗡 𝗣𝗟𝗨𝗦𝗩𝗔𝗟𝗜𝗔 𝗚𝗔𝗥𝗔𝗡𝗧𝗜𝗭𝗔𝗗𝗔❗",NO,,516,0,0,0,0,Christoffer Espinoza,,,,"-17.879526, -63.152985"
e33b73f03b8b2f8c0b0bbb076c365090,Ultracasas,Venta,Terreno,,Urbanizacion Valle Sanchez,ULTRACASAS,235.000,USD,"FRATERNIDAD EN VENTA, ZONA NORTE Ubicación: Urbanización Valle Sánchez Inversión: $us 235000 Superficie de terreno: 2950 m2 Superficie construida: 350 m2 Consta de: Cancha fútbol 7, con sistema de riego e iluminación led Baños hombre y mujer 2 churrasqueras Cabaña Depósito Dormitorio de servicio Cocina Agenda una visita: https://bitly/VentaFraternidadZonaNorte Comercializa: Ing Fernando Lamas Contacto: Broker – Century 21 Home",NO,2950,2.950,0,0,0,0,Fernando Lamas,,,,"-17.659477, -63.158669"
2524ec2156c57d695f198725986182e6,Ultracasas,Venta,Terreno,,Urubó Village,ULTRACASAS,185.000,USD,"Ubicado en la zona más exclusiva de Santa Cruz de la Sierra, a 8 min del puente Mario Foianini, Urubó Village se ha convertido en un proyecto urbanístico inédito para el país en ofrecerles a sus residentes, el primer Club Hípico dentro de una urbanización Las residencias, tienen acceso a áreas de recreación, senderos de ciclovías para caminar, correr o manejar bicicleta conectándolos estratégicamente al Country Club Village, además le ofrece un sistema de lagunas para disfrutar y pasear en familia AMENIDADES: Club Hípico Country Club con: Canchas de Tenis Canchas polideportiva Cancha de Futbol 7 Cancha de Futbol 5 Laguna de 13 Has Club Nautico Churrasquera Gimnasios al aire libre Ciclovías Malecón de 2km alrededor de laguna Sports Bar Parque Infantiles Salón de Eventos Salón de Juegos Salón para Restaurante Piscina Spa Sauna Club House en cada módulo",NO,,1.103,0,0,0,0,Ana Paola Ortiz,,,,"-17.7901, -63.270454"
7577661dc1008e95bbf755b146241a8a,Ultracasas,Venta,Terreno,,CONDOMINIO COLINAS DEL URUBO SECTOR 2,ULTRACASAS,814.400,USD,"Colinas del Urubó  Sector 2 Hermoso terreno en venta en la parte de la Riviera •Superficie: 2036 m² •Ubicación privilegiada , en una de las zonas más exclusivas del Urubó •Ideal para construir la casa de tus sueños o un proyecto de inversión Rodeado de naturaleza y tranquilidad",NO,,2.036,0,0,0,0,Rita Alcazar de Quiroga,,,,"-17.748779, -63.215515"
c8529ba1911341fdecf1131616aa9795,Ultracasas,Venta,Terreno,,Condominio Florida I,ULTRACASAS,85.000,USD,OFERTA DE LA SEMANA A tan solo 8 minutos del puente Urubo EN VENTA HERMOSO TERRENO EN “CONDOMINIO FLORIDA I ” Dimension: 413m2 Precio: 85000$us tc 7 El condominio cuenta con: Piscina Parque de niños Churrasquera Cancha de futbol Seguridad 24 horas Acceso controlado al condominio,NO,,413,0,0,0,0,Laura A. Chavez,,,,"-17.754023, -63.245579"
3f8fe9ea6ae3d438b13b1f803838569c,Ultracasas,Venta,Terreno,,EN VENTA TERRENO EN EL CONDOMINIO LAS PALMERAS,ULTRACASAS,219.000,USD,"¡Terreno exclusivo en venta en Colinas del Urubó  Las Palmeras! •	Superficie: 1089 m² •	Frente: 25 metros •	Forma: Rectangular •	Precio: Usd219000 Servicios básicos instalados: •	Energía eléctrica subterránea •	Red de agua potable •	Alcantarillado sanitario con planta de tratamiento de aguas residuales •	Sistema de hidrantes •	Conexión a red de fibra óptica Ventajas del condominio: Actualmente en desarrollo de modernas áreas sociales que incluirán: •	Canchas deportivas múltiples •	Piscinas •	Parques infantiles •	Áreas verdes extensas y paisajismo de primer nivel Ubicación privilegiada, entorno natural y alta valorización ¡La oportunidad perfecta para construir tu hogar en el corazón del Urubó!",NO,,1.089,0,0,0,0,Ximena Muñoz,,,,"-17.74548, -63.223263"
6dd6ad24b0f4b7c7b5127c13d8a6bbd1,Ultracasas,Venta,Terreno,,Urubo Norte diagonal a la Playa Turquesa,ULTRACASAS,1404.000,USD,VENDO TERRENO URUBO 52HA Papeles al dia Luz trifasica Totalmente Plano Pozo Pavimentado Propietario,NO,,52.000,0,0,0,0,Juan Park,,,,"-17.699205, -63.211784"
9d24a11d93b4369ff5fb0ca223f9e53c,Ultracasas,Venta,Terreno,,Mar adentro,ULTRACASAS,130.000,USD,"🌅 ¡EXCLUSIVO TERRENO FRENTE A LA PLAYA! 🌅 Primera fila – Vista privilegiada al agua 📍 Ubicación premium: Manzana 32, Lote 9 – ¡Frente directo a la playa! 📐 Dimensiones ideales: ▫ Frente: 22,15 m ▫ Fondo: 30 m ▫ Superficie total: 715,17 m² 💰 Precio imperdible: $130000  T/C 7 ✨ Perfecto para construir tu casa de descanso, cabaña o inversión turística Disfruta de atardeceres únicos, naturaleza y tranquilidad en un entorno inmejorable 📲 ¡Contáctanos hoy y agenda tu visita!",NO,,715,0,0,0,0,Eliana Salvatierra,,,,"-17.798363, -63.274246"
0aa217b99dc35d55c6428c3c0dfdbd71,Ultracasas,Venta,Terreno,,Zona Equipetrol Calle I casi 4to anillo,ULTRACASAS,570.000,USD,Superficie 577 m2 ( 18  metros de frente),NO,,577,0,0,0,0,Mauricio Landivar Piotti,,,,"-17.757631, -63.199196"
fc16bf0da61e3fe91dba3afb7cfab490,Ultracasas,Venta,Terreno,,A 2 min DEL NUEVO PUENTE URUBO,ULTRACASAS,886.334,USD,"‼️𝑻𝑬𝑹𝑹𝑬𝑵𝑶 𝑬𝑵 𝑽𝑬𝑵𝑻𝑨‼️ 📍𝑬𝑵 𝑼𝑹𝑼𝑩𝑶́ 𝑨 2 𝒎𝒊𝒏 𝒅𝒆𝒍 𝒏𝒖𝒆𝒗𝒐 𝒑𝒖𝒆𝒏𝒕𝒆 (𝒄𝒐𝒍𝒊𝒏𝒅𝒂 𝒄𝒐𝒏 𝒖𝒓𝒖𝒃𝒐 𝑽𝒊𝒍𝒍𝒂𝒈𝒆) 𝒂 500 𝒎𝒆𝒕𝒓𝒐𝒔 𝒅𝒆 𝒍𝒂 𝒄𝒂𝒓𝒓𝒆𝒕𝒆𝒓𝒂 📣 𝑻𝒆𝒓𝒓𝒆𝒏𝒐 𝒅𝒆 8863,34 𝒎2 💰𝑷𝒓𝒆𝒄𝒊𝒐 886334 $𝒖𝒔 (𝑻/𝑪 7) ✔️𝑫𝒐𝒄𝒖𝒎𝒆𝒏𝒕𝒐 𝒆 𝒊𝒎𝒑𝒖𝒆𝒔𝒕𝒐𝒔 𝒂𝒍 𝒅𝒊́𝒂 Precio conversable",NO,,8.864,0,0,0,0,Zorka Alderete,,,,"-17.775518, -63.253433"
338ef2f5ed5c88eeef83cfe61a37676b,Ultracasas,Venta,Terreno,,TERRENO EN VENTA ZONA NUEVO ABASTO,ULTRACASAS,1210.195,USD,🔴 𝗢𝗣𝗢𝗥𝗧𝗨𝗡𝗜𝗗𝗔𝗗 𝗨́𝗡𝗜𝗖𝗔: 𝗧𝗘𝗥𝗥𝗘𝗡𝗢 𝗖𝗢𝗠𝗘𝗥𝗖𝗜𝗔𝗟 𝗘𝗡 𝗘𝗦𝗤𝗨𝗜𝗡𝗔 𝗙𝗥𝗘𝗡𝗧𝗘 𝗔𝗟 𝗡𝗨𝗘𝗩𝗢 𝗔𝗕𝗔𝗦𝗧𝗢 🔴 📍 Ubicación: Frente al Nuevo Mercado Abasto – Santa Cruz de la Sierra 📐 Superficie: 𝟭𝟳𝟮9 𝗺² 💰 Precio total: $1210195 💲 Precio por m²: $700 🛣 𝗦𝗔𝗟𝗜𝗗𝗔 𝗔 𝟯 𝗖𝗔𝗟𝗟𝗘𝗦 📄 𝗗𝗢𝗖𝗨𝗠𝗘𝗡𝗧𝗔𝗖𝗜𝗢́𝗡 𝗔𝗟 𝗗𝗜́𝗔 🏪 Zona: 𝗖𝗢𝗠𝗘𝗥𝗖𝗜𝗔𝗟 𝗗𝗘 𝗔𝗟𝗧𝗔 𝗠𝗢𝗩𝗜𝗟𝗜𝗗𝗔𝗗 📌 𝗘𝗡 𝗘𝗦𝗤𝗨𝗜𝗡𝗔 – Excelente visibilidad y flujo vehicular,NO,,1.729,0,0,0,0,Eduardo Hoyos,,,,"-17.845869, -63.231739"
fb1a833886f46465d4490d65b00c4c09,Ultracasas,Venta,Terreno,,Doble vía La Guardia entrando por el 8vo anillo,ULTRACASAS,125.000,USD,"CENTRO COMERCIAL MAYORISTA MEGARAMADA La mejor inversión para la expansión de su negocio! El futuro Centro Comercial Mega Ramada está ubicado sobre la Doble vía La Guardia y 8vo anillo Se desarrollará sobre 35,119 m2 y estará concluido en el 2023 Estratégicamente ubicado al lado de Mercado Mayorista Abasto Sur, el mayor centro de abastecimiento de alimentos de la ciudad de Santa Cruz, con una afluencia de más de 20,000 personas que visitan el mercado diariamente y 2,000 camiones que traen su mercadería cada día, según estadísticas de la Alcaldía TERRENOS EN VENTA: El Centro consiste de 87 terrenos, cada uno de 19356 m2, con 12 m de frente y 1613 m de fondo Los propietarios podrán construir hasta 3 locales comerciales en el frente de cada terreno, caca uno con sus mezanines y depósitos en la parte trasera El proyecto consta de 261 locales en todo el comerciales, para comercio mayorista y oficinas El anteproyecto ya cuenta con la aprobación del municipio de Santa Cruz, y en los próximos tres meses contará con la aprobación final Actualmente solo quedan 3 de 193 m2 terrenos disponibles para la venta LOS PROPIETARIOS SON: Comerciantes Mayoristas del Mercado La Ramada de la Av Grigotá de Santa Cruz, y mayoristas de diversos mercados de la ciudad del Alto FINANCIAMIENTO BANCARIO: A través del Banco Mercantil Santa Cruz PRECIO: $us 125,00000 EN EL COMERCIAL SE COMERCIALIZARÁ AL POR MAYOR: Abarrotes, plásticos, dulces, galletas, golosinas, productos de limpieza, ropa, zapatos, electrodomésticos, productos de librería, bebidas, sodas, licores, entre otros MAYOR INFORMACIÓN: Tel",NO,,193,0,0,0,0,Bosko SRL,,,,"-17.845442, -63.228573"
821ccb41edd55fb50f093551a1c8822d,Ultracasas,Venta,Terreno,,PARQUE INDUSTRIAL LATINOAMERICANO,ULTRACASAS,1200.000,USD,"✨ TERRENO DE 6,1 HA EN VENTA! ✨ 📍 Ubicado en zona norte en el Parque Industrial Latinoamericano, se encuentra a 20 min de la ciudad de Santa Cruz 📐Superficie total:  61060 M2 (aprox frente 200 m x 300 m de fondo) Lote 5: 31056 M2 y Lote 6: 30003 M2 💵Precio:   1200000 USD  19,65 $us/m2!!! Ideal para empresas e inversionistas, ya que cuenta con empresas ya consolidadas en la zona Zona con alta plusvalia, pertenece al municipio de Warnes A 5 minutos del aeropuerto A pocos metros de la Carrtera al Norte eje troncal del país, del corredor transoceánico que vincula Argentina, Paraguay y Brasil con Chile y Perú Por los predios del PILAT, atraviesa la nueva doble vía de alta velocidad Santa CruzWarnes (en construcción)",NO,,61.060,0,0,0,0,Pamela Barrientos,,,,"-17.522579, -63.118881"
f5d38f41ad4a525f43a6c73bf2271ba4,Ultracasas,Venta,Terreno,,TERRENO EN VENTA 8VO ANILLO Y AV ALEMANA,ULTRACASAS,6922.000,BOB,"TERRENO EN VENTA EN 8VO ANILLO próximo Av Alemana Ubicación privilegiada: 8vo anillo, a pocos pasos de Av Alemana Superficie: 6669 m²Ideal para proyectos residenciales o  comerciales Acceso fácil y rápido a las principales vías de la ciudad Zona en crecimiento y desarrollo",NO,,6.991,0,0,0,0,Rita Alcazar de Quiroga,,,,"-17.717129, -63.145489"
05ca2aae714d1e0e361379fe9928aaad,Ultracasas,Venta,Terreno,,Barrio Norte al frente del Mall las Brisas,ULTRACASAS,630.000,USD,"TERRENO en VENTA en CONDOMINIO BARRIO NORTE Quieres construir tu casa en el Condominio mejor ubicado de la ciudad de Santa Cruz condominio Barrio Norte , exclusividad, seguridad y confort Ultimo terreno disponible Superficie : 1173 m2 Precio : $630000 pago en Dólares o tc Paralelo Más información: Eduardo Hoyos Asesor inmobiliario  Century 21 whatsaap",NO,,1.173,0,0,0,0,Eduardo Hoyos,,,,"-17.745581, -63.175934"
0e2ec5f276d585a36278a977f1bac4fa,Ultracasas,Venta,Terreno,,"Condominio Barrio Norte, Sobre Av. Banzer, 4to anillo",ULTRACASAS,630.000,USD,"TERRENO EN VENTA 📍 Condominio Barrio Norte Sobre la Av Banzer, 4 anillo 📐 Terreno : 1173 m2 💴: $ 630000  $ o tc paralelo",NO,1173,1.173,0,0,0,0,Jeimmy Delboy,,,,"-17.747849, -63.175076"
cce3e7176a2be365bafd5a9a4c37ff75,Ultracasas,Venta,Terreno,,URUBO,ULTRACASAS,886.334,USD,"Buscas invertir en un lugar con gran proyección y rodeado de naturaleza? Esta es tu oportunidad!!! 𝐓𝐄𝐑𝐑𝐄𝐍𝐎 𝐄𝐍 𝐕𝐄𝐍𝐓𝐀 En  Zona de Alto Crecimiento!!! 𝐏𝐑𝐄𝐂𝐈𝐎: $𝐮𝐬 𝟖𝟖𝟔𝟑𝟑𝟒    (𝐂𝐚𝐦𝐛𝐢𝐨 𝐁𝐬 𝟕) Ubicado en una hermosa zona en pleno desarrollo inmobiliario, este terreno se encuentra en la Carretera de Santa Cruz  Porongo, colinda con el exclusivo condominio URUBO VILLAGE, donde la tranquilidad y el entorno natural son parte del día a día Con excelente accesibilidad, ideal para construir la CASA de TUS SUEÑOS o desarrollar un PROYECTO RESIDENCIAL 𝐒𝐮𝐩 𝟖𝟖𝟔𝟑,𝟒𝟑 𝐦𝐭𝟐 (47,79  𝙢𝙩2 𝙙𝙚 𝙛𝙧𝙚𝙣𝙩𝙚/ 22377 𝙢𝙩2 𝙙𝙚 𝙛𝙤𝙣𝙙𝙤) Una excelente opción para vivir o invertir ¡No dejes pasar esta oportunidad! 𝑪𝐨𝐧𝐭𝐚𝐜𝐭𝐚𝐦𝐞  📲📲 𝐒𝐎𝐘 𝐂𝐋𝐄𝐘𝐀 𝐌𝐄𝐍𝐀𝐂𝐇𝐎 𝗔𝘀𝗲𝘀𝗼𝗿𝗮 𝗜𝗻𝗺𝗼𝗯𝗶𝗹𝗶𝗮𝗿𝗶𝗮 𝗖𝗲𝗹 𝟳𝟳𝟭𝟲𝟵𝟮𝟯𝟬",NO,,8.863,0,0,0,0,TU CASA B. R,,,,"-17.765335, -63.224255"
4d83bbcbd95d5371bd88b28ad65c5543,Ultracasas,Venta,Terreno,,CONDOMINIO URUBO GARDEN,ULTRACASAS,320.000,USD,Superficie según título 626 m2 Superficie según mensura 664 m2 Frente: 32 metros Terreno regular ▪️Precio:  Bs,NO,,630,0,0,0,0,Mauricio Landivar Piotti,,,,"-17.755207, -63.223347"
39479ca0ff37b1f8313e905eecc3e498,Ultracasas,Venta,Terreno,,TERRENO EN VENTA EN EL CONDOMINIO BLANCA ROSA ZONA URUBO,ULTRACASAS,700.000,BOB,"Hermoso terreno en Condominio Cerrado Blanca Rosa, en el Urubo en venta Frente a Biocentro Guembe y antes de Bosques Guembe, se encuentra un Condominio de 47 lotes, áreas sociales actualmente con cancha polifuncional y Ciclovía y contara en un futuro con una piscina Cerca al próximo puente de Urubo Village, Mall Los Portales y varios comercios, como ser Minimercados, Iglesia, ferreterías, restaurantes,  cafeterías,  snacks etc Sup de terreno 625m2 Precio de venta Bs 700000",NO,625,625,0,0,0,0,Ximena Muñoz,,,,"-17.765245, -63.246674"
1b480af56a20d32c2e6cb0899c0d168d,Ultracasas,Venta,Terreno,,"URGENTE en venta terreno de 2504 m². Condominio Santa Cruz de la Colina I - Candire en en zona de Biogüembé en Urubó,

Urubó, Santa Cruz",ULTRACASAS,90.144,USD,"CON URGENCIA terreno de 2504 m2 en venta, tipo paisaje de parque en preciosa ubicación en exclusiva urbanización cerrada en zona de Biogüembé en Urubó, Porongo Tiene provisión de agua y electricidad (2504 m² a US$ 39,/m²) Con el nuevo puente, la zona de Urubó quedó cómodamente accesible y comercialmente con mayor potencial Oferta super interesante, se vende por necesidad",NO,,2.504,0,0,0,0,Vincent Vroomans,,,,"-17.76281, -63.269871"
c4e4076d2ee1d10c69f7a2118c0b6ecd,Ultracasas,Venta,Terreno,,Av Banzer,ULTRACASAS,2042.000,USD,"Oportunidad única desarrollo en Av Banzer Desarrolle en una de las zonas con mayor expansión de la ciudad de Santa Cruz A solo metros de la Av Banzer, entre 7mo y 8vo anillo Rodeado de negocios e importantes marcas comerciales, ideal para desarrollo de condominio, almacen o comercio Datos del terreno: Brochure promocional https://rings3saeast1amazonawscom/TerrenoBanzerpdf Ubicación: Av Banzer entre 7mo y 8vo anillo Superficie: 510508 m2 Beneficios: A metros de la Av Banzer entre 7mo y 8vo anillo Zona comercial privilegiada sin estorbo por puentes de tránsito Salida a dos calles Zona de alto valor comercial de Sta Cruz En plena expansión comercial Contacto: (591)",NO,,5.105,0,0,0,0,Victoria R,,,,"-17.72086, -63.162548"
10ee9ddeadfb22bfb2e479b582d0fa33,Ultracasas,Venta,Terreno,,"URUBÓ 
PLAYA TURQUESA
Urbanización cerrada",ULTRACASAS,167.000,USD,"🅴🅽 🆅🅴🅽🆃🅰: 𝗧𝗲𝗿𝗿𝗲𝗻𝗼 𝗲𝗻 𝗣𝗟𝗔𝗬𝗔 𝗧𝗨𝗥𝗤𝗨𝗘𝗦𝗔 ➖➖➖➖➖➖➖➖ TU TERRENO EN LA PLAYA (Santa Cruz Bilivia) ▪️Zona Perimetral a la laguna La mejor ubicación, en altura 𝗩𝗶𝘀𝘁𝗮 𝗮 𝗹𝗮 𝗽𝗹𝗮𝘆𝗮! (Últimos😱) ➖➖➖➖➖➖➖➖ $ 238 xm² ➖➖➖➖➖➖➖➖ (Urbanización Privada en El Urubó) Playa Turquesa es un proyecto urbanístico ubicado en la zona del Urubó en Santa Cruz de la Sierra que ofrece la mayor cantidad de servicios y espacios recreativos a sus propietarios, ofreciendo lo mejor de los Resort en el mundo, pero en un proyecto urbanístico exclusivo y de clase mundial está ubicado a solo 6 km del puente del Urubó CARACTERISTICAS DEL TERRENO ▫️Zona elevada y perimetral a la laguna ▫️Vista Panorámica ▫️Superficie 64764 m2 ▫️Superficie 70092 m2 ▫️Superficie 81573 m2 ▫️Superficie 126213 m2 𝗔𝗥𝗘𝗔𝗦 𝗗𝗘 𝗥𝗘𝗖𝗥𝗘𝗔𝗖𝗜𝗢𝗡: ▫️ESPECTACULAR Laguna de Aguas Cristalinas de 13 ha  (La 2da más grande del Mundo) ▫️Playas de arena (1 km) Tecnología Crystal Lagoons (tecnología probada) ▫️Piscinas, Gimnacio, Guardería, sport bar ▫️7 Óvalos completamente equipados c/Canchas deportivas /Parques infantiles / Churrasqueras al aire libre ▫️Boulevard con 12 bares y restaurantes a pasos de la laguna ▫️Ciclo vías ▫️Gran Centro Social ▫️Seguridad 24 horas ▫️Más de 12 hectáreas de áreas verdes entre parques y áreas adicionales, ciclo vías bordeando la laguna ⚫ Info: Cel 🔴 WhatsApp Click Aquí 👉",NO,,701,0,0,0,0,Mavis Rivero Serrano,,,,"-17.704641, -63.224548"
178198e2ecbafe63b12f60a4e2557be1,Ultracasas,Venta,Terreno,,AV. BENI CASA COMO TERRENO EN VENTA,ULTRACASAS,540.000,USD,"¡TU MEJOR INVERSIÓN! CASA EN VENTA EN LA AVENIDA BENI, FRENTE AL PARQUE LOS MÁNGALES Ubicación privilegiada en el mejor sector de la Avenida Beni, justo frente al Parque Los Mángales Excelente inversión, ideal para vivienda, oficina o negocio Características: •	Amplia y cómoda casa con dos patios  y parqueo para 4 autos •	Incluye un departamento independiente •	Opción de alquiler como oficina y negocio con un buen retorno •	Zona de alta plusvalía, muy cotizada No dejes pasar esta oportunidad Contáctanos para más información y agenda tu visita 545 m2 de superficie Precio: $us 540,000",NO,,545,0,0,0,0,Martina Guardia,,,,"-17.747623, -63.168144"
3a6a16de5d6b355f197632515624c313,Ultracasas,Venta,Terreno,,Urubó,ULTRACASAS,125.000,USD,"URBANIZACION CERRADA ARELIS UBICADO EN EL URUBO Ubicado al lado del Salón Emperador del Urubó Construya la casa soñada y disfrute con su familia de lindas áreas verdes: dos lagunas, parque infantil, piscinas, club house, gimnasio, churrasqueras y canchas deportivas Todos los servicios básicos: red de agua potable, alcantarillado, planta de tratamiento de agua, red de electricidad y red de gas domiciliario Calles con pavimento Pavic Iluminación pública Seguridad las 24 h Superficie del terreno: 752 m2",NO,752,752,0,0,0,0,Rodrigo F,,,,"-17.767672, -63.237427"
e3bd8e6e7069d33f7eaed5db75a771b2,Ultracasas,Venta,Terreno,,2do anillo Cotoca,ULTRACASAS,13.500,USD,Terreno en venta desde 300 mts2 desde 45$us/m2 hasta 60 $us/m2 Impuestos y papeles al día Mas informacion 75 085 706 mas detalles https://n9cl/z0gsf,NO,,300,0,0,0,0,Patricia Guillen,,,,"-17.761139, -63.009495"
857f962179d3995c7f531ccc33ea296f,Ultracasas,Venta,Terreno,,"4to. Anillo, casi esq. Av. Banzer",ULTRACASAS,846.000,USD,"🔴 𝐓𝐄𝐑𝐑𝐄𝐍𝐎 𝐄𝐍 𝐕𝐄𝐍𝐓𝐀 𝐒𝐎𝐁𝐑𝐄 𝐀𝐕𝐄𝐍𝐈𝐃𝐀 𝐙𝐎𝐍𝐀 𝐍𝐎𝐑𝐓𝐄 📍  4to anillo , entre Av Banzer  y radial 27 💰 𝐏𝐑𝐄𝐂𝐈𝐎 𝐃𝐄 𝐕𝐄𝐍𝐓𝐀: 𝟖𝟒𝟔𝟒𝟎𝟎 $𝐮𝐬 (𝟏𝟏𝟓𝟎 $𝐮𝐬/𝐦𝟐) 📐 𝐒𝐮𝐩𝐞𝐫𝐟𝐢𝐜𝐢𝐞: 𝟕𝟑𝟔 𝐦𝟐 ☑️ USO DE SUELO MIXTO ☑️ Zona Estrategicamente Comercial ☑️ Frente 1515 mts2 Fondo 49,86mts2 ☑️ Todos los servicios básicos ☑️ Sobre Avenida Principal ☑️ Cerca del comercial Mall las brisas ,Colegio, Hospitales, Mercados Cuenta con 2 locales comerciales (Ingresos mensuales) Mayor información en el siguiente link 👉🏼 https://walink/91v055 👩🏻‍💼 𝗔𝗡𝗗𝗥𝗘𝗔 𝗞𝗔𝗡𝗗𝗔 📲 𝟳𝟲𝟬𝟴𝟬𝟭𝟳𝟲 📩 𝗮𝗻𝗱𝗿𝗲𝗮𝗸𝗮𝗻𝗱𝗮@𝗰𝗲𝗻𝘁𝘂𝗿𝘆𝗯𝗼",NO,,736,0,0,0,0,Andrea Kanda,,,,"-17.749359, -63.178089"
e8b51af9a65ea440d878fb2405a197c8,Ultracasas,Venta,Terreno,,"AV. PIRAI ENTRE 5TO Y 6TO ANILLO, BARRIO JARDÍN LATINO",ULTRACASAS,283.000,USD,"TERRENO EN VENTA EN ZONA OESTE 🌿 Tu inversión en un paraíso urbano, descubrí un espacio exclusivo en zona Av Pirai entre 5to y 6to anillo, Barrio Jardín Latino “Ecohabitat EL BOSQUE” Superficie de terreno : 951,61 m2 PRECIO DE VENTA : 283000 $us",NO,,951,0,0,0,0,Jeimmy Delboy,,,,"-17.80825, -63.227058"
5d467132e83c3188d8e797f0cdba81fa,Ultracasas,Venta,Terreno,,Av Argamoza 1er anillo,ULTRACASAS,240.000,USD,ATENCIÓN INVERSIONISTAS OFERTA DE TERRENO SOBRE EL 1er ANILLO AV ARGAMOZA ENTRE CHARCAS Y ARENALES ZONA ALTAMENTE COMERCIAL,NO,,365,0,0,0,0,Century 21 Business,,,,"-17.780207, -63.172695"
bb628ac5cbe5ec26a234047e704c0711,Ultracasas,Venta,Terreno,,"Zona Norte
Av. Alemana 3er anillo",ULTRACASAS,2280.000,USD,"Aᴛᴇɴᴄɪᴏ́ɴ! 𝗜𝗻𝘃𝗲𝗿𝘀𝗶𝗼𝗻𝗶𝘀𝘁𝗮𝘀 𝘆 𝗗𝗲𝘀𝗮𝗿𝗿𝗼𝗹𝗹𝗮𝗱𝗼𝗿𝗲𝘀! 🆅🅴🅽🆃🅰❗️ "" 𝗘𝘀𝗽𝗲𝗰𝘁𝗮𝗰𝘂𝗹𝗮𝗿 𝗧𝗲𝗿𝗿𝗲𝗻𝗼 (Usᴏ Mɪxᴛᴏ) "" 𝗭𝗢𝗡𝗔 𝗡𝗢𝗥𝗧𝗘 Av Alemana (2do y 3er anillo) ▫️ 💲 𝟮28𝟬𝟬𝟬𝟬 ▫️ ▪️Sup Total : 2,534 m² ▪️(37 m Fʳᵉᶰᵗᵉ ) ▪️(66 m Fᵒᶰᵈᵒ ) ➖️ ▫️Ubicación estratégica ▫️Superficie ideal para Construcción de Condominio de Departamentos ▫️Entorno ideal para su proyecto Incluye: ▫️ 8 Locales sobre avenida (con/inquilinos) ▫️ 3 canchas de futbol C/ pasto sintético Graderias y Snak en funcionamiento 🟡 OPORTUNIDAD IMPERDIBLE! ▫️ 𝗠𝗔𝗩𝗜𝗦 𝗥𝗜𝗩𝗘𝗥𝗢 ᴀsᴇsᴏʀᴀ ɪɴᴍᴏʙɪʟɪᴀʀɪᴀ 𝗜𝗻𝗺𝗼 𝗕𝗿𝗼𝗸𝗲𝗿𝘀 𝟩𝟪𝟧 𝟨𝟧𝟢𝟢𝟢 ᴡʜᴀᴛsᴀᴘᴘ:bitly/mavisriveroinmoWtp 𝖢𝗈𝗇𝖿𝗂𝖺𝖤𝗇𝖬𝗂𝖤𝗑𝗉𝖾𝗋𝗂𝖾𝗇𝖼𝗂𝖺𝖨𝗇𝗆𝗈𝖻𝗂𝗅𝗂𝖺𝗋𝗂𝖺 @mavisriveroinmo  🟨 🔝 Afiliada a CAINCRUZ   🟩",NO,,2.534,0,0,0,0,Mavis Rivero Serrano,,,,"-17.76153, -63.168091"
9a51dc3ac88372139a933f917769b3da,Ultracasas,Venta,Terreno,,La Hacienda del Urubó,ULTRACASAS,335.000,USD,"Terreno en venta 📍La Hacienda del Urubó Superficie: 859 m2 Frente: 24,5 mts Precio: $us 335000 (390 $us/m2)",NO,,859,0,0,0,0,Vania Zelaya Antelo C21,,,,"-17.765615, -63.225391"
f27f0cc411594b561510d840b87ac059,Ultracasas,Venta,Terreno,,ZONA NORTE!! SOBRE 8VO ANILLO!! Av. Alemana,ULTRACASAS,5878.272,USD,"🔥 TERRENO EN VENTA EXCELENTE UBICACIÓN  ZONA NORTE 🔥 📍SOBRE 8vo ANILLO ENTRE AV BENI Y AV ALEMANA 📐 17547,08 m2 (USO DE SUELO MIXTO) ✔️ Sobre avenida con salida a calle posterior ✔️Cerca de condominios, parques, empresas y negocios en general ✔️Zona de alto crecimiento y plusvalía 💴 Precio por m2 $us 335 💰 Precio TOTAL $us 5878271,80",NO,,17.547,0,0,0,0,Huascar Cuellar,,,,"-17.720846, -63.150143"
1ab436551731e270475d9c4eafa7c0b4,Ultracasas,Venta,Terreno,,TERRENO EN VENTA EN LA ZONA EMPRESARIAL CORONADO,ULTRACASAS,850.000,USD,"ATENCION INVERSIONISTAS, CONSTRUCTORES  COMPRA TU TERRENO EN EL PARQUE EMPRESARIAL CORONADO UBICACIÓN: Zona Norte SUPERFICIE: 4441 Mts2 PRECIO: $us 850000 CARACTERÍSTICAS: Terreno sobre avenida principal, ideal para todo tipo de negocios Cuenta con todos los servicios en la zona De fácil acceso, cerca a transporte público Papeles en orden, listos para financiamiento bancario",NO,,4.441,0,0,0,0,Carla Garbay Poppe,,,,"-17.675547, -63.14912"
4384a37236ae09e962cd0523cb911a6b,Ultracasas,Venta,Terreno,,LA FLORESTA DEL URUBO,ULTRACASAS,250.000,USD,"El mejor terreno de La Floresta del Urubó salió a la venta y puede ser la base de tu nueva vida! Con una superficie de 1095,6 m2, por apenas $250000 y a t/c 7 Condominio ubicado a 5 minutos de Equipetrol con: Accesos pavimentados Amplias vías internas pavimentadas con Pavic Amplias alamedas Energía Eléctrica Trifásica y Fibra Óptica Subterráneas 50000 m2 de Aéreas Verdes Club House de Lujo Piscina Churrasqueras Mini Marquet Seguridad las 24 horas ⁠Acceso controlado",NO,,1.096,0,0,0,0,Jeimmy Delboy,,,,"-17.736814, -63.219357"
c04b90002ed6ba84a9c4bb9511d87496,Ultracasas,Venta,Terreno,,"TERRENO EN VENTA, ZONA NORTE TERCER ANILLO INTERNO Y EXTERNO",ULTRACASAS,6200.000,USD,"Terreno en venta, zona Norte 3er anillo interno y externo ▪️Superficie terreno 7686 mts ▪️Construido 3350 mts ▪️Zona comercial y de mayor crecimiento ▪️Tercer anillo interno y externo ▪️Recepción ▪️Oficinas ▪️Galpones ▪️Depósitos ▪️Tinglados ▪️Baterías de baño ▪️Precio: Usd 6200000 Asesora de Bienes Raíces Patty Hurtado 7 8 9 1 0 0 3 4",NO,,7.686,0,0,0,0,Patty Hurtado - Asesora Inmobiliaria,,,,"-17.759447, -63.177101"
532eb5b04adf241a5f02f8f6ea389aac,Ultracasas,Venta,Terreno,,A UNA CUADRA DEL 2DO ANILLO Y MUY CERCA DE LA RAMADA,ULTRACASAS,750.000,USD,"Terreno en venta – Zona Comercial ¡A solo 1 cuadra del 2do anillo y muy cerca de La Ramada! Amplio metraje – Inversión segura 1017,89 m2 ✔️ Ideal para galpones, depósitos o centro logístico ✔️ Acceso rápido para transporte pesado ✔️ Zona de alto movimiento comercial ✔️ Uso de Suelo MIXTO Precio: $750000  TC: 7 Bs",NO,,1.017,0,0,0,0,Jeimmy Delboy,,,,"-17.799093, -63.189651"
6d79b37209d16e926e06f97b7f30e3c5,Ultracasas,Venta,Terreno,,"Doble vía la Guardia, km 16 Urbanización Adelita",ULTRACASAS,63.000,USD,"Lotes en venta: 3 LOTES Cada uno a 21000 $,con un total de 1022 mt2, zona alta de Santa Cruz, lote 6 (360 mt2), lote 7 (360 mt2) y lote 8 (301,93 mt2), parada de micros a cuadra y media de terrenos, agua y luz, colegio modelo cerca y Hospital en la zona, pavimento a media cuadra, zona en constante desarrollo, oportunidad de inversión (negociable)",NO,,1.022,0,0,0,0,Oscar Martin Cortez,,,,"-17.907763, -63.291149"
00879ce1a34e4259f0d5b39473bcb9db,Ultracasas,Venta,Terreno,,Terreno en venta,ULTRACASAS,395.000,USD,"¡TERRENO EN VENTA EN ZONA ESTRATÉGICA! 📍Ubicado en la zona Sudoeste de Santa Cruz de la Sierra, Av Moscú  7mo anillo Un sector de alto crecimiento y plusvalía, ideal para proyectos comerciales o residenciales, garaje de transporte pesado, galpones Características: ✅ Superficie: 2359 m² ✅ Frente: 107 m²  Fondo: 25 m² ✅ Ubicación privilegiada, con acceso a vías principales 💰 Precio: 395000$us TC 7 📲Más información:",NO,,2.359,0,0,0,0,Heidy Rivas,,,,"-17.84783, -63.219421"
4867b49fb9b7f9d42c2a7de9c8710d8b,Ultracasas,Venta,Terreno,,Carretera a Porongo,ULTRACASAS,3100.000,USD,"ESPECTACULAR TERRENO PARA UN GRAN DESARROLLO INMOBILIARIO                                  En la zona más alta del Urubó,  a solo 25 mins de Equipetrol y a 15 min del nuevo puente Terreno con altas elevaciones y las mejores vistas de la ciudad Construcción antigua de un Castillo, con gran atractivo turístico                             Precio US$ 45000 x Hectárea              Documentación en orden",NO,,64.400,0,0,0,0,Ana Paola Ortiz,,,,"-17.828793, -63.322037"
04f92dba197d71e5cb7d999e24c093bb,Ultracasas,Venta,Terreno,,SOBRE 4TO ANILLO AV. CUMAVI Y 3 PASOS AL FRENTE,ULTRACASAS,7000.000,USD,"¡Terreno en Venta sobre 4to Anillo! Zona estratégica y de alto movimiento Ubicado entre Av Cumavi y 3 Pasos al Frente, diagonal a Barrio Lindo 🛍️ Superficie: 392457 M2 ✅ Frente a Av Principal ✅ Ideal para grandes proyectos comerciales o logísticos ✅ Excelente visibilidad y conectividad Precio: $7000000 (TC de 7) ¡Oportunidad única para invertir donde todo pasa!",NO,,3.924,0,0,0,0,Jeimmy Delboy,,,,"-17.793072, -63.147697"
d264e96751b5bc433198193cf45e3756,Ultracasas,Venta,Terreno,,"SOBRE 2DO ANILLO, EN ZONA ALTAMENTE COMERCIAL
ENTRE PIRAI Y DOBLE VIA LA GUARDIA",ULTRACASAS,490.000,USD,"¡Te presento este Excelente Terreno en VENTA en Santa Cruz de la Sierra! SOBRE 2DO ANILLO, EN ZONA ALTAMENTE COMERCIAL ENTRE PIRAI Y DOBLE VIA LA GUARDIA Ideal para inversión ,edificio, comercio, 🏢 🏪 plusvalía asegurada Uso de suelo mixto 📐 54817 mt2 20mts frente Precio $US 490000",NO,,548,0,0,0,0,Jeimmy Delboy,,,,"-17.792801, -63.194572"
7a4ab7acd0587cd8d115c9e970ccf3e3,Ultracasas,Venta,Terreno,,OFERTA!!!! TERRENO EN VENTA ZONA SANTOS DUMONT,ULTRACASAS,1582.000,BOB,"📣 ¡Oportunidad ÚNICA en la Zona Sur de Santa Cruz! 📍 Sobre Av Santos Dumont  4to Anillo ¿Buscás una propiedad con alto potencial, buena ubicación y sobre todo precio competitivo? Esta es la inversión ideal para vos 🌟 🏡 Propiedad con potencial Inmobiliario ✅ 600 m² de superficie total ✅ 15 metros de frente – Ideal para proyectos residenciales ✅ 90 m² construidos – Casa antigua pequeña  totalmente habitable 🚀 ¿Por qué invertir en esta propiedad? 🔝 Ubicación de alto tránsito y crecimiento 🛣️ Acceso inmediato a vías principales 💰 Tipo de cambio preferencial que te permite pagar menos por más 📈 Zona de creciente valorización inmobiliaria 🔑 Ideal para: 📍 Familias que buscan construir una casa amplia y bien distribuida 🏗️ Desarrolladores con visión a futuro 💼 Inversionistas que no quieren dejar pasar una buena oportunidad 📲 Contactanos HOY MISMO para más info o agendar tu visita privada 🕒 Las buenas oportunidades no esperan 📩 ¡Invertí en una zona con futuro y plusvalía asegurada! 𝓓 𝓸 𝓻 𝓲 𝓼    𝓛 𝓮 𝔂 𝓽 𝓸 𝓷 ✨👩🏻‍💼 Cel📲 591 Asesor inmobiliario CAPITAL Corporación Inmobiliaria Oficina Av Alemana No 2045 entre 2do y 3er Anillo capitalcorporacioninmobiliaria terrenos propiedades bienesraicesenbolivia inmuebles terrenoenventa lotes venta zonasur santacruz bolivia inversiones AvsantosDumont",NO,,600,0,0,0,0,Doris Leyton,,,,"-17.807047, -63.183754"
295ddf1c98cef00c20e58c8261114273,Ultracasas,Venta,Terreno,,URUBÓ VILLAGE,ULTRACASAS,288.808,USD,"TERRENO EN VENTA Condominio Cerrado Urubó Village A pocos minutos del puente Superficie Terreno: 1013,36 M2 Modulo 4, lote 11 Precio: U$ 288808 U$D 285 x m2 Modulo 4 Áreas Sociales •	Urubó Village, cuenta con laguna de 137 has •	Canchas de tenis, futbol, voley y otras disciplinas deportivas •	Completo spa •	Restaurantes •	Salones •	Muelles de kayaks, •	Bicicletas •	Gimnasio bien equipado •	Club hípico donde miembros y residentes podrán practicar deportes ecuestres o simplemente cabalgar por los predios del condominio El puente Urubó Village conectara directamente a la Av Roca y Coronado con las instalaciones del proyecto ¿Qué estás esperando? ¡Contáctame! Anímate a visitarlos Llámame y agenda tu cita Mayor información, Patricia Limón  Cel",NO,,1.013,0,0,0,0,Patricia Limon,,,,"-17.778553, -63.249828"
7e00834395814b47fe36d8667c3e76d8,Ultracasas,Venta,Terreno,,Equipetrol - Inmueble en Venta,ULTRACASAS,570.000,USD,"Inmueble en Venta  Ideal para Desarrollo Inmobiliario 📍Equipetrol, entre 3er y 4to Anillo  Cerca a Manzana 40 y Green Tower Superficie: 580 m2 Frente: 18 mts",NO,,580,0,0,0,0,Vania Zelaya Antelo C21,,,,"-17.766174, -63.194717"
59f48ee1dd00732353108afe4fb22676,Ultracasas,Venta,Terreno,,Terreno 1350m2  Frente Viru Viru,ULTRACASAS,135.000,USD,"📍Terreno en venta  carret Al Norte de  1350 m2 Con 36 m de frente y 375 m de profundidad, ubicado en la Zona Norte, entrando por el Hotel Sun (Frente al Aeropuerto Viru Viru), diagonal al Coliseo Valle Sánchez San Francisco Terreno diagonal mercadito 04 de Octubre Precio 100$us/m2 🎥 https://youtube/V3FyYOkXjP4 📲Mas información al: Ubicación:https://n9cl/byxwf",NO,,1.350,0,0,0,0,Patricia Guillen,,,,"-17.640602, -63.18708"
c20de87a262aba157ca8b04b19616576,Ultracasas,Venta,Terreno,,URUBÓ VILLAGE últimos lotes de terreno en el exclusivo MODULO 1,ULTRACASAS,265.000,USD,Tenemos los últimos lotes de terreno en Urubó Village Exclusivo Módulo 1 diferentes vistas y topografía Lotes desde 750 mts2 de superficie en adelante Precio desde USD 350 x mt2  Tipo de Cambio oficial Terrenos desde USD 265000 Eliana Suárez Century 21 Rita Quiroga,NO,,900,0,0,0,0,Eliana Suarez,,,,"-17.776459, -63.249336"
