﻿id_reg,Agencia,Tipo de operación,Tipo de inmueble,Id Inmueble,Titulo,Ubicación,Precio,Moneda,Descripción,Equipamiento,Terreno m²,Construcción m²,Dormitorios,Baños,Estacionamientos,Baulera,Agente,Teléfono,Correo,Actualización,Coordenadas
11b1bf5e52177df30589222aa35b534c,Ultracasas,Venta,Departamento,,ATRIUM,ULTRACASAS,137.000,USD,"Departamento en venta ubicado sobre calle Enrique Finot, zona Equipetrol, Santa Cruz de la Sierra, cerca de restaurantes, farmacias y comercios — entre Av San Martín y Av Bush PRECIO 137000 USD TIPO DE CAMBIO PARALELO ALQUILER 5600 Distribución: 2 dormitorios, uno en suite un baño compartido adicional Living–comedor y cocina (cerrada o integrada según diseño) Área de servicio o lavandería posible Superficie 9444 m2 Parqueo y Baulera",NO,,94,2,2,1,0,Jens Meyer Gronemann,,,,"-17.768579, -63.195911"
3b8b52ddf558f0bea2d414f371237927,Ultracasas,Venta,Departamento,,SOLAZ - Hermosos Departamentos en Pre Venta,ULTRACASAS,90.263,USD,"DEPARTAMENTOS EN PRE VENTA Departamentos con Balcón Edificio Solaz, 4to Anillo  Av Roca y Coronado Exclusivo Edificio Diseñado por SOMMET 72 Departamentos de 1 y 2 Dormitorios Dormitorios: 1 Superficie: 48,57 m2  48,59 m2 Piso: Del 5 al 19 Precio: Desde $us 90263 TC Oficial Hermosas y Completas áreas sociales: • Gimnasio • ⁠Sala de reuniones / cowork • ⁠Piscina • Jacuzzi • Sauna seco • ⁠Sauna a vapor • Sala de cine • ⁠Kiosco Smart • 2 Churrasqueras • ⁠2 Lounges • Sala de juegos Fecha de entrega: Diciembre 2026 ¡Asegura el tuyo ahora, contáctanos!",NO,,48,1,1,0,0,Vania Zelaya Antelo C21,,,,"-17.784603, -63.217049"
01de350fd36bcd54b9a8b20ef4248d61,Ultracasas,Venta,Departamento,,1er anillo zona Gobernación,ULTRACASAS,35.404,USD,PREVENTA TORRE FUERTE 📣📣CRÉDITO DIRECTO 📣📣 A sola firma con una mínima cuota inicial 🔹Monoambiente 🔹1 dormitorio 🔹2 dormitorios Informes 📲￼⁨⁩ Jeovana Cuellar,NO,,35,1,1,0,0,Jeovana Cuellar,,,,"-17.794109, -63.189095"
853943bbc0c755a3465dcff9be48acad,Ultracasas,Venta,Departamento,,"4to anillo y av Banzer, Domus Madero",ULTRACASAS,65.700,USD,"🔝 Monoambiente en Venta a estrenar🔝 ✴️⛩️Edificio DOMUS MADERO⛩️✴️ 📌Ubicación privilegiada: Atrás de Las Brisas 4to anillo y avenida Banzer 📐 Superficie: 3285 mts2 💰 Precio: $us 65700 t/c oficial 🔘Características: ✓ Monoambiente 345 mt ✓ Cocina equipada, Extractor, horno, ca ✓ Baños con box y mueblería ✓ Aire acondicionado ✓ Calefón 💎Nuestras Áreas Sociales totalmente de lujo ● Piscina Infinita con 2 Churrasqueras integradas y terraza, Churrasquera 2 con área zen y de mascotas, Gymnacio equipado con Trotadora, Multifuncional y Bicicleta de Spinning Cine con Sonido envolvente 4K con 8 butacas Área Zen y Jardinería, Área de lavanderia con Lavadora, secadora y zona de tendedero, Lounge con fuego",NO,,38,1,1,0,0,María Fernanda Saucedo,,,,"-17.748381, -63.178913"
2598a452d2715aa63cd7c72bd0825638,Ultracasas,Venta,Departamento,,"HOTEL BUGANVILLAS 
DEPARTAMENTO DE LUJO EN VENTA 
AMOBLADO!!!!!!!",ULTRACASAS,195.000,USD,"Vive en el lujo de Hotel Buganvillas ✨ 📍 Departamento en venta dentro del exclusivo Hotel Buganvillas, con acceso a todas sus áreas sociales: ✔ Restaurante 🍴 ✔ Gimnasio 🏋️‍♂️ ✔ Áreas verdes 🌿 ✔️ Piscinas 📐 95 m² de confort y estilo, totalmente amoblado de lujo 🛋 2 Dormitorios ( 1 en suite ) ⁠Living Comedor ⁠Cocina independiente ⁠Dependencia completa 🚗 Incluye 1 parqueo privado 👩‍🍳 Dependencia de servicio 💲 Precio: $195000 (T/CAMBIO ) Un espacio único para vivir o invertir en una de las mejores zonas de Santa Cruz 📲 Contáctame hoy mismo y agenda tu visita ⁠ Contactó ☎️ 👤 Ruth Velarde Asesora inmobiliaria http://bitly/RuthVelarde",NO,,95,3,3,1,0,Ruth Velarde,,,,"-17.783478, -63.213337"
26ecc0999326869e492635766037c7b7,Ultracasas,Venta,Departamento,,"calle 4, Plan 12 Hamacas",ULTRACASAS,48.400,USD,"PREVENTAS EN EDIFICIO MANGALES BLUE 2 ZONA NORTE Ubicado en la zona norte, calle 4, Plan 12  Hamacas, avenida Beni, entre 4to y 5to anillo Monoambientes desde $us 48400 Departamento de 1 dormitorio en $us 66300 Departamento de 2 dormitorios en $us 122800 Al tipo de cambio oficial Control de acceso al edificio, video portero online, acabado de primera calidad, mueble alto y bajo de cocina y cocina encimera, mueble bajo del baño, piso de porcelanato e iluminación LED Áreas comunes equipadas: Piscina, sauna, churrasquera, SUM, lavandería, terraza Mas informacion: Ing Fernando Lamas  Broker Century 21 Home Entrega: Abril 2026 Construye: g•a•s•c•o•n architecture",NO,,28,1,1,0,0,Fernando Lamas,,,,"-17.748013, -63.169151"
33c8914dd832911c6961abcd1a745f1c,Ultracasas,Venta,Departamento,,"Equipetrol, calle 9A-Este",ULTRACASAS,108.300,USD,"PREVENTAS DE DEPARTAMENTOS EN EDIFICIO ONCE HH EQUIPETROL Invierte en Edificio Once HH Equipetrol Ubicado en la zona más Top de Santa Cruz! Avenida San Martin, calle 9A Este, Equipetrol Edificio de última tecnología: Aplicación propia para celular, reconocimiento facial para acceso al edificio, cámaras de seguridad en cada nivel, cerradura inteligente y video portero online en cada depto, casilleros inteligentes y ascensor ecofriendly Áreas comunes totalmente equipadas y amobladas Recepción, piscina, lounge, churrasqueras, salón multiuso, cowork, lavandería Acabado de primera calidad, cocina amoblada, iluminación led de bajo consumo Monoambientes Departamentos de 1 dormitorio Más información aquí: Comercializa: Ing Fernando Lamas Oficina de Ventas: Av La Salle, Calle Franz Tamayo  8 Puerta amarilla CENTURY 21 HOME Entrega: Septiembre 2025",NO,,75,1,1,0,0,Fernando Lamas,,,,"-17.764784, -63.194801"
bb044365a19023a6e1a45e1e1428c70f,Ultracasas,Venta,Departamento,,Hermoso departamento a estrenar en Macororo 13-14,ULTRACASAS,200.000,USD,4 habitaciones (1Suite) LivingComedor Cocina independiente Espacio de lavado 1 parqueo 11550m2 Precio 200000 $us,NO,,115,4,3,1,0,Jeimmy Delboy,,,,"-17.760298, -63.179756"
8f03fb5e1ac3753d41c94987227d0921,Ultracasas,Venta,Departamento,,"Cond. Achachairu, entre 2do anillo y Av. Los Cusis",ULTRACASAS,270.000,USD,"DEPARTAMENTO EN VENTA Condominio Achachairu Piso 4 depto 403 Entre 2do anillo y Av Los cusis Superficie: 201,40 m2 2 pisos 3 dormitorios (todos en suite) Living comedor Hermoso balcón Cocina Cuarto de lavandería Baño para visitas Parqueo (10000$) Baulera (5000$us) Áreas sociales: Piscina, Churrasquera Precio: $ 270000",NO,,201,3,4,0,0,Jeimmy Delboy,,,,"-17.769011, -63.175503"
b44a90571f2c5a4c2c934396856c6ef6,Ultracasas,Venta,Departamento,,Piraí entre 6to y 7mo anillo,ULTRACASAS,115.000,USD,"Hermoso departamento en Venta, de 94 metros cuadrados Cuenta con una suite principal, con vestidor y baño privado Un dormitorio adicional con roperos Baño de visita Living, comedor, cocina tipo americana Lavandería y baño de servicio",NO,,94,2,3,2,0,Juan Carlos Barbery Frerking,,,,"-17.816557, -63.23563"
0c0f56e16b261fc42265725a0939be90,Ultracasas,Venta,Departamento,,"Santa Cruz de la Sierra, Avenida Beni 3er anillo interno, Edificio TORRE BERLIN",ULTRACASAS,258.000,USD,"En la ciudad de Santa Cruz se encuentra el edificio TORRE BERLIN con sus 16 niveles, alberga 14 departamentos, uno por piso, con áreas social privilegiada En la última planta con vista 360 grados a la ciudad, cuenta con piscina con agua temperada, churrasquera área de esparcimiento Se remarca su fachada de doble acristalamiento (termo–panel) que permite el control de la radiación solar dando un diseño elegante y funcional Es uno de los primeros edificios residenciales en ofrecer tecnología domótica dando beneficios a sus usuarios de mayor confort y optimizando la eficiencia energética del mismo Lujoso departamento, en la mejor zona de la ciudad, a pocos minutos del centro con excelentes accesos a instituciones financieras, supermercados, colegios y Universidad Importante recalcar que el departamento abarca todo el piso, por lo que no hay vecinos colindantes La escalera de incendios es externa y además cuenta con todas las normas de seguridad contra incendios Dos ascensores permiten flujo vertical de los usuarios en el interior de la torre que acceden a una antesala del departamento El departamento de lujo está ubicado en el piso 11 y tiene una extensión de 202 M2 y una vista de 360 grados de la ciudad con ventanas de piso a techo, la sensación de amplitud y jerarquía son consecuencia de los luminosos ambientes El diseño minimalista de los espacios internos reafirman la modernidad de la volumetría exterior La calidad de los acabados demuestra que no escatimaron recursos en el momento de realizar el proyecto Cuenta con sistema domótico para el control de luces y aires acondicionados que se puede ampliar al cortinaje El departamento consta de: Una suite amplia con vestidor y baño con hidromasaje, con A/C inverter Dos dormitorios amplios con un baño compartido con A/C Un escritorio espacioso que puede utilizarse como dormitorio con A/C Un livingComedor con A/C Un baño de visita Cocina, amplia moderna equipada con muebles altos y bajos, cocina encimera, extractor, mesones de granitos una isla con acabados de primera calidad y A/C Area de servicios con un dormitorio y su baño Area de lavandería Todos los ambientes tienen doble cortinas roller una de 70% retención de luz y otra backout 2 parqueos subterráneo y una baulera amplia Area de equipamiento donde se encuentran los compresores de los A/C y el termotanque de alto rendimiento normas de seguridad contra incendios Dos ascensores permiten flujo vertical de los usuarios en el interior de la torre El minimalismo en el diseño de los espacios internos reafirman la modernidad de la volumetría exterior",NO,,202,4,4,2,0,Fernando Menacho,,,,"-17.760509, -63.174644"
a0afeb08326b378b7dc2e9313b405985,Ultracasas,Venta,Departamento,,Edificio San Antonio Av. Banzer entre 3er Anillo y 2do Anillo,ULTRACASAS,112.000,USD,"🔷  EN VENTA DEPARTAMENTO 2 HABITACIONES SEMI AMOBLADO EN LA ZONA NORTE !!! Sobre Av Banzer entre 2do y 3er Anillo ubicación estratégica cerca supermercados, colegios, universidades y mucho más!! Consta de: Superficie: 80m2 1 habitación en Suite (cama King, espaldar,Tv y mueble de tele) ⁠1 habitación con Baño a compartir ⁠Cocina Integrada ( Cocina encímera, horno, microondas, Heladera) ⁠living y comedor ( Mesa, Tv y mueble empotrado) ⁠Area de Lavandería (lavadora) 1 Parqueo  y baulera Área Social Churrásquera Piscina Gym Precio: 112000$us a tipo de cambio 7",SI,,80,2,2,1,0,Laura A. Chavez,,,,"-17.761675, -63.180309"
a067b6f9bbb9c20ecf6e658929efc426,Ultracasas,Venta,Departamento,,"Equipetrol, calle 5 Edif. Eurodesign Soho",ULTRACASAS,135.000,USD,𝐄𝐪𝐮𝐢𝐩𝐞𝐭𝐫𝐨𝐥 𝐃𝐞𝐩𝐚𝐫𝐭𝐚𝐦𝐞𝐧𝐭𝐨 𝐞𝐧 𝐕𝐞𝐧𝐭𝐚 📍𝘌𝘥𝘪𝘧𝘪𝘤𝘪𝘰 𝘌𝘶𝘳𝘰𝘥𝘦𝘴𝘪𝘨𝘯 𝘚𝘰𝘩𝘰 Prox a Plaza Italia Ciudad Santa Cruz De La Sierra ⁠Superficie: 501 m2 1 Dormitorio en suite con vestidor Baño para visitas Cocina Equipada con muebleria completa •  Área de lavandería Living Comedor Piso: 4 Libre de gravamen 1 pafrqueo: 17000 $us,NO,,51,1,2,1,0,Yngrid Peralta,,,,"-17.767809, -63.193771"
79228e6bc3dcf18dbd2ba54c6c7d1ba0,Ultracasas,Venta,Departamento,,"Condominio Tamarindo, Equipetrol",ULTRACASAS,360.000,USD,"PRECIO $360,000 CAMBIO $/7bo, $8655/M2, CONDOMINIO TAMARINDO, EQUIPETROL, Av San Martín, DEPARTAMENTO DE LUJO 230m2, 2 unidades por piso, total 15 departamentos, exclusivo, finas terminaciones, pisos porcelanato, iluminación led, full aire, 2 terrazas, 2 parqueos, 1 bodega, 2 ascensores residentes y 1 servicio, sala eventos, piscina, churrásquera TIPO CAMBIO $/7bolivianos",NO,,230,4,4,2,0,Polliyana Alvarado,,,,"-17.770506, -63.192097"
ddb63acb01cf73a7932fdf75089b29c2,Ultracasas,Venta,Departamento,,Av. Marcelo Terceros Banzer o Tercer Anillo Externo Cond. Hotel Casa Blanca,ULTRACASAS,178.000,USD,"INVERSIÓN PERFECTA CON GANANCIAS REALES DESDE LA COMODIDAD DE TU DEPARTAMENTO en Equipetrol, es la zona hotelera de Santa Cruz de la Sierra Marca cita previa con Propietario celular 591 INCLUYE Excelente oportunidad de inversión con retorno de negocio Alquiler con clientes de Bookingcom y Airbnb y otros ya fijos Totalmente amoblado y equipado Listo para mudarse 3 unidades amplias y confortables, divididas en 1 Departamento completo, 1 Apart Studio y 1 Suite Doble con dos camas y baño, con acceso independiente desde el pasillo Garaje amplio y cubierto, para un vehículo Parqueo para visitas Piscina para niños y adultos, sauna a vapor y seco, Jacuzzi, Gimnasio, amplio Lobby/Recibidor, Restaurante y espacios de jardines Seguridad 24/7 Todos los servicios de un Hotel 5 estrellas Detalles 🏠Departamento 1: 🔘1 Dormitorio en suite con clóset amplio 🔘 AC frío y caliente 🔘Baño con mesón de mármol y cajonería en madera 🔘 Cocina americana con mesones de mármol y cajonería de madera 🔘 Sala comedor 🔘 Ventiladores de techo 🔘 Balcón amplio 🔘 Dormitorio adicional c/ Baño 🔘 Lavandería 🔘 Teléfonos intercomunicadores con lobby y recepción de llamadas normales de tus amigos 🏚️Apart Studio 2: 🔘 1 Dormitorio en suite con cama king y cama nido 🔘 AC frío y caliente 🔘 clóset 🔘 Baño con mesón en mármol y cajonería 🔘 Cocina con mesón de mármol y cajonería en madera 🔘 Teléfono intercomunicador con lobby y recepción de llamadas de afuera 🏚️Suite 3: 🔘 1 Dormitorio en suite con 2 camas y 1 sofá cama 🔘 AC 🔘 Clóset amplio 🔘  Baño con mesón de mármol y cajonería en madera 🔘 Teléfono intercomunicador con lobby y recepción a llamadas de afuera Entre los detalles de las unidades se destaca que las puertas, zócalos, clósets, cajonería son en madera, los mesones mármol y las camas son tamaño hotelero Área Útil 178 mts2 FIP 262,36 mts2",SI,,178,4,4,1,0,Iskra Montero,,,,"-17.764212, -63.192741"
bb0259e987225222c229e536054d49ed,Ultracasas,Venta,Departamento,,boulevard del remanzo condominio Nardini,ULTRACASAS,87.500,USD,"DE OCASION !! Hermoso departamento de 3 dormitorios en venta !! Ubicado en el boulevard del remanso condominio Nardini 6to piso 3 dormitorios parqueo bajo techo lavanderia areas sociales parque para niños piscina churrasquera seguridad las 24 horas PRECIO:  87500 $ el dpto se entrega semi amoblado con calefon , Box de baños , cortinas , muebles de cocina y roperos Para mayor info al:",NO,,81,3,2,1,0,Julio Vincenti,,,,"-17.709332, -63.175549"
6a25d95c15505dc5e6c8dcb390c7f376,Ultracasas,Venta,Departamento,,Mar adentro,ULTRACASAS,62.500,USD,"Mar adentro	• (Cambio oficial)	Es un proyecto inmobiliario en Santa Cruz de la Sierra, Bolivia, que destaca por su laguna artificial Crystal Lagoons Ofrece departamentos con diferentes modelos y opciones de pago, incluyendo crédito directo con la empresa La Torre 6 es una de las torres del condominio, con preventa de departamentos Los departamentos en Torre 6 ofrecen acceso a una playa artificial de 35 hectáreas, tiki bar, restaurantes, canchas deportivas y una escuela de deportes acuáticos, entre otros Se promociona como un lugar para vivir unas vacaciones permanentes",NO,,25,1,1,0,0,Eliana Salvatierra,,,,"-17.80629, -63.276821"
fcd0916aa4588c4bcaa65cf3dec78082,Ultracasas,Venta,Departamento,,TC 7 ENTREGA INMEDIATA A ESTRENAR,ULTRACASAS,217.250,USD,"🏢 DEPARTAMENTO EN FACHADA DE 2 DORMITORIOS EN VENTA DE LUJO EN EQUIPETROL 📍  Av San Martin, entre 2do y 3er anillo 🔴 2 DORMITORIOS (Fachada Frontal) 💰 PRECIO DE VENTA: 217250 $us (TIPO DE CAMBIO 7) 📐 Sup 79 m2 Dpto (Piso 3) 📌 𝐂𝐀𝐑𝐀𝐂𝐓𝐄𝐑𝐈𝐒𝐓𝐈𝐂𝐀𝐒 ☑️ 2 Dormitorios (1 en suite con vestidor) ☑️ Baño a compartir ☑️ Living Comedor ☑️ Cocina americana ☑️ Balcón ☑️ Área de Lavadora 𝑬𝑸𝑼𝑰𝑷𝑨𝑴𝑰𝑬𝑵𝑻𝑶: Cajonería alta y baja de cocina, box de baño, luces led, extractor, horno, cocina empotrada, heladera, microondas, columna de enchufes, chapa digital, aires acondicionados 𝑨𝑹𝑬𝑨𝑺 𝑺𝑶𝑪𝑰𝑨𝑳𝑬𝑺 (Piscina infinita, 2 churrasqueras, sauna, salón de eventos) 📲 Mayor información: Andrea Kanda – departamentoenventadelujo departamentoenventabienesraicesbolivia departamentoenventaenequipetrol inmueblesbolivia",NO,,79,2,2,0,0,Andrea Kanda,,,,"-17.764565, -63.194221"
122374cbdfe9207603804c904b7ceaca,Ultracasas,Venta,Departamento,,📍 Zona Norte – Condominio Macororo III (Barrio Plan Hamacas 12),ULTRACASAS,179.000,USD,"¿Buscás un departamento que se sienta como una casa? Este hogar en el piso más alto del Condominio Macororo III fue modificado desde su origen para ofrecerte esa sensación de amplitud, privacidad y funcionalidad que muchas casas prometen… pero pocos departamentos logran Con 158 m² construidos, ambientes bien iluminados y una distribución que separa perfectamente el área social del área íntima, este departamento combina lo mejor de dos mundos: comodidad para tu día a día y libertad para vivir a tu ritmo 📍 Zona Estratégica, Familiar y Conectada Ubicado entre el 4to y 5to anillo, sobre la Av Beni, frente al parque Bibosi en Motacú y a dos cuadras de Los Mangales Tenés acceso rápido a supermercados, colegios, universidades y transporte público ✨ Ambientes que Enamoran Living comedor amplio con balcón Escritorio independiente también con balcón Baño de visitas Cocina cerrada con espacio para comedor de diario Dependencias de servicio completas 🛏️ Área Familiar Separada Acceso con puerta Blindex Suite principal con vestidor Dos dormitorios espaciosos con baño compartido 🌞 Luz Natural  Piso Superior = Silencio y Privacidad Gracias a su ubicación en el último piso, tenés más luz, mejor ventilación y ningún vecino arriba ❄️ Equipado para Tu Confort Aire acondicionado tipo split en todos los ambientes Pisos de cerámica Techos de 270 m Cortinas roller y luminarias instaladas 🏊‍♀️ Amenidades y Seguridad Piscina Churrasquera Lavandería común Guardia 24/7 y cámaras de vigilancia 📋 Datos Técnicos 158 m² construidos Dos balcones de 2 m² c/u Precio: $ 179,000 TC 7 Bs 650 de expensas (incluye agua) Impuesto anual: Bs 422 Apto para crédito bancario 👪 Ideal para: Familias con hijos en edad escolar, personas que viajan seguido y valoran la seguridad y practicidad de vivir en condominio o inverisionistas debido a la constante demanda de alquiler que tiene",NO,,158,3,4,1,0,José Luis Añez,,,,"-17.746948, -63.169838"
e2b474b368860bfbd3d3ea090dbb5a78,Ultracasas,Venta,Departamento,,Equipetrol C. Enrique Finot Sky Eclipse,ULTRACASAS,136.500,USD,En Sky Eclipse cada espacio está diseñado para ofrecerte el ambiente perfecto para elevar tu estilo de vida✨ 📍 Ubicación privilegiada 🏙Vista que impresiona 🏙Diseño y arquitectura de alta calidad 🏙Áreas sociales exclusivas 🏙Equipamiento de calidad y lujo Ven a conocer este departamento de 1 dormitorio en piso alto y con una vista exclusiva,NO,,65,1,2,0,0,Gladys Daza,,,,"-17.772362, -63.191963"
ddae96a17054dc49395ffe10349a9eca,Ultracasas,Venta,Departamento,,ESPECTACULAR PENT HOUSE,ULTRACASAS,340.000,USD,PENTHOUSE ESPECTACULAR ZONA SUR,NO,,340,4,5,2,0,INGRID WEISE BIENES RAICES,,,,"-17.79084, -63.176945"
a8d807eac5c6f3f73ec019143b636b73,Ultracasas,Venta,Departamento,,(ZONA NORTE) Av. Beni Nº 150 (entre primer y segundo anillo) CONDOMINIO DOS TORRES,ULTRACASAS,85.000,USD,"En venta departamento de 86 metros cuadrados, totalmente amueblado y reformado Materiales y acabados de primer nivel Consta de un living comedor, cocina, lavandería, dos baños y tres dormitorios(uno en suite) Las zonas comunes disponen de una piscina, una churrasquera y una plaza de garaje",NO,,86,3,2,1,0,Javier Vinardell,,,,"-17.771696, -63.179359"
73fc280d233b7ce32d7a2c47aed68652,Ultracasas,Venta,Departamento,,plaza Italia equipetrol,ULTRACASAS,71.500,USD,Deptos de 1 y 2 dormitorios desde 71$ mil,NO,,79,2,1,0,0,Salvador Vargas,,,,"-17.765764, -63.19566"
21ba8bbfb993ef719fc60db198bf1511,Ultracasas,Venta,Departamento,,"Avenida Prolongacion beni, Calle Passilo, 6to. anillo.",ULTRACASAS,36.400,USD,"Preventas en Edificio HH HOME INVIERTE EN NUESTROS PRECIOS Ubicación: Avenida Beni, 6to anillo, calle Passilo Zona Norte Tenemos: Monoambientes 1 dormitorio 2 dormitorios Los precios más económicos y al Tc oficial! Áreas sociales en el último nivel: Piscina, bar, churrasqueras, cowork con sala de reuniones Incluiremos en tu depar: Cerradura inteligente Mueble alto y bajo de cocina Cocina encimera Extractor Mueble bajo del baño Instalaciones (A/C, lav, calefón) Agenda una reunión para más información del proyecto Ing Fernando Lamas  Broker Century 21 Home Ventas: CENTURY 21 HOME: Avenida La Salle, entre 2do y 3er Anillo, Calle Franz Tamayo N 8 Inicio de obra: Febrero 2026 Entrega: Julio 2027",NO,,34,1,1,0,0,Fernando Lamas,,,,"-17.736008, -63.15963"
30598a45b40abe6a3d50cd0f3e481778,Ultracasas,Venta,Departamento,,2do anillo Av. Cristobal de Mendoza,ULTRACASAS,139.500,USD,"EN VENTA AMPLIO DEPARTAMENTO CONDOMINIO LA CASONA 162 M2 ENVENTA 139500$ 2do Anillo frente al Colegio La Salle 3 Dormitorios ( 1 en suite) Living Comedor 3 baños Cocina Lavandería Dependencia con baño 1 Garaje bajo techo 1 Baulera 2 Balcones Gas Domiciliario Equipamiento: 3 Aires acondicionados, cortinas, muebles de cocina, ropero empotrado y vestidor, box de baño Áreas Comunes: Piscina, Sauna, Salón de eventos, 4 churrasqueras, canchas de Raquet y Wally, áreas infantiles TRATO DIRECTO CON EL PROPIETARIO cel: https://wame/591 enventa condominiolacasona colegiolasalle",NO,,162,3,3,1,0,Marcelo Azeñas,,,,"-17.771532, -63.185806"
03397b8ab6bae73fb5f0116242149a81,Ultracasas,Venta,Departamento,,"EQUIPETROL, TIPO DE CAMBIO 7",ULTRACASAS,75.850,USD,"🏢 DEPARTAMENTOS DE LUJO EN PREVENTA EN EQUIPETROL EN CONDOMINIO SPAZIOS EDÉN 𝐕𝐈𝐒𝐈𝐓𝐀 𝐍𝐔𝐄𝐒𝐓𝐑𝐎 𝐃𝐄𝐏𝐀𝐑𝐓𝐀𝐌𝐄𝐍𝐓𝐎 𝐌𝐎𝐃𝐄𝐋𝐎 (ENTREGA DICIEMBRE 2026) 𝐓𝐎𝐓𝐀𝐋𝐌𝐄𝐍𝐓𝐄 𝐄𝐐𝐔𝐈𝐏𝐀𝐃𝐎𝐒 📍Equipetrol, entre 2do y 3er anillo Av San Martín 💰 1 DORMITORIO PRECIOS DESDE: 75850 $us (𝐈𝐍𝐂𝐋𝐔𝐘𝐄 𝐁𝐀𝐋𝐂𝐎𝐍) 📐 Sup Desde: 41 m2 💰 2 DORMITORIOS PRECIOS DESDE: 199500 $us (𝐈𝐍𝐂𝐋𝐔𝐘𝐄 𝐁𝐀𝐋𝐂𝐎𝐍) 📐 Sup Desde: 105 m2 💰PRECIO PARQUEO: 15000 $us 💰PRECIO BAULERA: 3500 $us 𝐂𝐀𝐑𝐀𝐂𝐓𝐄𝐑𝐈𝐒𝐓𝐈𝐂𝐀𝐒 ✅ Piso Porcelanato formato grande ✅ Sistema contraincendios ✅ Estructura  sismoresistente ✅ Aislamiento acústico ✅ Vidrios con Aislamiento termo acústico ✅ Grifería importada ✅ Gas Domiciliario (en los de 2 dorm) ✅ Luces Led ✅ Chapa digital ✅ Cámaras de seguridad 𝐄𝐐𝐔𝐈𝐏𝐀𝐌𝐈𝐄𝐍𝐓𝐎 (Cajonería alta y baja de cocina, gritería con puricador de agua en cocina, cajonería de Baños, Box de Baños, espejo en baños,  aires acondicionados, microondas (en 2 dormitorios), heladera (2 dormitorios), campana extractora, cocina, horno y lavandería de granito (2 dormitorios) 𝐀𝐑𝐄𝐀𝐒 𝐒𝐎𝐂𝐈𝐀𝐋𝐄𝐒 (Piscina, reposeras, 2 Churrasqueras con equipamiento completo, Baños y duchas, salón de uso múltiple, sport bar, sala de juegos, cowork con cocineta, vista panorámica 📲 Mayor información: Andrea Kanda –",NO,,42,1,2,1,0,Andrea Kanda,,,,"-17.769148, -63.191658"
f68c139ff891ab149ba4cb2b9e5093fb,Ultracasas,Venta,Departamento,,Condominio Vista Verde. Radial 19. Entre Pirai y Roca y Coronado (Entre 4to y 5to anillo),ULTRACASAS,235.000,USD,"167,4 m2 ⁠2 parqueos, uno en subsuelo ⁠baulera ⁠Cocina Integrada ⁠3 dormitorios ⁠1 en suite ⁠3 baños ⁠Lavandería ⁠Cuarto de servicio  baño ⁠Carpintería Tecnosuisse ⁠Único con vidrios polarizados para reducir temperatura",NO,,167,3,4,2,0,Camila Otero,,,,"-17.795309, -63.222027"
90b8a45349c6d6c0e93362b8b29233b1,Ultracasas,Venta,Departamento,,Sirari,ULTRACASAS,145.000,USD,"𝗟𝗨𝗝𝗢𝗦𝗢 𝗗𝗘𝗣𝗔𝗥𝗧𝗔𝗠𝗘𝗡𝗧𝗢 "" 𝗔 𝗠 𝗢 𝗕 𝗟 𝗔 𝗗 𝗢 "" 🅴🅽 ​ 🆅🅴🅽🆃🅰 ▫️ 💲 𝟭𝟰𝟱,𝟬𝟬𝟬 (ᴛᴄ ᴏғɪᴄɪᴀʟ) ▫️ ▪️Const:  67 m² ▪️Piso 8 🔝(ᴄ/ ɪɴϙᴜɪʟɪɴᴏ)  (ɪɴᴠᴇʀsɪᴏɴ sᴇɢᴜʀᴀ) ➖️ 📍sɪʀᴀʀɪ sᴄᴢ  Cᴏɴᴅᴏᴍɪɴɪᴏ Pᴜᴇʀᴛᴏ ᴍᴀᴅᴇʀᴏ 𝗗𝗘𝗦𝗖𝗥𝗜𝗣𝗖𝗜𝗢𝗡: ▫️Living Comedor con hermoso mueble empotrada y lampara adosada, con salida a Balcón ▫️Cocina Americana amoblada y equipada con amplio Desayunador ▫️Dormitorio Principal con detalles en pared, Vestidor y Baño con Box y mueble inferiorespejo, con salida a Balcón ▫️Balcón amplio con vista a Equipetrol ▫️1 Parqueo 𝗔𝗥𝗘𝗔𝗦 𝗖𝗢𝗠𝗨𝗡𝗘𝗦: De primer nivel 🔝🔝 ▪️Piscina techada ▪️Churrasquera ▪️Club house amoblado finamente ▪️Gimnasio bien equipado con hermosa vista ▪️Lobby para visitas, Ingreso controlado 𝗭𝗢𝗡𝗔:  Ubicación privilegiada, en barrio Sirari, a unas cuadras del Triangulo de Oro en Equipetrol Norte, a cuadras de Supermercados, Hospitales, Farmacias, Restaurantes, Malls, Bancos, Cafes, Bares, Hoteles, colegios y mucho más! El departamento cuenta con inquilino Ingreso asegurado para inversionistas! ▫️ 𝗠𝗔𝗩𝗜𝗦 𝗥𝗜𝗩𝗘𝗥𝗢 ᴀsᴇsᴏʀᴀ ɪɴᴍᴏʙɪʟɪᴀʀɪᴀ 𝗜𝗻𝗺𝗼 𝗕𝗿𝗼𝗸𝗲𝗿𝘀 𝟩𝟪𝟧 𝟨𝟧𝟢𝟢𝟢 ᴡʜᴀᴛsᴀᴘᴘ: bitly/CPMd145kAYIMBK 𝖢𝗈𝗇𝖿𝗂𝖺𝖤𝗇𝖬𝗂𝖤𝗑𝗉𝖾𝗋𝗂𝖾𝗇𝖼𝗂𝖺𝖨𝗇𝗆𝗈𝖻𝗂𝗅𝗂𝖺𝗋𝗂𝖺 @mavisriveroinmo Afiliada a CAINCRUZ",NO,,67,1,1,1,0,Mavis Rivero Serrano,,,,"-17.765348, -63.202972"
91eb790f9e8f6bd5de6a483e9b4dce66,Ultracasas,Venta,Departamento,,SKY MOON VENTA DOS DORMITORIOS,ULTRACASAS,185.000,USD,"Departamento en Venta –Alquiler  Equipetrol Norte (a una cuadra de la Manzana 40) PRECIO 185000 TC PARALELO ALQUILER 7500 Bs SUPERFICIE 1012  m2 Living–comedor con cocina integrada Dos dormitorios en suite con vestidor Baño de visitas Cuarto de máquinas / espacio para lavadora Extensa terraza 1 parqueo y baulera Equipamiento incluido: Cocina encimera, horno y extractor Muebles de cocina y baño Termotanque y aires acondicionados Boxes de baño y espejos Áreas sociales de lujo: Piscina Gimnasio y spa Co–work y sala de reuniones Salón de eventos y churrasqueras Salas de juegos y terraza panorámica Cancha de Padel",NO,,101,2,3,1,0,Jens Meyer Gronemann,,,,"-17.756617, -63.197388"
9d476e739cd2fc0b1adb2de123ef73ae,Ultracasas,Venta,Departamento,,BARRIO RESIDENCIAL URBARÍ!! 2DO ANILLO!!,ULTRACASAS,175.000,USD,OPORTUNIDAD DE INVERSIÓN! DEPARTAMENTO AMPLIO  EN VENTA ZONA RESIDENCIAL URBARÍ ! AV PIRAÍ Y 2DO ANILLO DE 3 HAB 1 EN SUITE LIVING COMEDOR AMPLIO BALCON GRANDE CON EXCELENTE VISTA AREA DE SERVICIO AREAS SOCIALES CON PISCINA CHURRASQUERA SALÓN DE EVENTOS SAUNA SECO,NO,,136,3,3,0,0,Huascar Cuellar,,,,"-17.791824, -63.19603"
2928e3a7461e0ab81e1f82a484ac7d21,Ultracasas,Venta,Departamento,,DPTO EN VENTA TORRES PLATINUM ZONA NORTE EQUIPETROL,ULTRACASAS,278.000,USD,"Cond Torre Platinum, Depto en Venta piso 22 $ 278000 M2 181,48 2 Garajes 1 Baulera 1 dorm en suite 2 dorm Baño compartido Baño visitas Vestíbulo Living comedor Cocina americana Area de servicio Dependencia de servicio Estar Lobby  semi privado",NO,,181,3,3,2,0,Gigliola Roca,,,,"-17.754635, -63.197365"
ec90c74e5aaf762c635dae96ced22f6d,Ultracasas,Venta,Departamento,,Hermosa Suite cerca de Centro Empresarial,ULTRACASAS,69.000,USD,"El monoambiente se encuentra en la mejor zona de Santa Cruz, a 3 min del centro empresarial, en el centro de Equipetrol Superficie: 5036 m2 Precio: 73000 $ (Negociable) El monoambiente incluye los siguientes beneficios: Totalmente amoblado de lujo Cocina moderna Lavadora/Secadora Microondas Las areas comunes: Seguridad las 24 Horas Piscina Mesas de Billar y Futbolin Churrasquera",NO,,50,1,1,0,0,Sebastian G.,,,,"-17.761597, -63.199608"
c0bdd1560b95e364682600381824e198,Ultracasas,Venta,Departamento,,Zona Norte 9no anillo entre Beni y Banzer,ULTRACASAS,29.816,USD,"INVERSION ASEGURADA !! Tipo de Cambio Oficial 696 BERCHATTI NORTE II Resort Habitacional 📍Ubicado en la zona norte de Santa Cruz, la zona con mayor crecimiento y plusvalía Sobre el 9no anillo entre Av Beni y AvBanzer •Departamentos de 1 dormitorio de 33 mt2 En 39816 $us (Precio al Contado 29862 $us) INFORMES AL",NO,,33,1,1,1,0,Jeovana Cuellar,,,,"-17.707453, -63.152142"
855e97339f91d76c513016155e34752e,Ultracasas,Venta,Departamento,,Barrio Sararí,ULTRACASAS,128.000,USD,"OMNIA PRIME 3er piso usado Equipado Sin amoblar Dos habitaciones 1 en suite Baño compartido Área de lavado, con bacha cerrado Cocina americana equipada Living comedor Balcón en las tres arreas Parqueo bajo techo Baulera Arreas sociales en común: Piscina Churrasquera Estar común",NO,,88,2,2,0,0,Gigliola Roca,,,,"-17.763109, -63.198784"
adbcfabfe5292db176623415f4804c82,Ultracasas,Venta,Departamento,,"TC 7 ENTREGA INMEDIATA, A ESTRENAR",ULTRACASAS,112.050,USD,"🏢 DEPARTAMENTO DE 1 DORMITORIO DE LUJO A ESTRENAR EN VENTA EN EQUIPETROL 📍  Av San Martin, entre 2do y 3er anillo 🔴1 DORMITORIO 💰 PRECIO DE VENTA: 112050 $us (TIPO DE CAMBIO 7) 📐 Sup 41,50 m2 Dpto (Piso 1) 📌 𝐂𝐀𝐑𝐀𝐂𝐓𝐄𝐑𝐈𝐒𝐓𝐈𝐂𝐀𝐒 ☑️ 1 Dormitorio con vestidor ☑️ Baño a compartir ☑️ Living Comedor ☑️ Cocina americana ☑️ Balcón ☑️ Área de Lavadora 𝑬𝑸𝑼𝑰𝑷𝑨𝑴𝑰𝑬𝑵𝑻𝑶: Cajonería alta y baja de cocina, box de baño, luces led, extractor, horno, cocina empotrada, columna de enchufes, chapa digital, aires acondicionados 𝑨𝑹𝑬𝑨𝑺 𝑺𝑶𝑪𝑰𝑨𝑳𝑬𝑺 (Piscina infinita, 2 churrasqueras, sauna, salón de eventos) 📲 Mayor información: Andrea Kanda – departamentoenventadelujo departamentoenventabienesraicesbolivia departamentoenventaenequipetrol inmueblesbolivia",NO,,42,1,1,0,0,Andrea Kanda,,,,"-17.764557, -63.19421"
296382fc4d7862317cf4bc9c84079b4b,Ultracasas,Venta,Departamento,,SKY MOON 1 DORMITORIO VENTA,ULTRACASAS,120.000,USD,"Departamento en Venta SKY MOON Equipetrol Norte (a una cuadra de la Manzana 40) PRECIO 120000 USD TIPO DE CAMBIO PARALELO ALQUILER 4900 Bs SUPERFICIE 64 m2 Living–comedor con cocina integrada 1 dormitorio en suite con vestidor Baño de visitas Cuarto de máquinas / espacio para lavadora Terraza 1 parqueo y baulera Equipamiento incluído: Cocina encimera, horno y extractor Muebles de cocina y baño Termotanque y aires acondicionados Box de baño y espejo (Nota: sin heladera) Áreas sociales de lujo: Piscina Gimnasio y spa Co–work y sala de reuniones Salón de eventos y churrasqueras Salas de juegos y terraza panorámica Cancha de pádel",NO,,64,1,2,1,0,Jens Meyer Gronemann,,,,"-17.75672, -63.197361"
a95aec852e55afcf33d79e44ca5da95d,Ultracasas,Venta,Departamento,,"Avenida Beni, 4to anillo, Plan 12 Hamacas calle 4",ULTRACASAS,82.900,USD,Monoambiente en venta en edificio Mangales Blue Entrega inmediata Precio: $us 82900 (Tc oficial) Nivel 5 Vista a la calle Superficie: 34 m2 Consta de: Living Cocina Baño Dormitorio Balcón Incluye : Cocina eléctrica Extractor de cocina Muebles altos bajos de cocina Mesón desayunador Cortinas Aire acondicionado Calefón eléctrico Todos los servicios: Agua Luz Agenda una visita: Ing Fernando Lamas  Broker Century 21 Home,NO,,34,1,1,0,0,Fernando Lamas,,,,"-17.755369, -63.172844"
abca810cf2350a87b3935a805d454889,Ultracasas,Venta,Departamento,,Valle Sanchez- Cond. ORANGE,ULTRACASAS,78.000,USD,"𝐒𝐔𝐏𝐄𝐑 𝐎𝐅𝐄𝐑𝐓𝐀 !!! 𝐂𝐀𝐒𝐀 𝐄𝐍 𝐕𝐄𝐍𝐓𝐀 (En Valle Sanchez) 𝐂𝐨𝐧𝐝 𝐕𝐢𝐥𝐥𝐚 𝐎𝐫𝐚𝐧𝐠𝐞 𝐍𝐨𝐫𝐭𝐞 𝐏𝐑𝐄𝐂𝐈𝐎: $𝐮𝐬 𝟕𝟖𝟎𝟎𝟎 (𝐂𝐚𝐦𝐛𝐢𝐨 𝐎𝐟𝐢𝐜𝐢𝐚𝐥) 𝐒𝐮𝐩 𝟏𝟕𝟐 𝐦𝐭𝟐 Const89 𝟑 𝐃𝐎𝐑𝐌𝐈𝐓𝐎𝐑𝐈𝐎𝐒 ( 𝟏 𝐒𝐮𝐢𝐭𝐞) Preciosa Casa, tipo CHALET 3 Dormitorios ( 1 Suite) Living comedor Cocina Área de Lavandería Patio interno 𝐀𝐑𝐄𝐀𝐒 𝐒𝐎𝐂𝐈𝐀𝐋𝐄𝐒 Club House Churrasquera Piscina El condominio se encuentra en Valle Sanchez, frente al Aeropuerto Viru Viru a 500 mts de la carretera 𝐒𝐎𝐘 𝐂𝐋𝐄𝐘𝐀 𝐌𝐄𝐍𝐀𝐂𝐇𝐎 𝙲𝚎𝚕 𝟽𝟽𝟷𝟼𝟿𝟸𝟹𝟶 𝙰𝚂𝙴𝚂𝙾𝚁𝙰 𝙸𝙽𝙼𝙾𝙱𝙸𝙻𝙸𝙰𝚁𝙸𝙰",NO,,89,3,2,2,0,TU CASA B. R,,,,"-17.658318, -63.162937"
1ea38c78cd8ac95f92c2488d37f9d0af,Ultracasas,Venta,Departamento,,Por Av. Cañoto entre 1er y 2do Anillo,ULTRACASAS,55.000,USD,"MONOAMBIENTE A ESTRENAR CON GAS DOMICILIARIO Y LAVANDERÍA EN VENTA 📍Por Av Cañoto, entre 1er y 2do anillo ⚜️Zona comercial y universitaria 🔳 Superf 39,72 m2 💵 Valor $ 55,000 ✓ TC: 6,97 Cuenta con Lavandería y gas domiciliario CONSTA Dormitorio Cocina Comedor independiente con gas domiciliario, equipada con cocina encimera, extractor, amoblada con cajoneria baja, división puertas blindex Baño amoblado con cajoneria baja, espejo, box de baño y accesorios Lavandería ️Área Social Piscina Churrasqueras Salon de Eventos Coworking Gimnasio Terraza Panoramica Contamos con descuentos especiales, hasta agotar stock Ven, agenda una visita y aprovecha los descuentos por temporada",NO,,39.72,1,1,0,0,Maria Rodriguez,,,,"-17.779215, -63.190613"
aa792ee1056afab72150098b2cac5dea,Ultracasas,Venta,Departamento,,Edificio Aqua Tower,ULTRACASAS,251.120,USD,"𝐄𝐍 𝐀VENTA 𝐋𝐔𝐉𝐎𝐒𝐎 𝐃𝐏𝐓𝐎 Avenida San Martín, Edificio Aqua Tower 𝐏𝐑𝐄𝐂𝐈𝐎: 251120 $us 2 Dormitorios en suite Amplio living, comedor  con amplios ventanales Baño de visitas Cocina estilo Americano (Equipada) Espectacular vista Área de lavado Áreas sociales completas 5 estrellas ! Superficie: 125,56 m2 Piso  5 ¿Qué estás esperando? ¡Contáctame! Anímate a visitarlos Llámame y agenda tu cita Mayor información, Patricia Limón  Cel",NO,,125,2,3,0,0,Patricia Limon,,,,"-17.765511, -63.195091"
4a3f126ecbc193aecfc637772c0d7b59,Ultracasas,Venta,Departamento,,"Macororo 13 y 14
Av. Los Cusis entre Av. Banzer y Beni",ULTRACASAS,155.000,USD,"𝗠𝗔𝗖𝗢𝗥𝗢𝗥𝗢 ""𝟭𝟯  𝘆 𝟭𝟰"" ▫️ 𝗗𝗲𝗽𝗮𝗿𝘁𝗮𝗺𝗲𝗻𝘁𝗼 𝟰 𝗗𝗼𝗿𝗺𝗶𝘁𝗼𝗿𝗶𝗼𝘀 ! 🆅🅴🅽🆃🅰 ▫️ 💲  145,000 ▫️ ▪️Sup 115 m2 ▪️Piso 13  18 ➖️ 📍𝗭𝗢𝗡𝗔: Norte ""Condominio "" 𝗠𝗔𝗖𝗢𝗥𝗢𝗥𝗢 𝟭𝟯 𝘆 𝟭𝟰 "" ᴀᴠ ʟᴏꜱ ᴄᴜꜱɪꜱ ( 2 ʏ 3 ᴀɴɪʟʟᴏ) (ᴇɴᴛʀᴇ ᴀᴠ ʙᴀɴᴢᴇʀ ʏ ᴀᴠ ʙᴇɴɪ) 𝗗𝗲𝘀𝗰𝗿𝗶𝗽𝗰𝗶𝗼𝗻: ▫️Amplio Living Comedor ▫️Cocina cerrada amoblada ▫️4 dormitorios (1 en Suite c/baño privado), ▫️1 Baño a compartir ▫️1 baño a de visitas ▫️Lavanderia ▫️Garage Techado p/1 vehículo 𝗘𝗾𝘂𝗶𝗽𝗮𝗺𝗶𝗲𝗻𝘁𝗼: ▫️Muebles de cocina altos y bajos ▫️Closet empotrados ▫️Vestidor amoblado ▫️Muebles de baño 𝑨𝒓𝒆𝒂𝒔 𝑺𝒐𝒄𝒊𝒂𝒍𝒆𝒔: 𝗗𝗲 𝗟𝘂𝗷𝗼! ▫️Piscina Panorámica ▫️Impresionante Galería ▫️Elegantes Churrasqueras ▫️Gimnasio ▫️Sauna ▫️Teatro ▫️Salón de eventos ▫️ 𝗠𝗔𝗩𝗜𝗦 𝗥𝗜𝗩𝗘𝗥𝗢 ᴀsᴇsᴏʀᴀ ɪɴᴍᴏʙɪʟɪᴀʀɪᴀ 𝗜𝗻𝗺𝗼 𝗕𝗿𝗼𝗸𝗲𝗿𝘀 𝟩𝟪𝟧 𝟨𝟧𝟢𝟢𝟢 ᴡʜᴀᴛsᴀᴘᴘ: Mcrr13y14155kPLext 𝖢𝗈𝗇𝖿𝗂𝖺𝖤𝗇𝖬𝗂𝖤𝗑𝗉𝖾𝗋𝗂𝖾𝗇𝖼𝗂𝖺𝖨𝗇𝗆𝗈𝖻𝗂𝗅𝗂𝖺𝗋𝗂𝖺 @mavisriveroinmo Afiliada a CAINCRUZ",NO,,115,4,3,1,0,Mavis Rivero Serrano,,,,"-17.762941, -63.178642"
a06ab4a5fda760eb217d9a1aaa62019a,Ultracasas,Venta,Departamento,,Monoambiente en Pre Venta,ULTRACASAS,419.000,BOB,"𝑰𝒏𝒗𝒊𝒆𝒓𝒕𝒆 𝑰𝒏𝒕𝒆𝒍𝒊𝒈𝒆𝒏𝒕𝒆: 𝑰𝒏𝒗𝒊𝒆𝒓𝒕𝒆 𝒆𝒏 ""SAOTA PARK” EQUIPETROL Iᴅᴇᴀʟᴇs ᴘᴀʀᴀ ɢᴇɴᴇʀᴀʀ ɪɴɢʀᴇsᴏs ᴄᴏɴ ᴀʀʀᴇɴᴅᴀᴍɪᴇɴᴛᴏ ᴛʀᴀᴅɪᴄɪᴏɴᴀʟ ᴏ Aɪʀʙɴʙ 🖇𝐏𝐑𝐄𝐕𝐄𝐍𝐓𝐀 de 𝐌𝐎𝐍𝐎𝐀𝐌𝐁𝐈𝐄𝐍𝐓𝐄𝐒 📍𝘜𝘣𝘪𝘤𝘢𝘥𝘰 𝘦𝘯 𝘌𝘲𝘶𝘪𝘱𝘦𝘵𝘳𝘰𝘭, c𝘢𝘭𝘭𝘦 9 𝘖𝘦𝘴𝘵𝘦 💡 𝙀𝙌𝙐𝙄𝙋𝘼𝙈𝙄𝙀𝙉𝙏𝙊: Cajonería alta y baja en cocina, cocina eléctrica, extractor, box de baño, mesón de granito en cocina y baño, cerradura inteligente, iluminación led y interruptores con puerto USB 💡 𝘼𝙈𝙀𝙉𝙄𝘿𝘼𝘿𝙀𝙎: Piscina, churrasquera, cowork y terraza ¡Lᴀs ᴍᴇᴊᴏʀᴇs ᴏᴘᴏʀᴛᴜɴɪᴅᴀᴅᴇs ɴᴏ ᴇsᴘᴇʀᴀɴ! 📲 𝙎𝙤𝙡𝙞𝙘𝙞𝙩𝙖 𝙞𝙣𝙛𝙤𝙧𝙢𝙖𝙘𝙞𝙤́𝙣 𝙝𝙤𝙮 𝙢𝙞𝙨𝙢𝙤 •Cada oficina es de propiedad y de gestión independiente•",NO,,29,1,1,0,0,Heidy Rivas,,,,"-17.7665, -63.193771"
978cb2c541d21700878bd96bf3f36a7a,Ultracasas,Venta,Departamento,,VENDO EN $US 20.000 DEPARTAMENTO SOBRE AVENIDA MONSEÑOR RIVERO,ULTRACASAS,20.000,USD,"SOBRE AVENIDA MONSEÑOR RIVERO – DEPARTAMENTO EN VENTA  OFERTA Edificio Monseñor Rivero Ideal para oficinas de Abogados o Notaria o Vivienda Zona Norte entre 1ro y 2do anillo Superficie: 55,72 m2 Venta $us 20000 (pago en dolares) DESCRIPCION: Un dormitorio Baño Living comedor Cocina Lavandería Baño de servicio Equipado con aire central Iluminación Calefón Muebles empotrados en todos los ambientes Documentos en orden Entrega inmediata 𝓓 𝓸 𝓻 𝓲 𝓼    𝓛 𝓮 𝔂 𝓽 𝓸 𝓷 ✨👩🏻‍💼 Cel📲 591 Asesor inmobiliario CAPITAL Corporación Inmobiliaria Oficina Av Alemana No 2045 entre 2do y 3er Anillo capitalcorporacioninmobiliaria departamentos propiedades bienesraicesenbolivia inmuebles departamentoenalquiler contacto departamentoencondominio condominio alquileres zonanorte santacruz bolivia inversiones venta",NO,,55,1,1,0,0,Doris Leyton,,,,"-17.773169, -63.182587"
84f9102d24673f885ef2e5f45a2d854c,Ultracasas,Venta,Departamento,,"Av. La Salle y 3er. Anillo Interno, Omnia Lux",ULTRACASAS,349.000,USD,"Departamento de lujo en 8vo piso en Edificio Omnia Lux 265mt2 con piscina infinita 1 departamento en cada piso, exclusivo con solo 9 departamentos en todo el edificio Características: 1 master suite, 1 suite, sala de estar, terraza con piscina infinita y churrasquera, amplia cocinabar remodelada estilo americana (única en todo el edificio), baño de visitas, dependencia de empleada con baño privado, doble ascensor de acceso directo al departamento Incluye baulera y area social en el piso 11 con sky bar, terraza, sauna seco, vapor y gimnasio WhatsApp: Papeles e impuestos al día, libre de hipotecas Venta Opcional 2 parqueos, cada parqueo a $13,000 Venta Opcional mobiliario con un valor de  $10,000",NO,,265,2,3,0,0,daniel rodriguez,,,,"-17.763231, -63.191711"
f83350fdb4e95a5b7634a90c6d547b53,Ultracasas,Venta,Departamento,,Avenida Enrique Finot I Condominio Eclipse,ULTRACASAS,150.000,USD,"◾️ Superficie  65 m2 ➡️ Consta de: ◾️Suite ( amplio vestidor y baño) ◾️Comedor ◾️Cocina ◾️Sala de estar ◾️Baño de visita ◾️Balcón ➡️ El condominio cuenta con imponente lobby de ingreso de 150 m2, 3 ascensores inteligentes con tarjetas de acceso, piscina panorámica en el piso 17 de 25 metros, saunas , gimnasio, salones ,churrasqueras, salas de juego y otros ambientes de esparcimiento social ➡️ Equipamiento ( heladera, campana, microondas, cocina encimera , termotanque , chapas de alta seguridad) 💵 Precio 1050000 Bs Entrega Diciembre 2025",NO,,65,1,2,0,0,Mauricio Landivar Piotti,,,,"-17.768543, -63.195831"
9efe1ccb2bef71d43489f867ced860fe,Ultracasas,Venta,Departamento,,SKY LEVEL DEPARTAMENTOS DE LUJO EN PRE VENTA,ULTRACASAS,55.000,USD,"🏢 DEPARTAMENTOS DE LUJO EN PREVENTA EN EQUIPETROL EN CONDOMINIO SKY LEVEL (ENTREGA DICIEMBRE 2026) 𝐓𝐎𝐓𝐀𝐋𝐌𝐄𝐍𝐓𝐄 𝐄𝐐𝐔𝐈𝐏𝐀𝐃𝐎 📍 Equipetrol, entre 2do y 3er anillo Av San Martín, con salida a 3 calles 💰 PRECIO: 55000 $us 📐 Sup: 50 m2 💰PRECIO PARQUEO: 10000 $us 💰PRECIO BAULERA:    3000 $us 𝐀𝐑𝐄𝐀𝐒 𝐒𝐎𝐂𝐈𝐀𝐋𝐄𝐒 (Piscina cubierta de 40 m, Gimnasio, 2 salones de eventos, Cowork, Sala de Reuniones, 8 Churrasqueras, Lounge, Sala de juegos, sala de tv, sala de cine, jacuzzi, sauna a vapor, sauna seco, vista panoramica 📲 Mayor información: Andrea Kanda –",NO,,50,1,1,1,0,Andrea Kanda,,,,"-17.771444, -63.192989"
74d4abe81bdb1d1fa90c3aac0340247b,Ultracasas,Venta,Departamento,,Monoambiente en SKY TOWER,ULTRACASAS,100.800,USD,"MONOAMBIENTE EN PRE VENTA SKY TOWER ULTIMAS UNIDADES Equipetrol C/7este TIPO DE CAMBIO 696 BS 🚩 Superficie: 36m2 🚩 En Piso 22 con Balcón VISTA FACHADA 🚩 Entrega Junio 2026 Precio: 100800 $us PAGO AL CONTADO 𝗘𝗾𝘂𝗶𝗽𝗮𝗺𝗶𝗲𝗻𝘁𝗼: Heladera Hielo seco Campana extractora de cocina, Microondas empotrada, cocina electrica vitrificada de 4 hornallas marca TStore Tramontina Aire acondicionado frio/calor Termotanque en área de servicios Intercomunicador y videollamadas con pantalla touch led Mobiliario de cocina completo  de ARMO Chapa digital Sistema de iluminación domotizada Ropero y mueble de TV en dormitorio Baño equipado y con espejo",NO,,36,1,1,0,0,María Fernanda Saucedo,,,,"-17.771902, -63.192165"
d8cba4137b1f88e36ad13ad472a60510,Ultracasas,Venta,Departamento,,"Sirari Equiepretol, calle dalias",ULTRACASAS,57.540,USD,Entrega 2026 tipo de cambio 8,NO,,33,1,1,0,0,Eliana Salvatierra,,,,"-17.762543, -63.200035"
8fa789db847b13b6b0baeff2c29b7741,Ultracasas,Venta,Departamento,,"El Remanso, Avenida Alameda, 9no anillo, Boulevard El Remanso",ULTRACASAS,50.000,USD,"MONOAMBIENTE (Semiamoblado) Disfruta de una agradable vista a la naturaleza del norte desde el Boulevard El Remanso, viviendo ahora mismo en una zona residencial rodeada de condominios, cerca de micro mercados, restaurantes, a 15 minutos del segundo anillo y 5 minutos de universidades UDI y UCEBOL Cerca de la Univalle Características del Inmueble: •	Dormitorio con aire acondicionado, closet, mueble de tv, veladores respaldo de cama, baño privado y cortinas •	Baño con cajonería, box y calefon •	Cocina con cajonería alta y baja, extractor de humo, cocina empotrada y gas domiciliario •	Balcón con pequeño deposito Características del condominio: •	Jardines en el interior •	Piscina •	Sala de Gimnasio •	Churrasquera y área multifuncional •	Recepción y seguridad las 24 horas •	Ascensor •	Wifi en áreas comunes •	Parqueo con portón eléctrico Transporte publico (Servicio de la linea 10 hasta las 23:00 Horas) Precio: Monoambiente: $us 49500 Garaje: $us 10000 SIN COMISIONES Precio negociable",SI,,32,1,1,1,0,Lucia Balcazar,,,,"-17.709648, -63.175442"
bd41afeefa50faef80b3ed99f7111710,Ultracasas,Venta,Departamento,,Equipetrol - SKY MOON,ULTRACASAS,725.000,BOB,"En Venta a estrenar  monoambiente de lujo  en SKY MOON Equipetrol norte415 M2 Monoambiente con balcón Piso 12 Equipado con refrigerador,horno micro ondas,cocina encimera,extractor ,aire acondicionado ,Inter comunicador con video llamada ,chapa electrónica Acabados de lujo ,mueblería alta baja Baño con box Muebleria flotante Doble vidrio hermético en ventanas  y acústico DVH ascensores última generación 3 pisos de Areas sociales con cancha de pádel  churrasqueras, gimnasio ,  piscina, salón de juegos, sala de TV, sistema de vigilancia con circuito Precio venta Bs 725000 Precio parqueo Bs 210000",NO,,41,1,1,1,0,Marcelo panunzio,,,,"-17.756857, -63.197205"
517670ab56c506bd8f1188d8515ca221,Ultracasas,Venta,Departamento,,CURUPAU ISUTO,ULTRACASAS,260.000,USD,"𝐄𝐍 𝐕𝐄𝐍𝐓𝐀 📍Condominio Curupaú Isuto, 4to anillo canal Isuto ✔️𝐃𝐩𝐭𝐨 de 3 dormitorios (1 en suite, con salida al balcón) ✔️baño a compartir de dormitorios ✔️Living, comedor , con salida a balcón ✔️Cocina estilo americano ✔️Lavandería ✔️Baño de visitas 🔺Superficie 151,70 m2 🔺Piso 19 🔹Precio de venta: 260000 $us ( TC oficial ) ¿Qué estas Esperando? ¡Contáctame! Anímate a Visitarlos… Llámame y Agenda tu cita Mayor información, Patricia Limón – Cel",NO,,152,3,3,0,0,Patricia Limon,,,,"-17.751114, -63.19125"
c4b4a45aa6ae1b7760a64a11bee92050,Ultracasas,Venta,Departamento,,"Calle 5 oeste, Hugo Wast",ULTRACASAS,70.900,USD,"Haz crecer tu dinero invirtiendo con nosotros Preventas en Edificio HH CHUUUBI Departamentos de 1 dormitorio Departamento de 2 dormitorios Al tipo de cambio oficial Ubicación: Barrio Equipetrol, av San Martín, calle 5 Oeste (Hugo Wast) Controla todo a distancia! Aplicación del edificio Control de acceso Lockers inteligentes Ascensor ecofriendly Cámaras de seguridad en cada nivel En tu departamento tendrás: Cerradura inteligente Video portero online Muebles altos y bajos de cocina, cocina encimera y extractor Mueble bajo y box de baño Puertas de roperos (dptos de 1 y 2 dormitorios) Areas sociales en el último nivel Piscina Jacuzzi 2 churrasqueras Sala de entretenimiento Salón multiuso Co Work Lavandería Más información: https://bitly/PREVENTASEDIFICIOHHCH?œUBIFERNANDO Entrega: Julio 2026 CENTURY 21 HOME  Oficina de ventas: Calle Franz Tamayo No 8, entre 2do y 3er anillo, av La Salle Contacto: Ing Fernando Lamas Broker  Century 21 Home",NO,,40,1,1,0,0,Fernando Lamas,,,,"-17.768112, -63.194595"
ae361f239783dce3cd1f168bb1076bbc,Ultracasas,Venta,Departamento,,"Avenida Beni 4to anillo, Plan 12 Hamacas, calle 4",ULTRACASAS,72.800,USD,MONOAMBIENTE EN VENTA EN EDIFICIO MANGALES BLUE Monoambiente en venta en edificio Mangales Blue Entrega inmediata Precio: $us 72800 (Tc oficial) Nivel 3 Vista a la calle Superficie: 34 m2 Consta de: Living Cocina Baño Dormitorio Balcón Incluye : Cocina eléctrica Extractor de cocina Muebles altos bajos de cocina Mesón desayunador Cortinas Aire acondicionado Calefón a gas Todos los servicios: Agua Luz Gas domiciliario Agenda una visita: Ing Fernando Lamas  Broker Century 21 Home,NO,,34,1,1,0,0,Fernando Lamas,,,,"-17.748013, -63.169323"
a8467caaadffdc80cbddd83fe3d884d7,Ultracasas,Venta,Departamento,,(TC 7) Departamentos en pre venta Zona norte (Dic. 2025),ULTRACASAS,49.500,USD,"🏢 DEPARTAMENTOS EN PREVENTA – GALIL PARQUE III ✨ Entrega Diciembre 2025 🔐 ¡Reserva con solo $1000! 📍Ubicación privilegiada: 3er Anillo, Zona Zoológico – Norte de Santa Cruz 🌟 Exclusivo condominio de solo 35 deptos con acabados de lujo: ✅ Cocina y baño amoblados ✅ Balcón privado ✅ Churrasquera y bar ✅ Piscina infinita ✅ Gas domiciliario ✅ Lobby moderno y elegante 💸 Precios de preventa en $us o Bs al T/C 7: 🟡 Monobiente 29 m² → $us 49500 🟡 1 dormitorio 45 m² → $us 58000 🟡 2 dormitorios 62,60 m² → $us 103000 📑 Forma de pago flexible: ✔️ 50% al firmar contrato ✔️ 50% contra entrega 📲 Más info y reservas: 📞  – Andrea Kanda C21 Élite 📩 ¡Agenda tu visita hoy mismo! SantaCruz DepartamentosEnVenta InversiónInteligente Zoológico CondominioDeLujo GalilParqueIII Preventa C21Elite",NO,,29,1,1,0,0,Andrea Kanda,,,,"-17.757803, -63.183811"
b974343daff892142c58818a30030016,Ultracasas,Venta,Departamento,,Dpto en venta en el cond. Providencia (Zona Av Las Américas),ULTRACASAS,100.000,USD,"Departamento en venta de 2 Dormitorios (71m2) con roperos empotrados,AA en todos los ambientes,cocina encimera con extractor, horno eléctrico,box de baños,cortinas y garaje El área social cuenta con salón de eventos y piscina",NO,,110,2,2,1,0,Vendedor Vendedor,,,,"-17.79332, -63.178463"
094358954f0f8f37ea021a101469be9b,Ultracasas,Venta,Departamento,,En Venta Amplio y Luminoso Depto de 247 m2 en Condominio Tarumá,ULTRACASAS,235.000,USD,"UBICACIÓN CONDOMINIO Ubicada en una zona muy conocida por sus condominios, se encuentra a pocos minutos del nuevo puente del Urubó y Roca y Coronado, Colegio Francés, cadenas de supermercados, farmacias, gimnasio, Equipetrol Norte y Ventura Mall, y mucho más CARACTERÍSTICAS DEL PENTHOUSE Este amplio y luminoso penthouse tiene un total de 247 m2, y consta de las siguientes características: 	1 Dormitorio en Suite 	2 Dormitorios con baño compartido 	1 Baño de visita adicional 	1 dormitorio para personal de Servicio con baño privado 	Sala de estar 	Living – Comedor 	Cocina 	Balcón 	Área de servicio 	Garaje para 2 vehículos Expenas: Bs 1300 CARACTERÍSTICAS DEL CONDOMINIO Este condominio cuenta hermosas áreas sociales ideales para disfrutar en familia y con amigos Es un complejo residencial de departamentos familiares •	Piscina •	Club House •	Churrasquera •	Ascensor •	Lobby con acceso controlado •	Seguridad las 24 horas",NO,,247,4,4,2,0,André Feeney,,,,"-17.798817, -63.21748"
d08c9027987db724e22ae949fa7b222a,Ultracasas,Venta,Departamento,,"Avenida La Salle, calle Luis Dario Vazquez",ULTRACASAS,80.000,USD,"MONOAMBIENTE TOTALMENTE AMOBLADO Y EQUIPADO EN VENTA Edificio Leblon Ubicación: Avenida La Salle, 2do anillo, calle Luis Dario Vazquez Precio: $us 80000 Tc Oficial Superficie: 33,23 m2 1 ambiente Cocina amoblada y equipada Mesón desayunador Living con todos los mobiliarios y equipos Baño con mueble bajo, box, calefón Dormitorio amoblado y ropero Balcón Cerradura inteligente Video portero En areas sociales: Piscina Lounge 2 churrasqueras SUM Sala de entretenimiento Cowork En el edificio: Control de acceso, aplicacion del edificio, casilleros de mensajeria instantanea Agenda una visita Ing Fernando Lamas  Broker Century 21 Home",NO,,33,1,1,0,0,Fernando Lamas,,,,"-17.767784, -63.189068"
78604a0113bf7795e08d2ae8d7f257a5,Ultracasas,Venta,Departamento,,1er anillo frente a la Gobernación de Santa Cruz AV Omar Chavez,ULTRACASAS,35.400,USD,"PREVENTA TORRE FUERTE 📣📣CRÉDITO DIRECTO 📣📣 A sola firma con una mínima cuota inicial 🔹Monoambiente 38mt2 $us 35500 Cuota Inicial : 890$us Cuota mensual: 294$us 🔹1 dormitorio 50 mt2 $us 52000 Cuota Inicial : 1,600$us Cuota mensual: 380$us 🔹1 dormitorio  Estudio 73 mt2 $us 73000 Cuota Inicial : 2190 $us Cuota mensual: 530$us 🔹2 dormitorios 84 mt2 $us 89000 Cuota Inicial : 2755$us Cuota mensual: 555$us Informes 📲￼⁨⁩ Jeovana Cuellar",NO,,35,1,1,0,0,Jeovana Cuellar,,,,"-17.79464, -63.189137"
4cb19896a3895a23d167e79d026bc395,Ultracasas,Venta,Departamento,,Por Cañoto entre 1er y 2do Anillo,ULTRACASAS,107.565,USD,"AMPLIO DEPARTAMENTO DE 2 DORMITORIOS A ESTRENAR EN VENTA 📍Av Centenario, entre 1er y 2do anillo ⚜️Zona comercial y universitaria 🔳 Superf 71,71 m2 💵 Valor $ 107,565 ✓TC: 7 Cuenta con Area de Lavandería CARACTERISTICAS 🚩2 Dormitorios 🚩Sala Comedor ️ 🚩Cocina equipada con cocina encimera, amoblada con cajoneria baja 🚩 2 Baños amoblados con cajoneria baja, espejo, box de baño y accesorios 🚩 Área de Lavandería 🔆 Área Social Piscina Gimnasio Churrasqueras Salon de Eventos Coworking Invierte en inmuebles, dolariza tus ahorros 💰 Ven agenda una visita, no esperes más invierte en tu nuevo hogar",NO,,71,2,2,0,0,Maria Rodriguez,,,,"-17.776253, -63.190231"
3f5d9c4c33f39fe69569654269542ee9,Ultracasas,Venta,Departamento,,Condominio Vista Verde,ULTRACASAS,270.000,USD,"D𝐞𝐩𝐚𝐫𝐭𝐚𝐦𝐞𝐧𝐭𝐨 𝐞𝐧 𝐕𝐞𝐧𝐭𝐚 📍𝐂𝐨𝐧𝐝 𝐕𝐢𝐬𝐭𝐚 𝐕𝐞𝐫𝐝𝐞 𝐂𝐥𝐮𝐛 𝐑𝐞𝐬𝐢𝐝𝐞𝐧𝐜𝐢𝐚𝐥 Zona Oeste Santa Cruz ▪️148,67m2 de superficie Vista al área social, piscinas ⁠piso 1 ▫️3 dormitorios (1 en suite) ▫️ Baño a compartir ▫️Livingcomedor con terraza amplia ▫️Cocina con mueblería alta y baja ▫️Comedor de diario ▫️Área de lavandería cerrada ▫️2 parqueos ▪️Todos los ambientes con aires acondicionados 🔸Hermosas áreas sociales con piscina, sauna, gimnasio, Churrasqueras, sala de juegos, parque infantil",NO,,148,3,2,2,0,Yngrid Peralta,,,,"-17.793116, -63.22134"
dfa434cf0980d0245c27afb4853a521f,Ultracasas,Venta,Departamento,,Dpto en venta en el cond. Providencia (Zona Av Las Américas),ULTRACASAS,100.000,USD,"Departamento en venta de 2 Dormitorios (71m2) con roperos empotrados,AA en todos los ambientes,cocina encimera con extractor, horno eléctrico,box de baños,cortinas y garaje El área social cuenta con salón de eventos y piscina",NO,,94,2,2,1,0,Vendedor Vendedor,,,,"-17.793413, -63.17857"
6221ff6edd7ec82f29314ba715b54a92,Ultracasas,Venta,Departamento,,4to anillo y Av. Beni,ULTRACASAS,198.000,USD,"Penthouse en venta con 3 dormitorios en suite, escritorio, sala de estar, amplia cocina, área de servicio, churrasquera con linda vista Área social: piscina, salón de eventos, churrasquera, parque infantil",NO,,256,3,4,2,0,Claudia Rivero,,,,"-17.748615, -63.170773"
62d491e180a0b11ac1b183863aad9e9f,Ultracasas,Venta,Departamento,,Condominio santa cruz,ULTRACASAS,120.000,USD,"🏢✨ AMPLIO DEPARTAMENTO EN VENTA ✨🏢 📍 Ubicación: 2do anillo – Condominio Santa Cruz 2 💲 Precio: 120000 $us (TC oficial) 📐141m² 🔑 Características: 🛏️ 3 Dormitorios (1 en suite con ropero empotrado) 🚿 1 Baño a compartir 🛋️ Living – Comedor amplio 🍴 Cocina – Comedor con despensa 🧹 Dependencia de servicio 🧺 Lavandería 🚗 Garaje incluido para 1 vehículo ❄️ Todos los ambientes con A/C ✨ Un departamento cómodo, bien distribuido y en excelente ubicación para vivir con tu familia 📞 Contacto: 📲  –",NO,,141,3,4,1,0,Helen Roxana Leaños Farell,,,,"-17.777803, -63.165337"
d3f84b4800ea376de0c9a6e3b0d91e9e,Ultracasas,Venta,Departamento,,MONOAMBIENTE AMOBLADO EN VENTA EN EQUIPETROL,ULTRACASAS,68.400,USD,"MONOAMBIENTE COMPLETAMENTE AMOBLADO EN VENTA 📍Equipetrol, Condominio Sirari Palm Sup 39m2 Piso 1 •Ropero empotrado •Cajoneria alta y baja •Cocina y extractor integrado con utensilios de cocina •Heladera •Sofá Cama •Escritorio •TV Smart •Cama de 2 plazas y media •Balcón •Baño equipado con box y cajonería 🏊Áreas sociales: •Piscina •Churrasquera equipada y cubierta •Sala de reuniones •Recepción y lobby elegante con seguridad 24hrs 💰Precio 68400$ TC 7",SI,,39,1,1,0,0,C21 BLUREALTY,,,,"-17.763922, -63.19928"
30614847885becaa1ae4d5caff23ee70,Ultracasas,Venta,Departamento,,Dpto en venta en el cond. Providencia (Zona Av Las Américas),ULTRACASAS,100.000,USD,"Departamento en venta de 2 Dormitorios (71m2) con roperos empotrados,AA en todos los ambientes,cocina encimera con extractor, horno eléctrico,box de baños,cortinas y garaje El área social cuenta con salón de eventos y piscina",NO,,135,2,2,2,0,Vendedor Vendedor,,,,"-17.794613, -63.178356"
494db0743d856186e82fb195cbd61352,Ultracasas,Venta,Departamento,,AVENIDA BENI CUARTO ANILLO,ULTRACASAS,130.000,USD,"Ubicado entre 4° y 5° anillo de la Av Beni al frente del Parque Los Mangales Alrededores se encuentran farmacias, colegios, hospitales, centros comerciales, supermercados caracteristicas Piso 3 Sup 135 m2 3 dormitorios( 1 suit con baño privado), living comedor, dependencia de empleada, baño de visita, balcon con churrasquera, lavanderia, aire acond, en todo el dpto, calefon, cocina, campana, cortinas etc Seguridad las 24 hrs, cámaras de seguridad en todo el edificio Áreas sociales( piscina,gimnasio, sauna, sala de cine, sala, de Internet, juegos para niños, canchas polifuncionales, cancha de raquet, guardería, churrasqueras, salón de eventos, etc) GARAGE CON BAULERA, PRECIO A LA VENTA : 130 mil dolares americanos precio totalmente charlable TRATO DIRECTO CON EL DUEÑO SIN INTERMEDIARIOS Mas informacion al",NO,,135,4,3,1,0,eduardo vaca seoane,,,,"-17.748686, -63.169109"
d6e024a3e08ca8df152eb0a29967d4f6,Ultracasas,Venta,Departamento,,En Venta Hermoso Depto de 3 Dormitorios Equipado y Amoblado con Parqueo - Condominio TRIII,ULTRACASAS,135.000,USD,CARACTERÍSTICAS DEL DEPARTAMENTO Amplio y luminoso departamento de 84 m2: •	1 Dormitorio en Suite •	2 Dormitorios Simples con baño compartido •	Living comedor •	Cocina estilo americana •	Área de lavandería •	Balcón CARACTERÍSTICAS DEL CONDOMINIO Este condominio cuenta hermosas áreas sociales ideales para disfrutar en familia y con los amigos Es un complejo residencial con 4 torres de departamentos familiares •	Piscina para niños y adultos •	Deck para bronceado •	Solarium •	Sauna •	Circuito de trote y paseo •	Parque infantil •	Área para mascotas •	Gimnasio •	Cancha Polifuncional •	Área zen de relajación (ideal para realizar yoga) •	Mini golf •	6 Churrasqueras •	Club House SEGURIDAD •	Lobby con acceso controlado por torre •	Seguridad las 24 horas •	Iluminación LED automatizada •	Señalizaciones •	Extintores,NO,,86,3,2,1,0,André Feeney,,,,"-17.721699, -63.168385"
7a6a300321af21b9bca73a978b0d8454,Ultracasas,Venta,Departamento,,Edificio Matt zona los cusis,ULTRACASAS,255.000,USD,"DEPARTAMENTO de lujo EN 𝐕𝐄𝐍𝐓𝐀 𝐄𝐃𝐈𝐅𝐈𝐂𝐈𝐎 𝐌𝐀𝐓𝐓 Zona exclusiva: Av Los cusis, frente al colegio Británico PISO 1 𝐂𝐚𝐫𝐚𝐜𝐭𝐞𝐫𝐢𝐬𝐭𝐢𝐜𝐚𝐬: Departamento: • Superficie 215 m2 • Amplia sala comedor • Cocina americana amoblada y versátil (se puede aislar o integrar a la sala comedor) • 3 habitaciones, 1 en suite con amplio vestidor • Area de lavandería • 2 parqueos E16 y B • Dependencia completa Áreas Sociales: • Piscina • Churrasquera • Salón de Eventos • ⁠Juegos infantiles • ⁠Sauna • Gimnasio 𝐃𝐞𝐭𝐚𝐥𝐥𝐞𝐬:🌟 Muebles con acabados de categoría Pisos en Porcelanato Italiano símil Mármol de Carrara Aires acondicionados 💰Valor 255000 dólares Expensas: 1165 Bs",NO,,215,3,4,2,0,Jeimmy Delboy,,,,"-17.765005, -63.173359"
da17ec785154bc3cc43a0fef75ec24fa,Ultracasas,Venta,Departamento,,"Equipetrol Edif. Sky Elite, calle 9 Oeste",ULTRACASAS,138.000,USD,"𝐄𝐪𝐮𝐢𝐩𝐞𝐭𝐫𝐨𝐥 𝐃𝐞𝐩𝐚𝐫𝐭𝐚𝐦𝐞𝐧𝐭𝐨 𝐞𝐧 𝐕𝐞𝐧𝐭𝐚 𝘌𝘥𝘪𝘧𝘪𝘤𝘪𝘰 𝑺𝒌𝒚 𝑬𝒍𝒊𝒕𝒆, calle 9 oeste Ciudad Santa Cruz De La Sierra ⁠Superficie: 51 m2 1 Dormitorio en suite con vestidor Cocina Equipada con muebleria completa horno, microondas ⁠Área de lavandería cerrada con lavandería manual, Termotanque Living Comedor con aire acondicionado, cortinas , luminaria decorativa ⁠Patio privado con pérgola (no está  en el metraje) Piso: 1 Libre de gravamen",NO,,51,1,1,0,0,Yngrid Peralta,,,,"-17.766022, -63.196701"
c32c0a8d1ec9267d971ad8b4c12aaa6b,Ultracasas,Venta,Departamento,,Condominio ONIX,ULTRACASAS,198.260,USD,"DUPLEX EN VENTA  CONDOMINIO ONIX Ubicado en el Condominio ONIX entre 3er y 4to anillo de la Zona Equipetrol Tiene ingreso controlado las 24 horas del día y sus vías de acceso están todas asfaltadas Además, el condominio se encuentra muy bien ubicado, dentro de diferentes puntos estratégicos de la zona Superficie: 12791 m2 Precio de Venta: U$D 198260 U$D 15000 Características del Duplex •	2 Dormitorios en Suite, Suite principal con Vestidor, Suite secundaria con ropero ambos conectan con Balcón destechado •	Cocina Americana •	Sala Comedor •	Terraza •	Baño de Visitas •	Lavanderia •	1 Parqueo •	1 Baulera Servicios •	Seguridad 24hras •	Cámaras de vigilancia •	Ascensores Áreas Comunes •	Piscina •	Terraza •	Salón de eventos •	Lavanderías comunes y espacio para tendedero de ropa ¿Qué estás esperando? ¡Contáctame! Anímate a visitarlos Llámame y agenda tu cita Mayor información, Patricia Limón  Cel",NO,,127,2,3,1,0,Patricia Limon,,,,"-17.758112, -63.198986"
8b5271898ca959dbd3e3484c57fdaa7d,Ultracasas,Venta,Departamento,,"Cerca Av Cañoto, entre 1er y 2do Anillo, Santa Cruz - Bolivia",ULTRACASAS,105.805,USD,"AMPLIO Y MODERNO DEPARTAMENTO CON BALCÓN A ESTRENAR EN VENTA 📍Cerca Av Cañoto, entre 1er y 2do anillo Santa Cruz, Bolivia ⚜️Zona comercial y universitaria 🔳 Superf 60,46 m2 💵 Valor $ 105,805 Cuenta con Balcón y Area de Lavandería CARACTERISTICAS 🚩Dormitorio 🚩Sala  Comedor ️ 🚩 Balcón 🚩Cocina equipada con extractor y cocina encimera, amoblada con cajoneria baja 🚩Baño amoblado con cajoneria baja, espejo, box de baño y accesorios 🚩 Área de Lavandería 🔆 Área Social Piscina Churrasqueras Salon de Eventos Coworking Gimnasio Invierte en inmuebles, dolariza tus ahorros 💰 Ven agenda una visita, no dejes pasar esta oportunidad, zona estratégica y cerca  de todo",NO,,60,1,1,0,0,Maria Rodriguez,,,,"-17.779522, -63.196278"
05329be035411db4c050c990b3f7f4fa,Ultracasas,Venta,Departamento,,Dpto en venta en el cond. Providencia (Zona Av. Las Américas),ULTRACASAS,100.000,USD,"Departamento en venta de 2 Dormitorios (71m2) con roperos empotrados,AA en todos los ambientes,cocina encimera con extractor, horno eléctrico,box de baños,cortinas y garaje El área social cuenta con salón de eventos y piscina",NO,,71,2,2,1,0,Vendedor Vendedor,,,,"-17.794538, -63.178322"
1c8d629d891a5adb6d26e58bcc8feb09,Ultracasas,Venta,Departamento,,SKY ECLIPSE DPTOS. DE LUJO EN PREVENTA,ULTRACASAS,65.000,USD,"🏢 DEPARTAMENTOS DE LUJO EN PREVENTA EN EQUIPETROL EN CONDOMINIO SKY ECLIPSE (ENTREGA DICIEMBRE 2025) 𝐓𝐎𝐓𝐀𝐋𝐌𝐄𝐍𝐓𝐄 𝐄𝐐𝐔𝐈𝐏𝐀𝐃𝐎𝐒 📍 Equipetrol, casi 2do anillo, detras del Hotel Yotau 🏢 DEPARTAMENTOS 1 DORMITORIO 💰 PRECIOS DESDE: 65000 $us 📐 Sup: 65 m2 🏢DEPARTAMENTOS 2 DORMITORIOS 💰 PRECIOS DESDE:  95000 $us  📐 Sup: 95 m2 💰PRECIO PARQUEO: 10000 $us 💰PRECIO BAULERA:    3000 $us 𝐀𝐑𝐄𝐀𝐒 𝐒𝐎𝐂𝐈𝐀𝐋𝐄𝐒 (Piscina panoramica en el piso 18 de 25m, Gimnasio, 2 salones de eventos, 2 Churrasqueras, Lounge, 2 Salas de juegos, sala de tv, sauna a vapor, sauna seco, vista panoramica 📲 Mayor información: Andrea Kanda –",NO,,65,1,1,0,0,Andrea Kanda,,,,"-17.772392, -63.191956"
a54c7b179a2a8c872b8a3a479d477d9a,Ultracasas,Venta,Departamento,,"Av. San Martin, Calle 5 Oeste, Entre el 2do y 3er anillo.",ULTRACASAS,43.000,USD,"Descripción Hermoso MONOAMBIENTE a estrenar en la mejor zona de Santa Cruz  EQUIPETROL, zona de alta plus valía A solo 45000 $us pero también escucho Ofertas MONOAMBIENTE equipado con: Ropero en habitación Cajonería baja en la cocina Ducha equipada con Box, frio y caliente Conexiones listas para instalar Calefón, Cocina encimera, Aire acondicionado OTROS BENEFICIOS: seguridad y vigilancia 24/7 Área sociales con hermosa vista Hermosa Piscina gigante mas de 4 churrasqueras disponibles zona de Lavandería con seguridad Expensa mensuales alrededor de los 300 Bob Área de Aparcamiento Departamento cercano a universidades: UDABOL, UTEPSA Y GABRIEL También cercano a los centros comerciales IC NORTE, Patio Desing y otros CON POSIBILIDAD DE ALQUILAR EN 1800 BS Trato directo con el  dueño",NO,,30,1,1,0,0,Josue Ch,,,,"-17.770672, -63.197426"
70507114535394129b6341cc1ea23566,Ultracasas,Venta,Departamento,,Urbanización El Carmen radial 26 entre 4to y 5to anillo,ULTRACASAS,480.000,USD,"CA𝗦𝗔 𝗘𝗡 𝗩𝗘𝗡𝗧𝗔 𝗭𝗼𝗻𝗮 𝗡𝗼𝗿𝘁𝗲 📍𝗨𝗿𝗯 𝗘𝗹 𝗖𝗮𝗿𝗺𝗲𝗻, 𝗥𝗮𝗱𝗶𝗮𝗹 𝟮𝟲 𝗲𝗻𝘁𝗿𝗲 𝟰𝘁𝗼 𝘆 𝟱𝘁𝗼 𝗮𝗻𝗶𝗹𝗹𝗼 𝗖𝗶𝘂𝗱𝗮𝗱 𝗦𝗮𝗻𝘁𝗮 𝗖𝗿𝘂𝘇 𝗗𝗲 𝗟𝗮 𝗦𝗶𝗲𝗿𝗿𝗮 ▪️Terreno: 1476,5 m2 ▪️Construcción:  340 m2 🔸𝙲𝙰𝚂𝙰 𝙳𝙴 𝟷 𝚂𝙾𝙻𝙰 𝙿𝙻𝙰𝙽𝚃𝙰 Recibidor, sala y comedor social Cocina con comedor de diario Sala de estar familiar ⁠Despensa Escritorio/ dormitorio de visitas con baño completo Baño visitas 3 Dormitorios en Suite con vestidores ⁠Galería con churrasquera ⁠Piscina Dependencia de Servicio con baño Deposito, cuarto de maquinas ⁠Amplio jardin Parqueo para 4 vehiculos ▪️ᴘʀᴇᴄɪᴏ: 480000 $us (TC oficial) Solicita mas información:",NO,,1.476,3,4,4,0,Leila Palomo,,,,"-17.741095, -63.189751"
ae78156f09bb6be9b49fc34f8ab507d4,Ultracasas,Venta,Departamento,,av mutualista calle los tiluchis edf safra,ULTRACASAS,65.000,USD,"HERMOSO DPTO 1 DORMITORIO EN VENTA 📌Ubicado en Zona Norte (Barrio Los Ángeles) entre 2do y 3er anillo en plena av mutualista esq los Tiluchis Edificio Safra, cerca colegios, varias líneas de micro, mercado a pocas cuadras y supermercados El Edificio cuenta con: Cámaras de seguridad, Conserje, Terraza, Área social y Churrasquera Características: 🔘Superficie 49m2 🔘Piso de porcelanato 🔘Cocina completamente equipada con muebles empotrados, mesón granito y gas domiciliario 🔘 Baño con mesón granito, y blindex en la ducha 🔘 Living y comedor 🔘 Dos aires acondicionados 🔘 Calefón nuevo 🔘 Ropero empotrado 🔘 Área social: churrasquera 💰$us 60000 Ofertable Información 📞  📞",NO,,49,1,1,0,0,Fabiola Pereyra,,,,"-17.769787, -63.165634"
51a503787276a70e61174139e9a02619,Ultracasas,Venta,Departamento,,SOLAZ - Departamentos con Balcón - Pre Venta,ULTRACASAS,136.234,USD,"Exclusivo Edificio Diseñado por SOMMET, únicamente 72 Departamentos de 1 y 2 Dormitorios Dormitorios: 2 (1 en Suite) Superficie: 74,04 m2 y 74,88 m2 Piso: Del 5 al 19 Precio: Desde $us 136234 A Tipo de Cambio Oficial Hermosas y Completas áreas sociales: Gimnasio ⁠Sala de reuniones / cowork ⁠Piscina Jacuzzi Sauna seco ⁠Sauna a vapor Sala de cine ⁠Kiosco Smart 2 Churrasqueras ⁠2 Lounges Sala de juegos Fecha de entrega: Diciembre 2026 ¡Asegura el tuyo ahora, contáctanos!",NO,,74,2,2,0,0,Vania Zelaya Antelo C21,,,,"-17.785147, -63.21698"
142baa76ec5990bbea1150f0b95c6b9f,Ultracasas,Venta,Departamento,,En PLAZA BLACUT  1er y 2do anillo. Entre RENE MORENO y AV. LAS AMERICAS,ULTRACASAS,95.000,USD,"2 DORM 2 BAÑOS 1 BALCON SEMI EQUIPADO  PLAZA BLACUTT A 1CUADRA DE AVENIDA LAS AMERICAS Y A DOS CUADRAS DE CLINICA FOIANINI Al lado de restaurant MED SUR FIDALGA E HIPERMAXI A 1 C LA ZONA MAS SEGURA Y COMODA DE SANTA CRUZ TODO A MENOS DE 2 CUADRAS LA ZONA MAS ALTA DE SANTA CRUZ POR LO CUAL NO SE INUNDA JAMAS BOXS DE BAÑOS MUEBLES DE COCINA ALTOS Y BAJOS DE COCINA ROPEROS ALTURA DE PISO A TECHO 2,60 SISTEMA CONTRA INCENDIOS EN CADA PISO GUARDIAS 24 HS Y CAMARAS DE SEGURIDAD SOLO 2 DEPARTAMENTOS POR PISO, INDEPENDIENTES NO COMPARTE PAREDES CON SU VECINO MUY SILENCIOSOS Y PRIVADOS SUITE CON VISTA A LA PLAZA BLACUT GRANITO CHIQUITANO EN BAÑOS Y COCINA PORCELANATO, MUEBLES Y GRIFERIA DE CALIDAD EXPENSAS INCLUYE AGUA Bs 520",SI,,74,2,2,1,0,Ricardo Vassallo,,,,"-17.794968, -63.179268"
f4fb7b6f2588fe934a5c884f89ee69f3,Ultracasas,Venta,Departamento,,Macororo 9 - Canal Isuto,ULTRACASAS,117.000,USD,"Lindo y cómodo departamento amoblado de 2 dormitorios ( 1 en suite), cocina, living, comedor, lavandería tiene balcón Vista a Canal Isuto Área social: piscina, sauna, churrásquera, Salón de eventos",NO,,87,2,2,1,0,Claudia Rivero,,,,"-17.763779, -63.191578"
3e11f97d09a0dbea6b0f0450c8032c83,Ultracasas,Venta,Departamento,,"2do Anillo próximo a la Alemana, Departamento de 3 Dormitorios en Venta",ULTRACASAS,145.000,USD,"Departamento, 3 Dormitorios en Alquiler, Céntrico próximo al 2do Anillo Entre 1er y 2do anillo Norte, Santa Cruz de la Sierra 3 Dormitorios · 4 Baños · 17500 m2 Departamento tipo Triplex en Venta Sup 175 m2 Cuenta con Cocina estilo americano con comedor living y balcón Área de Lavado Dos Amplios Dormitorios con un Baño a Compartir ambos con balcón una Suite Amplia y su Terraza todos equipados con roperos y mueblería alta y baja PRECIO DE VENTA: 145000$us",NO,,175,3,3,2,0,InmobolSCZ,,,,"-17.77194, -63.170097"
ec4985c59a9e919b1982c6ae9dcf6258,Ultracasas,Venta,Departamento,,Av.Beni entre segundo y 3er anillo,ULTRACASAS,67.000,USD,Departamento de 6700 $ cambio 95 bs,NO,,47,1,1,0,0,Eliana Salvatierra,,,,"-17.766171, -63.177029"
54c4c762a7db10337696b4d6c047d44e,Ultracasas,Venta,Departamento,,Departamento de 2 dormitorios en venta en la Avenida Beni,ULTRACASAS,165.000,USD,"🏙️ ¡DEPARTAMENTO DE LUJO EN VENTA! Edificio Víctor – Santa Cruz de la Sierra 📍 Av Beni entre 2do y 3er anillo – Ubicación estratégica en una de las zonas con mayor plusvalía de la ciudad ✨ Totalmente renovado: pisos, grifería, porcelanato, luminarias y marcos nuevos ¡Listo para mudarse! 📐 112 m² distribuidos inteligentemente: • 🛏️ 2 dormitorios (1 en suite) • 🛁 2 baños completos • 🛋️ Sala de estar y comedor con barra integrada • 🍽️ Cocina independiente totalmente amoblada • 🧺 Lavandería con termotanque  cuarto y baño de servicio • 🌅 Amplia terraza en L con vista panorámica • 🚗 Parqueo techado  baulera 🏢 Áreas sociales premium del edificio: • 🍖 Churrasquera • 🎉 Salón de eventos • 🏊 Piscina • 🧖 Sauna • 🧒 Parque infantil 💰 Precio de oportunidad: • USD 165000 – Tipo de cambio 7 • O Bs 1155000 🎯 Ideal para vivir o invertir Zona residencial de alta demanda y crecimiento",NO,,112,2,2,1,0,Patty Hurtado - Asesora Inmobiliaria,,,,"-17.763302, -63.175858"
49be031b96145a3b2ce8ebaa557fbfa5,Ultracasas,Venta,Departamento,,Av. Beni entre 4to y 5to anillo,ULTRACASAS,145.000,USD,🏙 HERMOSO DEPTO EN VENTA “TORRE DIAMANTE”  entre 4to y 5to  anillo Beni Excelente ubicación frente al parque los mangales cerca de supermercados y comercios 📐Superficie: 118m2 Consta de : 🔸1 Master Suite 🔸1 Habitaciones 🔸Baño compartido 🔸 Amplio Living Comedor 🔸Cocina 🔸Dependencia Servicio Áreas Comunes: ▪️Salón social ▪️Piscina ▪️Churrasqueras Precio : $us 145000 incluye un garaje y una baulera Expensas: 740 Bs,NO,,118,2,3,1,0,Laura A. Chavez,,,,"-17.746847, -63.168015"
18558b0f97feedd0b8fbdbcabaca9471,Ultracasas,Venta,Departamento,,Av.Beni entre segundo y 3er anillo,ULTRACASAS,67.000,USD,Departamento de 6700 $ cambio 95 bs,NO,,47,1,1,0,0,Eliana Salvatierra,,,,"-17.766947, -63.176922"
4b590b07551813881684bd34284a256a,Ultracasas,Venta,Departamento,,Elvira de Mendoza a 1/2 cuadra de Av Las Américas. Entre 1er y 2do Anillo sur.,ULTRACASAS,359.000,USD,"Hermoso y exclusivo departamento de lujo, de alta seguridad y estética Entre 1er y 2do anillo Sur, cerca de bancos, supermercados, farmacias, restaurantes, etc",NO,,360,4,5,3,0,Diego Cisneros,,,,"-17.795885, -63.177807"
42f6df6cd7e7130b83e8a2423bc46bfa,Ultracasas,Venta,Departamento,,"DPTOS MONOAMBIENTE, 1, 2 Y 3 DORMITORIOS EN PREVENTA ZONA NORTE",ULTRACASAS,132.160,USD,"RESGUARDA TÚ PATRIMONIO HOY Aprovecha a pagar en Bolivianos al tipo de cambio oficial antes de que suba 💸 La mejor ubicación y con el precio más bajo GARANTIZADO 📍ZONA NORTE: A una Cuadra de 𝐀𝐯 𝐁𝐀𝐍𝐙𝐄𝐑  𝟑𝐞𝐫 𝐲 𝟒𝐭𝐨 𝐚𝐧𝐢𝐥𝐥𝐨, B/ Hamacas (Opciones desde $1180 x m2) Edif K E R O N I  Departamentos Monoambientes, 1,2 y 3 Dormitorios 1 Dormitorio Desde: 61080$us (51 m2) ⁠2 Dormitorios Desde 88536$us ⁠3 Dormitorios 132160$us 🗓️Pronta  𝐄𝐧𝐭𝐫𝐞𝐠𝐚 𝐌𝐀𝐘𝐎 𝟐𝟎𝟐𝟓 🚙 𝐎𝐩𝐜𝐢𝐨𝐧𝐞𝐬 𝐜𝐨𝐧 𝐏𝐀𝐑𝐐𝐔𝐄𝐎 𝐈𝐍𝐂𝐋𝐔𝐈𝐃𝐎 Info 📞 ￼⁨",NO,,112,3,3,0,0,C21 BLUREALTY,,,,"-17.754021, -63.174435"
f6b7c8483e6dfc5631f9178bcd777b3a,Ultracasas,Venta,Departamento,,Suisse Hotel Departamento en Venta,ULTRACASAS,182.000,USD,"Lindo departamento en venta de 2 dormitorios ( 1 en suite), baños con ducha doble, living, comedor, cocina Balcón que cruza todo el departamento, hermosa vista incluye parqueo y baulera",NO,,114,2,2,1,0,Claudia Rivero,,,,"-17.745943, -63.195168"
52dd794817fd90a544c958069d635755,Ultracasas,Venta,Departamento,,SKY MAGNOLIA Monoambiente con balcon,ULTRACASAS,75.000,USD,"🏢MONOAMBIENTE CON BALCÓN EN PREVENTA EN EQUIPETROL SKY MAGNOLIA ENTREGA ABRIL 2025 📍  Av San Martín, entre 3er y 4to anillo 💰 PRECIO DE VENTA: 75000 $us (TIPO DE CAMBIO OFICIAL) 📐 Sup 39,90 m2 PISO (5) ☑️ Dormitorio ☑️ Living  comedor ☑️ Cocina 𝐄𝐐𝐔𝐈𝐏𝐀𝐌𝐈𝐄𝐍𝐓𝐎 Iluminación domótica Smart touch Wifi TStore Baño equipado con mobiliario, espejo touch, box de ducha Cocina integrada, completamente amoblada y equipada con: microondas, cocina  encimera, Heladera, extractor de grasa Área de servicios con termotanque Aire acondicionado Mobiliaria bajo mesón en baños tumpar / Box de Baño y espejos touch Intercomunicador con video llamada/ Chapa digital 𝐀𝐑𝐄𝐀𝐒 𝐒𝐎𝐂𝐈𝐀𝐋𝐄𝐒 (Piscina, Gimnasio, Churrasqueras, Salón de Eventos, Sauna, Salón de juegos, jacuzzi) 📲CONTACTAME, para mayor información  Century 21  Andrea Kanda departamentoenventa monoambienteenventaequipetrol monoambienteenventa century21elite bienesraicesbolivia",NO,,40,1,1,0,0,Andrea Kanda,,,,"-17.763611, -63.203026"
876cce9d1e0be20b437203bf99482f96,Ultracasas,Venta,Departamento,,DPTOS EN PRE VENTA EQUIPETROL- ENTREGA SEPTIEMBRE 2025,ULTRACASAS,55.000,USD,"Invierte en Edificio HH Once Equipetrol 🔹 Monoambientes 🔹 Departamentos de 1 dormitorio 🔹 Departamentos de 2 dormitorios 📍Ubicación: Avenida San Martin, calle 9A Este, Equipetrol 🥇 Aplicación del celular, control de acceso al edificio, cámaras de seguridad en cada nivel, casilleros inteligentes y ascensor ecofriendly 🎯 Áreas comunes totalmente equipadas y amobladas 🏖 Piscina, lounge, churrasqueras, salón multiuso, cowork, lavandería 🏆 Acabado de primera calidad, cerradura inteligente, video porteo online, mueble alto y bajo de cocina, encimera, extractor, mueble bajo del baño, iluminación led de bajo consumo 🏢 Entrega: Septiembre 2025 Tenemos 2 Modalidades de Pago: 🎖️ Al Contado 💫 Cancela 90% a la firma del contrato 💫 Cancela 10% contra entrega 🎖️ A Plazos 💫 Cancela 30% a la firma del contrato 💫 Cancela 20% en cuotas mensuales hasta la entrega del dpto 💫 Cancela 50% contra entrega (Con crédito bancario)",NO,,41,1,1,0,0,C21 BLUREALTY,,,,"-17.764336, -63.193405"
142b7d599cf29b3b25db5fd8f2746ea8,Ultracasas,Venta,Departamento,,"Zona OESTE
Condominio Curupau 3
PRECIO IMPREDIBLE",ULTRACASAS,94.000,USD,"🟡 imperdible! 🟡DEPARTAMENTO 🅴🅽 🆅🅴🅽🆃🅰 ▫️ 💲  𝟵𝟰 𝟬𝟬𝟬 ▫️ ▪️Const      92 m² ▪️Parqueo: 14 m² ▪️Piso 9 ➖ 📍 Cᴏɴᴅᴏᴍɪɴɪᴏ Cᴜʀᴜᴘᴀᴜ III (Av Roca y coronado 4to anillo) ▫️3 Habitaciones (1 en Suite) ▫️Incluye Garaje para 1 vehículo ▫️1 Suite con closet empotrado ▫️2 Dormitorio c/closets ▫️Baño a compartir ▫️Cocina c/cajonería alta y baja ▫️Living comedor c/balcon ▫️Area de Lavandería / calefon ▫️Parqueo para 1 vehículo 𝗔𝗥𝗘𝗔 𝗦𝗢𝗖𝗜𝗔𝗟: Piscina, Churrasqueras Parque infantil Jacuzzi Salon de eventos Seguridad 24 hrs ▫️ 𝗠𝗔𝗩𝗜𝗦 𝗥𝗜𝗩𝗘𝗥𝗢 ʙʀᴏᴋᴇʀ ᴏᴡɴᴇʀ  𝗜𝗻𝗺𝗼 𝗕𝗿𝗼𝗸𝗲𝗿𝘀 ᴀsᴇsᴏʀᴀ ɪɴᴍᴏʙɪʟɪᴀʀɪᴀ 𝟩𝟪𝟧 𝟨𝟧𝟢𝟢𝟢 ᴡʜᴀᴛsᴀᴘᴘ: bitly/CCr394kCMIMBK 𝖢𝗈𝗇𝖿𝗂𝖺𝖤𝗇𝖬𝗂𝖤𝗑𝗉𝖾𝗋𝗂𝖾𝗇𝖼𝗂𝖺𝖨𝗇𝗆𝗈𝖻𝗂𝗅𝗂𝖺𝗋𝗂𝖺 @mavisriveroinmo Afiliada a CAINCRUZ",NO,,92,2,2,1,0,Mavis Rivero Serrano,,,,"-17.787533, -63.220943"
e7d36c279dce46d67d8cf1368c4b823c,Ultracasas,Venta,Departamento,,CONDOMINIO PALMA BLANCA DEPARTAMENTO EN VENTA,ULTRACASAS,160.000,USD,"Barrio Las Palmas ,calle Sevilla entre Radial Castilla y calle Barcelona a poscos pasos del Colegio Americano  Departamento en venta  , de Ocasion !! Condominio Palma Blanca,  superficie de 133m2 Consta de: 3 dormitorios (1 en suite), living, comedor, baño, cocina equipada  tipo americana , area de servicio, lavandería y  parqueo Area Social con piscina y churrasquera",NO,,133,3,3,1,0,Rita Alcazar de Quiroga,,,,"-17.803513, -63.20266"
0557da353800c627cf022ff7b8875285,Ultracasas,Venta,Departamento,,Monoambiente con balcon en fachada EQUIPETROL,ULTRACASAS,49.900,USD,"🏢 MONOAMBIENTE CON BALCON EN PREVENTA EN EQUIPETROL 📍  Equipetrol, entre 2do y 3er anillo LUXE SUITES FECHA DE ENTREGA (SEPTIEMBRE 2025) 💰 PRECIO DE VENTA:  49900 $us (Dolares Efectivo, pago cuenta en EEUU o Criptomonedas) 📐 Sup 378 m2 Dpto (Piso 5) 📌 𝐂𝐀𝐑𝐀𝐂𝐓𝐄𝐑𝐈𝐒𝐓𝐈𝐂𝐀𝐒 ☑️ 1 Dormitorio con balcón a la calle ☑️ Baño a compartir ☑️ Living Comedor ☑️ Cocina americana ☑️ Balcón en fachada ☑️ Área de Lavaderia 𝑬𝑸𝑼𝑰𝑷𝑨𝑴𝑰𝑬𝑵𝑻𝑶: Cajonería alta y baja de cocina, cajoneria baja de baño, box de baño, luces led, extractor, cocina empotrada, microondas, extractor de cocina, heladera, termotanque) 𝑨𝑹𝑬𝑨𝑺 𝑺𝑶𝑪𝑰𝑨𝑳𝑬𝑺 (Piscina infinita, churrasqueras, sala de juegos, sala de tv, salon de eventos, Gimnasio) 📲 Mayor información: Andrea Kanda –",NO,,38,1,1,0,0,Andrea Kanda,,,,"-17.764822, -63.193794"
1b9696410fe8ac77023394b1148f0cbb,Ultracasas,Venta,Departamento,,"Departamento Duplex en Venta 2do anillo, Canal Cotoca Condominio Ziri Eins Calle Las Petas Esq. Campo grande entre Av. Paragua y Canal Cotoca entre 2do y 3er anillo",ULTRACASAS,190.000,USD,"Lujoso Departamento Duplex en venta en Condominio Ziri Eins  Negociable 📍 Ubicación: Calle Las Petas Esq Campo grande entre Av Paragua y Canal Cotoca Entre 2do y 3er anillo 📐 Superficie: Área Total: 19636 m2 Área Construida: 19636 m2 Características: ✓ 3 dormitorios (1 Suite) ✓ Vestidor ✓ Baño a compartir ✓ Baño de visita ✓ Salacomedor ✓ Cocina ✓Jardín interno ✓ Terraza ✓ Muros ✓ Balcón ✓ Pasillo ✓ Servicios Áreas Comunes: 🏊Piscina 🐕 Área recreacional para mascotas 🍽️Churrasquera 💃Salón de eventos 💂Vigilancia 24horas Ubicación estratégica Cerca a gimnasios, colegios, supermercados, clínicas 💵 PRECIO NEGOCIABLE: $us 190,00000 (se puede negociar con crédito directo y se aceptan permutas como parte de pago) 📲 Para mayor información: DUPLEX Departamento VENTA RemaxBolivia REMAXImpacto  ZonaCéntrica SoyTuAgente Remaxsomostodos TeAyudo TuAgenteDeConfianza Remax",NO,,197,3,3,2,0,Carlos Eduardo Hidalgo Ortiz,,,,"-17.775848, -63.16095"
4cb3ded402c6dae787cfbc99461ccf03,Ultracasas,Venta,Departamento,,Zona Av. Roca y Coronado 4° anillo,ULTRACASAS,149.998,USD,"Departamento  Dúplex de 4 dormitorios en venta!!! Condominio Atlántica Piso 1 📍 Zona:  Oeste Av Roca y Coronado 4to anillo (Villa Fraterna) 📐 Superficie: 14434 m2 Precio: $us150000 (Incluye 2 parqueos) Expensas Bs670 Distribución : 3 Dormitorios (1 en suite con baño privado) Baño compartido Living comedor Cocina integrada Dependencia de servicio con lavandería, habitación y baño) Mezzanine: 1 Amplia suite con sala de estar, vestidor y baño privado El condominio cuenta con seguridad las 24 Hrs y áreas sociales rodeadas de mucha vegetación con  piscinas, churrasqueras, cancha polifuncional, parques de niños y parqueos para visitas",NO,,144,4,3,2,0,Pamela Barrientos,,,,"-17.815277, -63.219505"
68711670adaf60a4f3c66e6b7a5189c9,Ultracasas,Venta,Departamento,,"Cerca Av. Cañoto entre 1er y 2do Anillo, Santa Cruz - Bolivia",ULTRACASAS,125.493,USD,"AMPLIO DEPARTAMENTO DE 2 DORMITORIOS A ESTRENAR EN VENTA 📍Cerca Av Cañoto, entre 1er y 2do anillo Santa Cruz  Bolivia ⚜️Zona comercial y universitaria 🔳 Superf 71,71 m2 💵 Valor $ 125,493 Cuenta con Area de Lavandería CARACTERISTICAS 🚩2 Dormitorios 🚩 2 Baños amoblados con cajoneria baja, espejo, box de baño y accesorios 🚩 Sala  Comedor ️ 🚩 Cocina equipada con cocina encimera, amoblada con cajoneria baja 🚩 Área de Lavandería 🔆 Área Social Piscina Churrasqueras Salon de Eventos Coworking Gimnasio Invierte en inmuebles, dolariza tus ahorros 💰 Ven agenda una visita, no esperes más invierte en tu nuevo hogar",NO,,71,2,2,0,0,Maria Rodriguez,,,,"-17.779709, -63.191364"
a35afe5f9726482783a049471a1d515b,Ultracasas,Venta,Departamento,,"📍Av. La Salle, Edificio Mirador de Equipetrol.",ULTRACASAS,140.000,USD,"✨AMPLIO DEPTO DE 3 HABITACIONES EN VENTA!! 📍Av La Salle, Edificio Mirador de Equipetrol 💰Precio: 140000$us(solo pago en dólares) 📐Superficie: 163,53 m2 Detalles: Piso 8, Depto N81 Living Comedor Balcón Cocina cerrada Una suite 2 dormitorios 2 Baños Lavandería Cuarto de servicio Baño de Servicio 2 parqueos Una baulera Área social: Piscina ⁠Churrasquera ⁠Salón 📲Más información:",NO,,163,3,3,2,0,JANINA SOLAR /FELIPE MIDDAGH,,,,"-17.765495, -63.183914"
