﻿id_reg,Agencia,Tipo de operación,Tipo de inmueble,Id Inmueble,Titulo,Ubicación,Precio,Moneda,Descripción,Equipamiento,Terreno m²,Construcción m²,Dormitorios,Baños,Estacionamientos,Baulera,Agente,Teléfono,Correo,Actualización,Coordenadas
1ac99d5e86b9619e4bfe8bf47d0da0ef,Ultracasas,Alquiler,Departamento,,Calle Manuel Ignacio Salvatierra y calle Chuquisaca.,ULTRACASAS,3.400,BOB,"🔴ALQUILER HERMOSO DEPARTAMENTO DE 2 DORMITORIOS COMPLETAMENTE AMOBLADOS !!! 📍Ubicados calle Manuel Ignacio Salvatierra y calle Chuquisaca Depto 2 Dormitorios  82m2 Precio: 3200Bs 🚨EXPENSAS INCLUIDAS ✨Alquiler incluye, TV CABLE BASICO ✨Completamente amoblados ✨Living ✨Tv ✨Comedor ✨Cocina encimera, extractor ✨Heladera ✨Lavadora ✨Cama ✨Ropero Empotrado ✨Baño ✨ Chapa de la Puerta digital 💡NO TIENE PARQUEO Condiciones: 1 mes Alquiler adelantado 1 mes Alquiler garantía 1 mes Alquiler comisión inmobiliaria ✳ Información y coordinar visitas al 📲 http://wame/591",SI,,85,2,2,0,0,CINTHYA ROMERO,,,,"-17.788601, -63.179657"
a29994580c41b9b6bd15de4a88aebff5,Ultracasas,Alquiler,Departamento,,"EQUIPETROL 
Condominio Ms Suant Residence",ULTRACASAS,980,USD,"🟡 𝗔𝗠𝗣𝗟𝗜𝗢 𝘆 𝗘𝗫𝗖𝗟𝗨𝗦𝗜𝗩𝗢 𝗗𝗘𝗣𝗔𝗥𝗧𝗔𝗠𝗘𝗡𝗧𝗢🔝 🅴🅽 🅰🅻🆀🆄🅸🅻🅴🆁 (Fɪɴᴀᴍᴇɴᴛᴇ ᴀᴍᴏʙʟᴀᴅᴏ, ɪᴅᴇᴀʟ ᴘᴀʀᴀ ᴇᴊᴇᴄᴜᴛɪᴠᴏs, ᴘᴇʀsᴏɴᴀ ᴏ ᴘᴀʀᴇᴊᴀ sᴏʟᴀ) ▫️ 💲 𝟵𝟴𝟬 (ᴄ/ ᴇxᴘᴇɴsᴀs) ▪️Const135 m² ▪️Piso 2 ▫️ 📍E Q U I P E T R O L Ms Sᴜᴀɴᴛ Rᴇsɪᴅᴇɴsᴇs Características: ▫️Amplio Living comedor ""Finamente amoblado"" c/Balcón ▫️Moderna cocina independiente amoblada y equipada ▫️Elegante Baño de visita ▫️1 Amplia Master Suite  c/baño privado, vestidor y closets con cama de 2x2 ▫️Área de Lavandería ▫️Garaje para 1 vehículo ▫️Aire acondicionado en todos los ambientes ◼️Áreas Comunes:  Piscina , Gimnasio,   Salón de eventos, Churrasquera 𝗖𝗢𝗡𝗗𝗜𝗖𝗜𝗢𝗡𝗘𝗦: ▪️1 Mes Adelantado ▪️2 Meses de Garantía ▪️Comisión Inmobiliaria ▪️𝗥𝗲𝘀𝗽𝗮𝗹𝗱𝗼𝘀 𝘆 𝗦𝗼𝗹𝘃𝗲𝗻𝗰𝗶𝗮  (Indispensable) ▫️ 𝗠𝗔𝗩𝗜𝗦 𝗥𝗜𝗩𝗘𝗥𝗢 ʙʀᴏᴋᴇʀ ᴏᴡɴᴇʀ  𝗜𝗻𝗺𝗼 𝗕𝗿𝗼𝗸𝗲𝗿𝘀 ᴀsᴇsᴏʀᴀ ɪɴᴍᴏʙɪʟɪᴀʀɪᴀ 𝟩𝟪𝟧 𝟨𝟧𝟢𝟢𝟢 ᴡʜᴀᴛsᴀᴘᴘ: bitly/MsSRalq980ER 𝖢𝗈𝗇𝖿𝗂𝖺𝖤𝗇𝖬𝗂𝖤𝗑𝗉𝖾𝗋𝗂𝖾𝗇𝖼𝗂𝖺𝖨𝗇𝗆𝗈𝖻𝗂𝗅𝗂𝖺𝗋𝗂𝖺 @mavisriveroinmo Afiliada a CAINCRUZ",SI,,135,1,2,1,0,Mavis Rivero Serrano,,,,"-17.770302, -63.191734"
ccc1e781b42b0c1eb069e9b06bec1c93,Ultracasas,Alquiler,Departamento,,"EQUIPETROL 
📍 Condominio MS Suant Residence",ULTRACASAS,980,USD,"🟡 𝗔𝗠𝗣𝗟𝗜𝗢 𝘆 𝗘𝗫𝗖𝗟𝗨𝗦𝗜𝗩𝗢 𝗗𝗘𝗣𝗔𝗥𝗧𝗔𝗠𝗘𝗡𝗧𝗢🔝 🅴🅽 🅰🅻🆀🆄🅸🅻🅴🆁 (Fɪɴᴀᴍᴇɴᴛᴇ ᴀᴍᴏʙʟᴀᴅᴏ, ɪᴅᴇᴀʟ ᴘᴀʀᴀ ᴇᴊᴇᴄᴜᴛɪᴠᴏs, ᴘᴇʀsᴏɴᴀ ᴏ ᴘᴀʀᴇᴊᴀ sᴏʟᴀ) ▫️ 💲 𝟵𝟴𝟬 (ᴄ/ ᴇxᴘᴇɴsᴀs) ▪️Const135 m² ▪️Piso 2 ▫️ 📍E Q U I P E T R O L Ms Sᴜᴀɴᴛ Rᴇsɪᴅᴇɴsᴇs Características: ▫️Amplio Living comedor ""Finamente amoblado"" c/Balcón ▫️Moderna cocina independiente amoblada y equipada ▫️Elegante Baño de visita ▫️1 Amplia Master Suite  c/baño privado, vestidor y closets con cama de 2x2 ▫️Área de Lavandería ▫️Garaje para 1 vehículo ▫️Aire acondicionado en todos los ambientes ◼️Áreas Comunes:  Piscina , Gimnasio,   Salón de eventos, Churrasquera 𝗖𝗢𝗡𝗗𝗜𝗖𝗜𝗢𝗡𝗘𝗦: ▪️1 Mes Adelantado ▪️2 Meses de Garantía ▪️Comisión Inmobiliaria ▪️𝗥𝗲𝘀𝗽𝗮𝗹𝗱𝗼𝘀 𝘆 𝗦𝗼𝗹𝘃𝗲𝗻𝗰𝗶𝗮  (Indispensable) ▫️ 𝗠𝗔𝗩𝗜𝗦 𝗥𝗜𝗩𝗘𝗥𝗢 ʙʀᴏᴋᴇʀ ᴏᴡɴᴇʀ  𝗜𝗻𝗺𝗼 𝗕𝗿𝗼𝗸𝗲𝗿𝘀 ᴀsᴇsᴏʀᴀ ɪɴᴍᴏʙɪʟɪᴀʀɪᴀ 𝟩𝟪𝟧 𝟨𝟧𝟢𝟢𝟢 ᴡʜᴀᴛsᴀᴘᴘ: bitly/MsSRalq980ER 𝖢𝗈𝗇𝖿𝗂𝖺𝖤𝗇𝖬𝗂𝖤𝗑𝗉𝖾𝗋𝗂𝖾𝗇𝖼𝗂𝖺𝖨𝗇𝗆𝗈𝖻𝗂𝗅𝗂𝖺𝗋𝗂𝖺 @mavisriveroinmo Afiliada a CAINCRUZ",SI,,135,1,3,1,0,Mavis Rivero Serrano,,,,"-17.770164, -63.191612"
e5f2333445524b22f779de5b90449b01,Ultracasas,Alquiler,Departamento,,Penthouse a solo 5 minutos del puente Mario Foianini,ULTRACASAS,8.000,BOB,"𝐏𝐞𝐧𝐭𝐡𝐨𝐮𝐬𝐞 𝐃𝐮𝐩𝐥𝐞𝐱 𝐞𝐧 𝐀𝐥𝐪𝐮𝐢𝐥𝐞𝐫 – 𝐓𝐨𝐭𝐚𝐥𝐦𝐞𝐧𝐭𝐞 𝐀𝐦𝐨𝐛𝐥𝐚𝐝𝐨, 230 𝐦²🌃 🌴 Vive con comodidad, exclusividad y una vista privilegiada al Urubó en este penthouse dúplex de 230 m², totalmente amoblado y listo para habitar ✨ Características del departamento: • 3 habitaciones: • 1 suite principal con vestidor privado • 2 habitaciones adicionales que comparten un baño • Dependencia de servicio con entrada independiente y baño privado • Cocina estilo americana con mesón central, moderna y funcional • Living – comedor amplio, ideal para compartir en familia o con invitados • Terraza en el nivel superior con churrasquera cerrada y una vista espectacular al Urubó, perfecta para reuniones sociales • 2 parqueos y baulera incluidos 🏢 Áreas sociales del condominio: • Gimnasio equipado • Sauna • Piscina • Churrasqueras • Seguridad 24/7 para tu tranquilidad 💰 Alquiler: 8000 Bs (expensas incluidas) ⭐️Condiciones de alquiler: mes de alquiler adelantado, mes de garantía, comisión inmobiliaria 100% 📍 Ubicado en zona exclusiva con acceso rápido y cómodo A sólo tres minutos del puente Mario Foianini, sobre la Avenida de la Casa del Camba 📲￼⁨⁩ PenthouseEnAlquiler DepartamentoAmoblado DuplexPenthouse AlquilerSantaCruz VivirEnElUrubó Exclusividad AlquilerPremium SantaCruzBolivia ViviendaDeLujo AlquilerAmoblado EstiloDeVida DepartamentoDeLujo PenthouseSantaCruz",NO,,230,3,4,2,0,Prodigy House,,,,"-17.765179, -63.222576"
4b1fd3dc3327448eb2959e080aab50de,Ultracasas,Alquiler,Departamento,,"Zona Norte
Av. Beni 2do. Y 3er Anillo
CONDOMINIO ORANGE",ULTRACASAS,3.150,BOB,"🅰🅻🆀🆄🅸🅻🅴🆁 ᴅᴇᴘᴀʀᴛᴀᴍᴇɴᴛᴏ ᴅᴇ 1 ᴅᴏʀᴍɪᴛᴏʀɪᴏ ▫️▫️▫️▫️▫️▫️ 𝗕𝘀  𝟯,150 (ᴇxᴘ ɪɴᴄʟᴜɪᴅᴀs) 📍Norte ( 2ᴅᴏ ʏ 3ᴇʀ ᴀɴɪʟʟᴏ ) 𝗖𝗢𝗡𝗗𝗢𝗠𝗜𝗡𝗜𝗢 𝗢𝗥𝗔𝗡𝗚𝗘 ▫️ ▪️ Const :  46 m² (Entrega Inmediata) ▫️ 𝗖𝗔𝗥𝗔𝗖𝗧𝗘𝗥Í𝗦𝗧𝗜𝗖𝗔𝗦: ▫️Cómoda Sala de estar ▫️Cocina integrada c/ barra desayunador y muebles empotrados ▫️1 Habitación con closet empotrado ▫️Baño moderno con Box Á𝗥𝗘𝗔𝗦 𝗖𝗢𝗠𝗨𝗡𝗘𝗦: Piscina, Churrasquera con Área cubierta , parque infantil, sala de Co Work, Sala de TV para relajarte, Lobby de recepción eleganteÁrea de lavandería CONDICIONES: 01 Mes adelantado 01 Mes garantía Comisión inmobiliaria ▫️ 𝗠𝗔𝗩𝗜𝗦 𝗥𝗜𝗩𝗘𝗥𝗢 ᴀsᴇsᴏʀᴀ ɪɴᴍᴏʙɪʟɪᴀʀɪᴀ 𝗜𝗻𝗺𝗼 𝗕𝗿𝗼𝗸𝗲𝗿𝘀 𝟩𝟪𝟧 𝟨𝟧𝟢𝟢𝟢 ᴡʜᴀᴛsᴀᴘᴘ: bitly/mavisriveroinmoWtp 𝖢𝗈𝗇𝖿𝗂𝖺𝖤𝗇𝖬𝗂𝖤𝗑𝗉𝖾𝗋𝗂𝖾𝗇𝖼𝗂𝖺𝖨𝗇𝗆𝗈𝖻𝗂𝗅𝗂𝖺𝗋𝗂𝖺 @mavisriveroinmo  🟨 🔝 Afiliada a CAINCRUZ   🟩",NO,,46,1,1,0,0,Mavis Rivero Serrano,,,,"-17.762596, -63.174774"
01ae6d04b83d91fb5470feef6ed285ff,Ultracasas,Alquiler,Departamento,,"Los cusis, Macororo 13-14",ULTRACASAS,7.500,BOB,"𝗔𝗹𝗾𝘂𝗶𝗹𝗲𝗿, 𝗗𝗲𝗽𝗮𝗿𝘁𝗮𝗺𝗲𝗻𝘁𝗼 𝗱𝗲 𝟯 𝗱𝗼𝗿𝗺𝗶𝘁𝗼𝗿𝗶𝗼𝘀  𝗲𝘀𝘁𝘂𝗱𝗶𝗼 📍Macororo 1314 Zona Norte sobre Av Los Cusis entre 2° y 3°  anillo Áreas sociales completas y de  lujo 125 m² piso 19 Torre 13 Sobre los Cusis ▪︎ 3 dormitorios, 1 en suite ▪︎ Baño compartido ▪︎ Estudio u oficina ▪︎ Living Comedor ▪︎ Amplio Balcón, vista este ▪︎ Cocina separada completamente equipada y amoblada ▪︎ Área de lavado 𝗣𝗿𝗲𝗰𝗶𝗼: 𝗕𝘀 𝟳5𝟬𝟬 Condiciones comerciales 1 mes de garantía 1 mes de adelantado de alquiler 100% comisión inmobiliaria",NO,,125,3,2,1,0,María Fernanda Saucedo,,,,"-17.762976, -63.178223"
99437ef1a32ab9f316be766f03b487f7,Ultracasas,Alquiler,Departamento,,En Equipetrol Departamento Amoblado de 3 Dormitorios,ULTRACASAS,12.000,BOB,"ALQUILER Amoblado y equipado 3 hab (1 en suite ) Oficina Baño de visita Cocina Dep/empleada Condominio palmar Real Equipetrol , calle Nicolás Ortiz cerca colegio aleman Construcción 240 2 parqueos 1 bauleras Cocina equipada Terraza hacia la calle Área social del condominio Piscina , sauna , Churrasquera 12000 Bs alquiler ZONA EQUIPETROL",NO,,240,4,5,2,0,InmobolSCZ,,,,"-17.766665, -63.193943"
c23038843da8421384b08e66226a3a44,Ultracasas,Alquiler,Departamento,,"Equipetrol, 3er Anillo Externo, Plaza Italia",ULTRACASAS,5.600,BOB,"Departamento 3 dormitorios (1 en suite con vestidor y baño),2 dormitorios con baño compartido, living comedor, cocina independiente, 103 mts2, aire acondicionado, cortinas, calefón a gas, Piso 6",NO,,103,3,2,0,0,Xavier Recacoechea,,,,"-17.768063, -63.19912"
e759c6071c7c2c56747b000c8bc5579a,Ultracasas,Alquiler,Departamento,,Av Charcas y 2°anillo,ULTRACASAS,4.500,BOB,"Amplio departamento con ambientes renovados, en Alquiler CONDOMINIO SANTA CRUZ 📍A una cuadra del 2do anillo y Av Charcas Características 📐 134 m2 3 dormitorios (1 suite ) 2 baños Living comedor cocina  Dependencia de servicios 1 parqueo y 1 baulera Áreas sociales Piscina, churrasqueras, salón de eventos y parque para niños Seguridad 24 hrs Condiciones del alquiler Mes: Bs 4500 Garantía 1 mes de alquiler Comisión inmobiliaria 50% del mes de alquiler",NO,,134,3,3,1,0,Ana Paola Ortiz,,,,"-17.776003, -63.166462"
1fd7bf03fff8c315886fb6c02f3f6cc4,Ultracasas,Alquiler,Departamento,,TORRES PLATINUM,ULTRACASAS,18.000,BOB,"Hermoso Departamento en Torres Platinum – Equipetrol, 4to Anillo Exclusivo departamento de 188 m², totalmente amoblado, ubicado en el prestigioso Edificio Torres Platinum, en la mejor zona de Equipetrol Cuenta con: Elegante living comedor con cocina integrada Baño de visitas Acogedor family room con sistema de sonido BOSE y televisión Tres dormitorios, uno en suite con amplio walkin closet y dos con closet empotrados Dependencia de servicio con baño Cuarto de máquinas La mejor vista de la ciudad Dos parqueos y una baulera Áreas sociales de lujo: Tres piscinas Moderno gimnasio Sauna Dos churrasqueras equipadas Sala de juegos y sala de eventos Espacio especial para niños o kindergarten Seguridad 24/7 Precio de alquiler: 18,000 Bs",NO,,188,3,4,2,0,Jens Meyer Gronemann,,,,"-17.754885, -63.197624"
5274bb303e2d63f7afc6d7712dec1844,Ultracasas,Alquiler,Departamento,,"ZONA NORTE 
CONDOMINIO BRIKEL IV 
DEPARTAMENTO EN ALQUILER AMOBLADO 
1 DORMITORIO",ULTRACASAS,3.800,BOB,En Alquiler Condominio Brickell IV  Zona Norte 4to Anillo (Las Brisas) Departamento AMOBLADO Y EQUIPADO Superficie 60m2 1 Dormitorio 1 Baño Living – Comedor Cocina integrada 1 jardín interior 1 garaje Alquiler mensual Bs 3800 Expensas incluidas AREAS COMUNES DEL CONDOMINIO: Gimnasio Sala de cine Churrasquera Piscina Agenda tu visita 📌 Contactó ☎️,NO,,60,1,1,1,0,Ruth Velarde,,,,"-17.748524, -63.178822"
b278d33a63a17e74c491a03ab5250588,Ultracasas,Alquiler,Departamento,,EN ALQUILER DPTO EQUIPETROL( canal Isuto y 3er anillo),ULTRACASAS,4.000,BOB,EN ALQUILER : Vertical  Isuto Equipetrol (Canal Isuto 3 anillo) Alquiler 4000BS Departamento 2 dormitorios 1 baño Living comedor Cocina equipada Con o sin muebles existentes Área de lavado piscina Club house Garaje techado,NO,,63,2,1,1,0,Gigliola Roca,,,,"-17.76239, -63.189724"
1876087e4457850a525bcbd4b7cdd5a6,Ultracasas,Alquiler,Departamento,,DEPARTAMENTO EN ALQUILER EN LA ZONA NORTE (AV. BANZER Y 7mo ANILLO),ULTRACASAS,3.500,BOB,"DEPARTAMENTO EN ALQUILER EN LA ZONA NORTE (AV BANZER Y 7mo ANILLO) SUPERFICIE: 95 Mts 2 PRECIO: 3500 bs (Incluye garaje y expensas) EXPENSAS: Bs 463 CARACTERÍSTICAS: Bonito departamento, con excelente ubicación, con linda vista de la ciudad, cuenta con: Amplio LivingComedor Cocina cerrada con cajonería alta y baja 3 dormitorios (1 en suite) Baño de visitas Área de lavandería Garaje CARACTERÍSTICAS ADICIONALES: Gimnasio Piscina Churrasquera Salón de eventos Papeles en orden",NO,,95,3,2,1,0,Carla Garbay Poppe,,,,"-17.725752, -63.167744"
55579bca8fa4551a80adf5844a63a067,Ultracasas,Alquiler,Departamento,,TORRE CENTRUM- calle cochabamba 233,ULTRACASAS,490,USD,"DPTO  LUXURY CON HOME OFFICE81MTS2 ZCENTRO, en Torre Centrum , Dpto LUXURY con Oficina FULL AMOBLADO Y EQUIPADO 1 oficina/ escritorio Hall de ingreso 1 Dormitorio Living comedor Cocina americana Dormitorio suite Baño Terraza con estar y hamaquero sobre todo el largo del dpto Full amoblado y equipado,Incluye aire acondicionado frio/calor, tv 42 ""con smart tv ,heladera, lavarropa/secarropa, vajillas utensilios en cocina La torre incluye seguridad 24 hrsPortería Recepción, Lobby de estar, 3 ascensores, piscina, solarium, 3 churrasqueras, salon de eventos, gimnasio equipado, galería con estares Se paga de expensas 345 Bs Adicional garaje cubierto 25 $us TRATO DIRECTO CON PROPIETARIO,NO PAGAS A INMOBILIARIA Consulta y mas información WhatsApp 59891347608 Garantías Para contrato es 1 mes de alquiler, 1000 $us de garantía, 1 boleta de sueldo o de ingreso que solvente el pago del contrato Alquiler mínimo 9 meses No se paga comisión de inmobiliaria, es trato directo con propietario Consulta WhatsApp 59891347608",NO,,81,1,1,0,0,Nadia Franco,,,,"-17.790907, -63.176903"
459604cedcb2177802919959c41784ba,Ultracasas,Alquiler,Departamento,,Cond. Platinum Equipetrol,ULTRACASAS,7.000,BOB,"Lindo departamento completamente amoblado de 2 dormitorios en suite, living, comedor, cocina americana,  lavandería Área social: piscina, sauna, churrásquela, gimnasio, Salón de eventos",NO,,110,2,3,1,0,Claudia Rivero,,,,"-17.755629, -63.197655"
7d719880745b9e92b68d83067bc36422,Ultracasas,Alquiler,Departamento,,CONDOMINIO CURUPAU ISUTO,ULTRACASAS,6.000,BOB,"Departamento en alquiler en Condominio Curupau Isuto Consta de: 2 dormitorios (1 en suite), living comedor, baño, cocina, terraza y parqueo Dpto Nº 19 G",NO,,92,2,2,1,0,Rita Alcazar de Quiroga,,,,"-17.751209, -63.191223"
7179b9a468f367f173547911a10f0d89,Ultracasas,Alquiler,Departamento,,ZONA SUR PLAZA BLACUTT LINDO DEPTO EN ALQUILER,ULTRACASAS,4.700,BOB,"¡EN EXCELENTE UBICACIÓN! PLAZA BLACUTT Hermoso departamento en alquiler en zona sur, Av Velarde, a una cuadra de la plaza Blacutt 3 dormitorios, 1 de ellos en suite con walk in closet, baño compartido, sala de estar, living, comedor, cocina cerrada, lavandería, cuarto y baño de servicio Además de una linda terraza  privada con churrasquera 155 m2 •¡Incluye garaje y baulera! 🌴Áreas comunes: •Piscina •Churrasquera PRECIO: Bs: 4,700 incluye expensas",NO,,155,3,2,1,0,Martina Guardia,,,,"-17.794355, -63.181351"
0ced43c289657cab401f957594c4f942,Ultracasas,Alquiler,Departamento,,🔹 EN ALQUILER – LUJOSO DPTO EN COND. MADERO RESIDENCES 🔹,ULTRACASAS,10.000,BOB,"📍 Ubicación: Equipetrol, Santa Cruz de la Sierra 🏢 Superficie: 102 m² / Completamente amoblado y equipado 💵 Precio: Bs10000 mensuales (incluye expensas) 📑 Condiciones: 1 mes de garantía  1 mes de comisión inmobiliaria 🛏 Características del Departamento: ✔ 2 Dormitorios (1 en suite), ambos con balcones ✔ Baño compartido  baño de visitas ✔ Amplio living con balcones tipo terraza, juego de comedor, sillones y churrasquera privada ✔ Elegante cocina estilo americano, equipada con: • Horno empotrado • Cocina encimera • Microondas • Extractor • Muebles altos y bajos ✔ Ventanas y puertas con DVH (doble vidrio hermético) ✔ Iluminación LED empotrada ✔ Ingreso con Key Card, CCTV, sensores de movimiento y sistema contra incendios 🚗 Extras: ✔ 1 parqueo techado ✔ Baulera incluida 🌟 Áreas Sociales Premium: ✔ Salón de eventos techado ✔ 3 churrasqueras  hornos grill y frigo bar ✔ Salas de TV ✔ Área de juegos (billar, futbolín) ✔ Bar ✔ Saunas seco y a vapor ✔ Jacuzzi – hidromasaje ✔ Piscina panorámica ✔ Jardines verticales y mobiliario Agimex",NO,,110,2,2,1,0,Hector Rodriguez,,,,"-17.767992, -63.196304"
6548ac47558d7e6754e138031f26a51d,Ultracasas,Alquiler,Departamento,,[CONDOMINIO FINOT| EQUIPETROL] ALQUILER AMPLIO DEPARTAMENTO 2 SUITES SIN MUEBLES CON BALCON PET FFRIENDLY,ULTRACASAS,4.500,BOB,"Alquilo Dpto 2D en suite pet friendly – Cond Finot, Equipetrol, cerca al Col Alemán, 123 m², 2 suites (1 con balcón), living comedor cocina integrada con acceso a balcón, 1 baño de visita, área de lavandería, parqueo techado por Bs 4500 facturado (expensas incl) Lindas áreas sociales con piscina atemperada, salón social, churrasquera, hidromasaje, saunas seco y a vapor",NO,,123,2,3,1,0,Joaquín Medina Bowles,,,,"-17.7691, -63.195347"
35dee554cbd339c879608aa48f5d5913,Ultracasas,Alquiler,Departamento,,Casa de campo km 10,ULTRACASAS,5.900,BOB,Casa con 3 dormitorios en suit y un escritorio dentro de condominio,NO,,180,3,1,2,0,Salvador Vargas,,,,"-17.719, -63.167095"
787d6b45625599820f7413f88bfc0548,Ultracasas,Alquiler,Departamento,,DEPARTAMENTO EN ALQUILER AMOBLADO Y EQUIPADO EN EQUIPETROL,ULTRACASAS,750,USD,"DEPARTAMENTO EN ALQUILER AMOBLADO Y EQUIPADO DE 2 DORMITORIOS SOBRE CANAL ISUTO SUPERFICIE: 76 Mts2 PRECIO: $us 800 (Incluye expensas y parqueo) CARACTERISTICAS: Lindo departamento, con excelente ubicación, en quinto piso, cuenta con: Amplio LivingComedor con balcón y una linda vista de la ciudad Cocina con cajonería alta y baja, estilo americana 2 dormitorios con ropero (1 en suite) Baño de visitas Parqueo CARACTERISTICAS ADICIONALES Ascensor Mirador Piscina Parrillero Gimnasio Salón de copropietarios Sala de juegos",NO,,76,2,2,1,0,Carla Garbay Poppe,,,,"-17.768381, -63.194073"
5ce7600e4edf563a4eca395ac0a1e623,Ultracasas,Alquiler,Departamento,,COND.  CURUPAU ISUTO DEPARTAMENTO EN ALQUILER,ULTRACASAS,800,USD,"Departamento en alquiler en Condominio Curupau Isuto Consta de: 2 dormitorios (1 en suite), living, baño, cocina Area social: piscina, gimnasio, churrasquera",NO,,85,2,1,1,0,Rita Alcazar de Quiroga,,,,"-17.751226, -63.191238"
0002cdc5ae6e9ee3fcfb736ec8f32cce,Ultracasas,Alquiler,Departamento,,"Edificio La Foret, Equipetrol",ULTRACASAS,3.200,BOB,"MONOAMBIENTE DE LUJO EN ALQUILER!!! Totalmente amoblado y equipado de 41m2, ubicado en la mejor zona de Santa Cruz de la Sierra, Equipetrol  entre 2do y 3er anillo ” Condominio Exclusivo de USO RESIDENCIAL “La Foret” Descripción: Primer piso con balcón Cama de dos plazas, ropero empotrado diseño exclusivo Di Enzo Mobile Cocina amoblada con muebles altos y bajos de Di Enzo Mobile Cocina encimera vitrificada, extractor digital, microondas, Horno eléctrico de integración instalado en mueble de cocina con revestimiento vitrificado marca española “Cata” Refrigerador Electrolux Sofá cama, mesa central y escritorio Baño con box de blindex y muebles bajo mesón Área de lavandería interna •  Luces LED Aire Acondicionado Termotanque Balcón vista a la calle no incluye parqueo Hermosas áreas sociales: Piscina Gimnasio Bar Jacuzzi Sauna Churrasqueras con tv Sala de Juegos Bussines Center y Sala de reuniones Living y sala Tv Y Cine Sala de Masajes Vestuarios con Ducha Precio alquiler: 3200Bs Incluye expensas",SI,,41,1,1,0,0,Maria Lourdes Durán,,,,"-17.7693, -63.195908"
0faf075260e64ffd0871d332849b3a51,Ultracasas,Alquiler,Departamento,,"Zona Norte, 7mo anillo",ULTRACASAS,4.800,BOB,"🔴EN ALQUILER HERMOSO DEPARTAMENTO  DE 3 DORMITORIO AMOBLADO‼️ EN CONDOMINIO BERCHATI NORTE I, Excelente ubicación frente a la Universidad Univalle av Pedro velez sobre el 7mo anillo INVERSIÓN ALQUILER: 4800Bs expensas incluidas ✳ CARACTERISTICAS ▪︎ 1 dormitorio en suite con Balcón ▫️2 dormitorio con balcón con baño compartido ▪︎ Living ▫️Comedor ▫️Cocina integrada con muebles altos y bajos ▪︎Cocina empotrada de de 5 hornallas ▫️Heladera ▪︎Extractor de cocina ▪︎Ropero empotrado ▪︎Box de baño en blindex ▪︎ Aires acondicionados en todos los ambientes ▫️Puerta Inteligente 🚙INCLUYE GARAJE 🏊🏻‍♀️🏊‍♂️🍹☀️AREA SOCIAL HERMOSAS • Piscina • Churrasqueria • Gimnasio • Sauna • Parques infantiles • Canchas deportivas CONDICIONES: • Mes de alquiler adelantado • Mes de garantia • Comision inmobiliaria ✳ Información y coordinar visitas al 📲 http://wame/591",NO,,100,3,2,1,0,CINTHYA ROMERO,,,,"-17.720266, -63.178436"
75e67841977e62bd1521968a9aa9cb4f,Ultracasas,Alquiler,Departamento,,COND SKY COLLECTION  TULIP DEPARTAMENTO EN ALQUILER,ULTRACASAS,600,USD,"CONDOMINIO SKY  COLLECTION TULIP Hermoso Departamento  EN ALQUILER completamente amoblado y equipado  Ubicado en  El Barrio Sirari  Consta de: 1 dormitorio, living, cocina, comedor y baño Área Social con gimnasio, churrasqueras, salón de fiestasEl Alquiler incluye Expensas o gastos comunes",NO,,43,1,1,0,0,Rita Alcazar de Quiroga,,,,"-17.764875, -63.203201"
c07254783fb9f4e579934c5e5a113ee8,Ultracasas,Alquiler,Departamento,,"Av. Ibérica esquina calle 4, Las Palmas",ULTRACASAS,6.500,BOB,"AMPLÍSIMO DEPARTAMENTO DE 4 DORMITORIOS y TRES BAÑOS Incluye sala comedor, sala de estar, cocina cerrada, comedor de diario, depensa, lavandería, dormitorio y baño de servicio Incluye garaje",NO,,275,4,3,1,0,Carlos Pacheco,,,,"-17.8025, -63.211098"
8781b40b509d3455c7137bba5f3eeaec,Ultracasas,Alquiler,Departamento,,DEPARTAMENTO EN ALQUILER EN  CONDOMINIO VISTA URUBÓ 360,ULTRACASAS,6.000,BOB,🏡 CONDOMINIO VISTA URUBÓ 360° – ALQUILER 📌 Precio: 6000 Bs (expensas incluidas) 📐 Superficie: 164 m² de departamento 🚗 Incluye: 2 garajes techados (12 m² c/u)  1 baulera ✨ Distribución ✔️ Living y comedor amplios ✔️ Cocina estilo americano equipada ✔️ Baño de visitas ✔️ 1 Suite con vestidor ✔️ 2 dormitorios con baño compartido ✔️ Dependencia de servicio con ingreso independiente ✔️ Lavandería común con cubículo propio 🛋️ Totalmente equipado ✔️ Muebles de cocina y baños ✔️ Cocina con extractor y horno eléctrico ✔️ Termotanque ✔️ Boxes de baño ✔️ Aires acondicionados 🌴 Área social de lujo ✔️ Piscina y jacuzzi ✔️ 3 churrasqueras ✔️ Gimnasio ✔️ Sauna (vapor y seco) ✔️ Parques infantiles ✔️ Seguridad las 24 horas 📞 Contacto:  – Jazmín Angus N,NO,,164,3,3,2,0,Jazmin Angus Nieto,,,,"-17.760683, -63.236736"
b1c99369fa7980634cfeb472e9142ba7,Ultracasas,Alquiler,Departamento,,"Cerca Av Cañoto, Entre 1er y 2do Anillo, Santa Cruz - Bolivia",ULTRACASAS,3.000,BOB,"A Estrenar Moderno y Amplio Departamento de 1 Dormitorio con Balcón incluye expensas 📍Cerca Av Cañoto Entre 1er y 2do Anillo Santa Cruz, Bolivia 🇧🇴 ⚜️Zona universitaria y comercial 🔲Superf 59 m2 ✅ Alquiler Bs 3,000 Incluye expensas 🚗 Alquiler con Garaje y expensas Bs 3,300 Piso 15 CONSTA ✓ 1 Dormitorio con ropero empotrado, cortinas, aire acondicionado ✓ 1 Baño amoblado ✓Sala Comedor con cortinas y aire acondicionado ✓ Cocina : Con gas domiciliario Equipada con cocina encimera, extractor Amoblada con cajoneria alta y baja ✓  Calefón ✓ Espacio de Lavandería con conexión a lavadora 🌟️ Áreas Sociales Piscina Gimnasio Churrasqueras Salon de Eventos Terraza con vista panorámica Condiciones de alquiler: ✓mes Adelantado ✓ mes de Garantia ✓ Comision inmobiliaria",NO,,59,1,1,1,0,Maria Rodriguez,,,,"-17.776815, -63.189762"
5234eff7b9f57e19112d0fe31693a53a,Ultracasas,Alquiler,Departamento,,"ZONA NORTE - 6to. Anillo
Condominio Torres de la Sierra",ULTRACASAS,1.100,USD,🅴🅽 🅰🅻🆀🆄🅸🅻🅴🆁 ▫️ 💲  𝟭𝟭𝟬𝟬 (ᴄ/ᴇxᴘ ᴛᴄᴏғ) ▫️ ▪️Superficie: 215 m² ▪️ Piso : 3 ➖️ 📍Zᴏɴᴀ Nᴏʀᴛᴇ (6ᴛᴏ  ᴀɴɪʟʟᴏ Bᴀɴᴢᴇʀ) 𝗗𝗲𝘀𝗰𝗿𝗶𝗽𝗰𝗶𝗼́𝗻: ▫️Amplio Living/Comedor c/Balcón ▫️Cocina integrada Amoblada y equipada ▫️3 Dormitorios ( 1en Suite) ▫️1 Baño de visita ▫️1 Parqueo ▫️Area de Lavandería ▫️Seguridad 24 horas 𝗘𝗾𝘂𝗶𝗽𝗮𝗺𝗶𝗲𝗻𝘁𝗼: ▫️Cocina encimera y extractor  de humos ▫️Aires acondicionados ▫️Closets y vestidor 𝗔𝗿𝗲𝗮𝘀 𝗦𝗼𝗰𝗶𝗮𝗹𝗲𝘀 Piscina Churasquera Salón de Eventos Gimnacio 𝗖𝗼𝗻𝗱𝗶𝗰𝗶𝗼𝗻𝗲𝘀 : ▫️ 01 Mes Adelantado ▫️ 01 Mes de Garantia ▫️ Comisión Inmobiliaria 🟡 𝗥𝗲𝗾𝘂𝗶𝘀𝗶𝘁𝗼𝘀: ▫️Antesedentes ▫️Infocenter ▫️Certificado de trabajo ▫️REJAB ▫️ 𝗠𝗔𝗩𝗜𝗦 𝗥𝗜𝗩𝗘𝗥𝗢 ᴀsᴇsᴏʀᴀ ɪɴᴍᴏʙɪʟɪᴀʀɪᴀ 𝗜𝗻𝗺𝗼 𝗕𝗿𝗼𝗸𝗲𝗿𝘀 𝟩𝟪𝟧 𝟨𝟧𝟢𝟢𝟢 ᴡʜᴀᴛsᴀᴘᴘ: bitly/CTrLS1y1kChP 𝖢𝗈𝗇𝖿𝗂𝖺𝖤𝗇𝖬𝗂𝖤𝗑𝗉𝖾𝗋𝗂𝖾𝗇𝖼𝗂𝖺𝖨𝗇𝗆𝗈𝖻𝗂𝗅𝗂𝖺𝗋𝗂𝖺 @mavisriveroinmo 🔝 Afiliada a CAINCRUZ,NO,,215,3,4,1,0,Mavis Rivero Serrano,,,,"-17.732321, -63.168621"
43360a9e98666c0ac36e8c9b45f042a6,Ultracasas,Alquiler,Departamento,,Av. Las américas- Lindos Departamento de 160 mt2,ULTRACASAS,4.500,BOB,"𝐃𝐄𝐏𝐀𝐑𝐓𝐀𝐌𝐄𝐍𝐓𝐎 𝐄𝐍 𝐀𝐋𝐐𝐔𝐈𝐋𝐄𝐑 (𝐄𝐝𝐢𝐟𝐢𝐜𝐢𝐨 𝐄𝐱𝐜𝐥𝐮𝐬𝐢𝐯𝐨) 𝟐 𝐃𝐎𝐑𝐌𝐈𝐓𝐎𝐑𝐈𝐎𝐒 (𝟏 𝐞𝐧 𝐒𝐮𝐢𝐭𝐞  𝐏𝐥𝐚𝐧𝐭𝐚 𝐁𝐚𝐣𝐚) 𝐏𝐑𝐄𝐂𝐈𝐎: 4500 (𝐈𝐧𝐜𝐥𝐮𝐲𝐞 𝐄𝐱𝐩𝐞𝐧𝐬𝐚𝐬)  1 parqueo y 1 Baulera Ubicado en una zona privilegiada dentro del 1er anillo, sobre Av Las Américas 𝐃𝐞 𝟏𝟔𝟎 𝐦𝐭𝐬𝟐 1 Master Suite,  con Vestidor,  Roperos Empotrados y baño privado 1 segundo DORMITORIO con doble Closet 1 Baño completo a Compartir Living comedor amplios Cocina con cajonería alta y baja Area de lavandería Dependencia de servicio con su baño 1 Parqueo 1 Baulera EQUIPAMIENTO: Aire acondicionado en las 2 habitaciones  y en el livingcomedor, luminarias y cortinas Calefón, cocina con extractor de grasa 𝐀́𝐑𝐄𝐀𝐒 𝐂𝐎𝐌𝐔𝐍𝐄𝐒: Bella piscina panorámica en Planta Baja Churrasquera 𝐂𝐎𝐍𝐃𝐈𝐂𝐈𝐎𝐍𝐄𝐒 𝐃𝐄𝐋 𝐀𝐋𝐐𝐔𝐈𝐋𝐄𝐑 Contrato 1 año de alquiler obligatorio Pago 1 mes de garantía Pago 1 mes alquiler adelantado Pago comisión inmobiliaria Respaldo económico 𝐒𝐎𝐘 𝐂𝐋𝐄𝐘𝐀 𝐌𝐄𝐍𝐀𝐂𝐇𝐎 𝙲𝚎𝚕 𝟽𝟽𝟷𝟼𝟿𝟸𝟹𝟶 𝙰𝚂𝙴𝚂𝙾𝚁𝙰 𝙸𝙽𝙼𝙾𝙱𝙸𝙻𝙸𝙰𝚁𝙸𝙰",NO,,160,2,2,1,0,TU CASA B. R,,,,"-17.787247, -63.167049"
7d6b03d38a105ad0b4716da1979bc425,Ultracasas,Alquiler,Departamento,,[CONDOMINIO SIRARI| BARRIO SIRARI Y 4TO. ANILLO] ALQUILER DEPARTAMENTO 1 DORMITORIO SIN MUEBLES,ULTRACASAS,2.450,BOB,"Alquilo Departamento 1D – Condominio Sirari (Barrio Sirari, 4to Anillo), 52 m² construidos, 1 dormitorio, 1 baño, living cocina comedor integrado con balcón, 1 parqueo techado Bs 2450, Expensas y agua incluidas (sin parqueo) ó Bs 2800, Expensas y agua incluidas (con parqueo) Ref:  lamásbuscada",NO,,52,1,1,1,0,Joaquín Medina Bowles,,,,"-17.766563, -63.204956"
d0949c6284e833a0cd583a647d1b3590,Ultracasas,Alquiler,Departamento,,✨ Equipetrol - 1 dorm a media cuadra del Hotel Los Tajibos,ULTRACASAS,2.318,BOB,"Hermoso Departamento ideal para ejecutiv@s o parejas incluye expensas y agua en condominio tanquilo y seguro 📲 SALA COMEDOR, COCINA, DORM1  ESCRITORIO ABIERTO   > SE ALQUILA  EN BARRIO EQUIPETROL Hermoso departamento de: ☑️ 1 dormitorios con aire acondicionado, ☑️ 1 escritorio abierto ☑️ salacomedor ☑️ cocina ☑️ baulera ☑️ baño ☑️ lavanderia En condominio exclusivo y seguro a media cuadra de la avenida San Martin Cerca a restaurants, supermercados, farmacias, Ventura Mall, etc ☑️ Precio mensual incluido expensas y agua de oferta ☑️ Parqueo opcional bs170 Mayores Informaciones vía WhatsApp escaneando el QR de la foto",NO,,70,1,1,1,0,Bienes Raices,,,,"-17.765797, -63.196335"
e10de8cd11095fc127c87def91244a5c,Ultracasas,Alquiler,Departamento,,Macororo 13-14 avenida los cusis,ULTRACASAS,3.900,BOB,"🔝 𝘿𝙚𝙥𝙖𝙧𝙩𝙖𝙢𝙚𝙣𝙩𝙤 𝙚𝙣 𝙖𝙡𝙦𝙪𝙞𝙡𝙚𝙧! 🌟 Vive con el lujo de un hotel 5 estrellas, pero en tu propio hogar• ✨ Piso con vista panorámica 🛏 1 dormitorio  🛁 1 baño  🍽 Living comedor con cocina americana  🌇 Balcón Condominio de lujo con: 🏊‍♂️ Piscina aclimatada  piscina exterior 🔥 Churrasqueras 👶 Guardería 🎲 Salón de juegos 🍵 Salón de té 🧖 Sauna y jacuzzi 🔒 Seguridad 24/7 📍 Av Los Cusis (entre 2do y 3er anillo – Av Banzer) 💰 3900 Bs/mes (incluye expensas  parqueo) 🔑 Condiciones de alquiler: mes de alquiler adelantado, mes de garantía, comisión inmobiliaria 📞￼⁨⁩ Contáctame para más info o visita!",NO,,50,1,1,1,0,Prodigy House,,,,"-17.762798, -63.179367"
68acd40a856eaaa003514744615d7b57,Ultracasas,Alquiler,Departamento,,"A pasos de Equipetrol, amoblado y equipado, Zona La Salle",ULTRACASAS,590,USD,"Departamento amplio, cómodo y equipado de 2 dormitorios (1 en suite) Muy bien ubicado a pasos de Equipetrol Cuenta con living/comedor, cocina equipada, área de lavandería (con lavadora y secadora), dependencias de servicio y terraza El condominio cuenta con áreas sociales amplias: piscina, sauna, churrasqueras, gimnasio, canchas de raquet, además de seguridad las 24h 650$ con expensas incluidas",NO,,118,2,2,1,0,,,,,"-17.771532, -63.185959"
f1dd33541c8588f69f180c369547012f,Ultracasas,Alquiler,Departamento,,LINDO DEPARTAMENTO AMOBLADO EN ZONA DE LA PLAZUELA BLACUTT ENTRE 2DO ANILLO Y LA AV VELARDE,ULTRACASAS,4.000,BOB,"🏢✨ ALQUILER – LINDO DEPARTAMENTO AMOBLADO EN PLAZUELA BLACUTT ✨ 📍 Ubicación privilegiada en una de las zonas más exclusivas y céntricas de Santa Cruz de la Sierra, con fácil acceso a comercios, restaurantes, centros de salud y vías principales Ideal para quienes valoran la comodidad, la seguridad y la cercanía a todo 📐 Superficie: 115 m² 💰 Precio mensual: Bs 4000 🛏️ Características del departamento: ✔️ 3 dormitorios (1 en suite con vestidor y baño privado) ✔️ Hermosa galería y jardín interno ✔️ Cocina totalmente equipada ✔️ Área de lavandería  baño de servicio ✔️ Garaje para 2 vehículos ✔️ Amoblado y listo para habitar 🏢 Áreas comunes del condominio: 🏊 Piscina 🎉 Salón de eventos 🔥 Churrasquera 🛡️ Seguridad 24 horas 📋 Condiciones de alquiler: ▪️ 1 mes de alquiler adelantado ▪️ 1 mes de garantía ▪️ 1 mes de comisión inmobiliaria 📲 Contacto directo: Jazmín Angus – 📌 No dejes pasar esta oportunidad de vivir con estilo y confort en la prestigiosa zona Blacutt",NO,,116,3,2,2,0,Jazmin Angus Nieto,,,,"-17.794764, -63.177376"
2aaad709683089c59cea8fd700c4b5f3,Ultracasas,Alquiler,Departamento,,HAUS EQUIPE DEPARTAMENTO EN ALQUILER,ULTRACASAS,3.000,BOB,"Hermoso departamento en ALQUILER en Condominio HAUS EQUIPE piso 1 departamento 1F  , con una ubicación estratégica ubicado en el Corazon del Barrio Eqquipetrol calle 8 de Equipetrol a pocos pasos del Canal Isuto Con una construcción de primer nivel con todos los mejores materiales y detalles que ningún Condominio tieneUn Area Social con sala con Domotica ,piscina y Churrasquera",NO,,37,1,1,0,0,Rita Alcazar de Quiroga,,,,"-17.764202, -63.192226"
4bfe369fcd94a1fa5e44888ad6a46cc3,Ultracasas,Alquiler,Departamento,,DEPARTAMENTO EN ALQUILER MACORORO 13/14,ULTRACASAS,950,USD,"Exclusivo Departamento Amoblado en Alquiler – Macororo 13/14, Av Los Cusis Descubra el equilibrio perfecto entre elegancia, funcionalidad y confort en este hermoso departamento de 90 m², ubicado en el prestigioso condominio Macororo 13/14, sobre la reconocida Av Los Cusis Alquiler Usd950 expensas incluidas Distribución y características: 🛌 Suite principal con baño privado, amplio ropero empotrado y acceso a un balcón privado, ideal para disfrutar de la luz natural y el aire fresco 🛏 Segundo dormitorio, acogedor y versátil, perfecto como habitación adicional, oficina o cuarto de visitas 🚿 Baño completo con finos acabados y ducha moderna 🛋 Amplio livingcomedor con acceso a un balcón social, que aporta luminosidad y una sensación de amplitud 🍽 Cocina integrada de diseño contemporáneo, equipada con mobiliario de alta calidad, perfecta para quienes disfrutan cocinar y compartir 🧺 Área de lavandería independiente 🚗 Parqueo privado cubierto, incluido en el alquiler Áreas sociales del condominio: 🏊‍♀️ Piscina al aire libre, ideal para relajarse o disfrutar en familia 🧒 Parque infantil, diseñado para la seguridad y diversión de los más pequeños 🍖 Áreas de churrasqueras, perfectas para reuniones sociales Centro de bienestar: piscina climatizada, sauna y jacuzzi para su total relajación Sport bar Cancha sintética Salón de eventos cerrado y áreas de churrasqueras abiertas y cerradas Además, en el edificio también hay un salón social con área gourmet y seguridad las 24 horas Una propiedad pensada para quienes buscan vivir con distinción y comodidad, rodeados de espacios verdes, seguridad y amenidades de primer nivel 📞 Contáctenos para agendar una visita privada y descubrir su próximo hogar",NO,,90,2,2,1,0,Ximena Muñoz,,,,"-17.762716, -63.180054"
5dfc7b04db43adba0ebad647ae3c67d8,Ultracasas,Alquiler,Departamento,,DEPARTAMENTO EN ALQUILER EDIFICIO PLATINUM II,ULTRACASAS,4.000,BOB,"✨ Hermoso Departamento en Alquiler – Equipetrol ✨ 📍 Edificio Platinum II, sobre 4to anillo, calle Dra María de Boland (zona exclusiva de la ciudad) 📐 Superficie construida: 73 m² 🚗 Parqueo: 1 incluido 💰 Alquiler: Bs 4000 (sin expensas) 🏡 Características: 🛏️ 1 Suite con vestidor  escritorio 🛋️ Living – comedor con cocina integrada 🍳 Cocina equipada con refrigerador, encimera, extractor, horno y microondas 🚻 1 Baño de visitas 🧺 Lavandería",NO,,73,1,1,1,0,Ximena Muñoz,,,,"-17.754974, -63.19463"
7dfc30ef3b12930f85fc7c9fa25598ee,Ultracasas,Alquiler,Departamento,,CONDOMINIO PIAZZA ONCE,ULTRACASAS,6.000,BOB,"PIAZZA ONCE  EN EL CONDOMINIO DE LUJO Ubicado la avenida San Martín, Calle Ciro Torrez, N° 11 PISO 2  SUPERFICIE:  111,13 m2 DEPTO 201 CARACTERISTICAS: 2 dormitorios (1 en Suite con vestidor) con salida a balcón vista a una plazuela 2 baños Cocina equipada living – comedor con Balcón Área de lavandería 1 parqueo 1 Baulera EQUIPAMIENTO DE: Aires acondicionados en todos los ambientes Calefón, en área de lavandería y servicio En la cocina: horno, cocina encimera, campana extractora MOBILIARIO EN: Cocina, muebles arriba y bajo mesón Baño, muebles bajo mesón Vestidor CARACTERISTICAS DEL CONDOMINIO: Edificio exclusivo con solo 12 departamentos Terminaciones y materiales de 1era calidad Áreas comunes en el último nivel Piscina con jacuzzis Churrasquera Sauna Seguridad 24 horas Parqueo Seguridad e ingreso controlado 24 horas Incluye expensas comunes Lado de una plazuela, todos los balcones tienen vista a la misma Restaurantes: El Arriero, Paseo Comercial El Chubbi, etc Diferentes supermercados de la zona (Fidalga, Hipermaxi, Tía, Ventura Mall) Centros educativos (Franco Boliviano, alemán, Humboldt) Entidades bancarias (Banco Unión, BCP, Banco Bisa) Precio: Bs 6000 incluye expensas CONDICIONES COMERCIALES: 1 mes de alquiler por adelantado 1 mes de garantía Contrato por 1 año obligatorio Comisión inmobiliaria, equivalente al 50% de un mes de alquiler El inquilino se hace cargo de los servicios básicos ¿Qué estás esperando? ¡Contáctame! Anímate a visitarlos Llámame y agenda tu cita Mayor información, Patricia Limón  Cel",NO,,111,2,2,1,0,Patricia Limon,,,,"-17.768875, -63.191528"
3f96cc9b28ad7a4889d91950060283e5,Ultracasas,Alquiler,Departamento,,Av. Ejército Nacional- Zona Trompillo,ULTRACASAS,2.800,BOB,"𝗗𝗘𝗣𝗔𝗥𝗧𝗔𝗠𝗘𝗡𝗧𝗢 TOTALMENTE  AMOBLADO 𝟐 𝐃𝐎𝐑𝐌𝐈𝐓𝐎𝐑𝐈𝐎𝐒  ( 1 En Suite) Con Elegantes Roperos Empotrados Suite puertas de Espejos 𝗣𝗥𝗘𝗖𝗜𝗢: Bs 2800 (𝙄𝙣𝙘𝙡𝙪𝙮𝙚: 𝙀𝙭𝙥𝙚𝙣𝙨𝙖𝙨, 𝙒𝙞𝙁𝙞, 𝙏𝙑𝘾𝙖𝙗𝙡𝙚 𝙮 1 𝙂𝘼𝙍𝘼𝙅𝙀) ( 2do Piso Sin ASCENSOR ) 𝗨𝗕𝗜𝗖𝗔𝗖𝗜𝗢́𝗡: AV EJÉRCITO ZONA  𝐒𝐔𝐑 ( A 1 CUADRA del AEROPUERTO EL TROMPILLO y el CINE CENTER 2 BAÑOS COMPLETOS 1 Televisor Plasma ️Cocina amoblada C/Electrodomésticos /Vajillas /Lavadora 1 Garaje bajo techo ️1 Baulera 🚫🚫NO TIENE ÁREAS SOCIALES 𝑪𝑶𝑵𝑫𝑰𝑪𝑰𝑶𝑵𝑬𝑺 𝑨𝒍𝒒𝒖𝒊𝒍𝒆𝒓 𝑨𝒅𝒆𝒍𝒂𝒏𝒕𝒂𝒅𝒐 𝑮𝒂𝒓𝒂𝒏𝒕𝒊𝒂 𝑪𝒐𝒎𝒊𝒔𝒊𝒐𝒏 𝑰𝒏𝒎𝒐𝒃𝒊𝒍𝒊𝒂𝒓𝒊𝒂 𝑪𝒐𝒏𝒕𝒂𝒄𝒕𝒂𝒎𝒆  📲 𝑺𝑶𝒀 𝑪𝑳𝑬𝒀𝑨 𝑴𝑬𝑵𝑨𝑪𝑯𝑶 𝑨𝒔𝒆𝒔𝒐𝒓𝒂 𝑰𝒏𝒎𝒐𝒃𝒊𝒍𝒊𝒂𝒓𝒊𝒂 𝑪𝒆𝒍",NO,,85,2,2,1,0,TU CASA B. R,,,,"-17.795357, -63.182499"
63bc5e783a9865fa45e1243a2a4ca5fe,Ultracasas,Alquiler,Departamento,,B. Sirari Calle Los Jazmines,ULTRACASAS,4.500,BOB,"Espectacular departamento en Equipetrol, muy cerca a Manzana 40 En el lujoso CONDOMINIO EURODESIGN Amplio dormitorio c/vestidor 1 Baño Cocina americana Área de lavandería muy cómoda con lavadora y calefón a gas Lindas áreas sociales: Gimnasio equipado, Piscina, churrasquera, Sala de juego Totalmente amoblado y equipado con todo de primera calidad",NO,,51,1,1,0,0,Ana Paola Ortiz,,,,"-17.762211, -63.19965"
85d26ff6485cc3158afdc4a398a73b83,Ultracasas,Alquiler,Departamento,,"EN ALQUILER MONO AMBIENTE, CANAL ISUTO 2do Y 3er ANILLO",ULTRACASAS,3.120,BOB,"Alquiler monoambiente canal isuto 3 anillo para Local o vivienda 28 m2 3120 BS vista a la calle 1 piso, Baño Cocineta Seguridad 24hr",NO,,28,1,1,0,0,Gigliola Roca,,,,"-17.768761, -63.189751"
82703b64673c89e0eebc20baf64410e8,Ultracasas,Alquiler,Departamento,,EN ALQUILER PENTHOUSE COND. CURUPAU ISUTO ZONA NORTE 4TO ANILLO,ULTRACASAS,1.000,USD,Condominio CURUPAU ISUTO zona 4 anillo canal isuto Penthouse  piso 20 en alquiler ! 1000$ 1 dormitorio en suite con vestidor  balcon amplio 2 dormitorios con baño a compartir Escritorio cocina tipo americana equipada living comedor balcón social vista panorámica 180 garaje,NO,,153,3,2,2,0,Gigliola Roca,,,,"-17.75127, -63.191254"
e2054c850908ed7cf81019d004edec1c,Ultracasas,Alquiler,Departamento,,EQUIPETROL COND. HAUS EQUIPE DEPARTAMENTO EN ALQUILER,ULTRACASAS,3.750,BOB,"Hermoso departamento a estrenar en el corazón de Equipetrol, calle 8 cerca de iglesia, locales comerciales, peluquerías, supermercado, pastelerías, restaurantes y otros Consta de: Living’ comedor ,cocina americana,, baño, closet amplio Y lavanderia Area social: Piscina, Churrasquera, Coowork con domótica, Área de lavado con máquinas de Lavar y secadoras",NO,,67,1,1,0,0,Rita Alcazar de Quiroga,,,,"-17.764261, -63.192204"
5ea44017baf628e6d441703aecb133fa,Ultracasas,Alquiler,Departamento,,"Calle Libertad, media cuadra antes de llegar al segundo anillo, zona norte Edificio Punta del este , incluye baulera y garaje .( tiene churrasquera privada)",ULTRACASAS,3.800,BOB,"DEPARTAMENTO EQUIPADO EN ALQUILER  3800 bs incluye las expensas☀️Edificio Punta del Este📍Calle Libertad a media cuadra del 2do anillo 2 Dormitorios uno en suite Escritorio (puede usarse como dormitorio) 👍 Cocina totalmente equipada Amplio living comedor Área de lavandería, La Churrasquera esta en la terraza Áreas sociales Salón de eventos Piscina Churrasquera Cancha polifuncional Parque infantil Parqueo y baulera 👀Solo paga media comisión inmobiliaria 💰 Ingreso: 3800 bs, mes adelantado 3800 bs mes de garantía 1900 bs comisión inmobiliaria Contáctame ya! 8 Eliana Salvatierra",NO,,115,3,2,1,0,Eliana Salvatierra,,,,"-17.772064, -63.184521"
f2533c14badd94932fb20fe51e42cefc,Ultracasas,Alquiler,Departamento,,Zona plazuela blacut,ULTRACASAS,4.200,BOB,"🏢 𝗗𝗘𝗣𝗔𝗥𝗧𝗔𝗠𝗘𝗡𝗧𝗢 𝗗𝗘 𝟯 𝗛𝗔𝗕 𝗔𝗠𝗢𝗕𝗟𝗔𝗗𝗢 𝗘𝗡 𝗔𝗟𝗤𝗨𝗜𝗟𝗘𝗥!!! 𝗖Ó𝗠𝗢𝗗𝗢 𝗬 𝗔𝗠𝗣𝗟𝗜𝗢 🤩 📍 Ubicado en una de las zonas más exclusivas y céntricas de Santa Cruz de la Sierra, ideal para quienes buscan comodidad, seguridad y cercanía a todo 📐 Superficie: 115 m² 💰 Precio mensual: Bs 4200 🛏️ Características del Departamento: ✔️ 3 dormitorios (1 en suite con vestidor y baño privado) ✔️ Hermosa galería y jardín interno ✔️ Cocina totalmente equipada ✔️ Área de lavandería  baño de servicio ✔️ Garaje para 2 vehículos ✔️ Amoblado y listo para habitar 🏢 Áreas Comunes del Condominio: 🏊 1 piscina 🎉 Salón para eventos 🔥 Churrasquera 🛡️ Seguridad 24 horas 📋 Condiciones de alquiler: ▪️ 1 mes de alquiler adelantado ▪️ 1 mes de garantía ▪️ 1 mes de comisión inmobiliaria 📲⁩",NO,,115,3,3,1,0,Prodigy House,,,,"-17.79505, -63.179092"
6438156d6dfed62b4359fbf066237fe5,Ultracasas,Alquiler,Departamento,,CONDOMINIO CURUPAU ISUTO DEPARTAMENTO 2 DORMITORIOS EN ALQUILER,ULTRACASAS,800,USD,"Departamento en alquiler  A ESTRENAR en Condominio Curupau Isuto Consta de: 2 dormitorios (1 en suite), living comedor, baño, cocina, terrazas y parqueo Dpto Nº 14 B Area Social espectacular!!!",NO,,98,2,2,1,0,Rita Alcazar de Quiroga,,,,"-17.751179, -63.191242"
68036a32cbbfe4d1a4e89dd6973cab0e,Ultracasas,Alquiler,Departamento,,"Edificio Tahari – Urbarí
(entre 2do y 3er Anillo)",ULTRACASAS,4.500,BOB,BONITO Departamento de 3 Dorm  en Alquiler 4500 Bs (expensas incluidas ) Superficie 86 m2 📍Ubicación Edificio Tahari – Urbarí (entre 2do y 3er Anillo) 🔸2 dormitorios con baño compartido 🔸1 dormitorio en suite 🔸Living comedor 🔸Cocina tipo americana 🔸Área de lavandería 🔸Balcón 🔸Aire acondicionado en todos los ambientes Cortinas 🔸1 Garaje bajo techo Área Sociales En el 1er piso 🔸Salón de uso múltiple 🔸Churrquera 🔸Jacuzzi 🔸Piscina semitechada 🔸Área de lavanderías y jaulas MARCA TU CITA :,NO,,86,2,1,1,0,Mavis Rivero Serrano,,,,"-17.797028, -63.196686"
a5d52e1889d2d7c3edd1eeef2b7f0a63,Ultracasas,Alquiler,Departamento,,"LAS PALMAS RESIDENCE 
AMPLIO DEPARTAMENTO EN ALQUILER 
3 DORMITORIOS",ULTRACASAS,5.800,BOB,"AMPLIO DEPARTAMENTO EN ALQUILER – BARRIO LAS PALMAS ✨ Espacios ideales para vivir con comodidad y estilo 📍 Ubicación privilegiada en Las Palmas – zona residencial, tranquila y segura 📐 180 m² bien distribuidos 🔹 3 dormitorios (incluye 1 Master Suite con baño privado) 🔹 Amplio living – comedor para disfrutar en familia 🔹 Sala de TV independiente 🔹 Cocina cómoda y funcional 🔹 Área de servicio completa 🔹 Garaje privado 🔹 Seguridad 24/7 💰 Precio de alquiler: Bs 5500 (Incluye expensas) ✅ Perfecto para familias, ejecutivos o quienes buscan calidad de vida en una excelente ubicación",NO,,180,3,3,1,0,Ruth Velarde,,,,"-17.798704, -63.208855"
f2bc17d42f5da444ecdda428154d5165,Ultracasas,Alquiler,Departamento,,En Equipetrol Departamento de 2 Dormitorios en Alquiler,ULTRACASAS,9.500,BOB,"Dpto de lujo en ALQUILER, en Equipetrol 📍tiene 100 mt2 inmueble completamente equipado y amoblado (super lujo) 2 Dormitorios (1 en Suite) Bs 9800 mes Incluye: Expensas 1 parqueo ⁠1 Baulera Amplios balcónes con vistas directas al área verde",NO,,100,2,2,1,0,InmobolSCZ,,,,"-17.766582, -63.194115"
7fdff2ccfaeda7437a0249fcff303e82,Ultracasas,Alquiler,Departamento,,Banzer 6to. Anillo,ULTRACASAS,1.100,USD,"ᴅᴇ ʟᴜᴊᴏ  ᴀᴍᴘʟɪᴏ ᴅᴇᴘᴀʀᴛᴀᴍᴇɴᴛᴏ ᴢᴏɴᴀ ɴᴏʀᴛᴇ ➖➖➖➖➖➖➖➖➖➖➖➖➖ $  1000   ( 220m2) Consta de : ▫️Tres dormitorios ( 1 en suite) ▫️Amplio Living comedor ▫️Balcón 18 m largo ▫️Baño de visita ▫️Cocina  equipada ▫️Equipado c/Aire ac en todos los espacios, cajoneria en cocina, vestidor, closets y baños, box de baño, luminarias y Black out en dormitorios) ▫️Lavandería, Cuarto de servicio /baño ▫️1 Garaje y 1 Baulera ▫️Gas domiciliario ⚫ÁREAS COMUNES ▫️Gimnasio ▫️Piscina ▫️Salón de eventos ▫️Seguridad 24 hrs ▫️Cámaras de seguridad ▫️Doble vidriado hermético en toda la fachada Vecindad familiar ( no se permite estudiantes)",NO,,220,3,4,2,0,Mavis Rivero Serrano,,,,"-17.733072, -63.169323"
42e2699b6591ca23d7bd42ac826bab1b,Ultracasas,Alquiler,Departamento,,"3er. Anillo externo, calle las garzas",ULTRACASAS,2.300,BOB,"⭐️ALQUILER LINDO DEPARTAMENTO DE UN DORMITORIO AMOBLADO CON BALCÓN!!!! 📍Calle Las Garzas , 3er anillo zona zoológico 📐Sup:45metros ✅cocina empotrada, Heladera, mueblería alta  y baja ✅Comedor ✅Baño ✅ Dormitorio con cama 2 plazas y media, ropero empotrado ✅Balcón con linda vista 💰Precio :2300 bs ✳️ NO CUENTA CON AREAS SOCIALES ✳️ NO INCLUYE PARQUEO",SI,,45,1,1,0,0,CINTHYA ROMERO,,,,"-17.758327, -63.185833"
612b3ebfe084eeffa27e6dd701241454,Ultracasas,Alquiler,Departamento,,"Av. Los Cusis
Condominio Macororo 15",ULTRACASAS,3.500,BOB,"🟡 𝗘𝗻 𝗖𝗼𝗻𝗱𝗼𝗺𝗶𝗻𝗶𝗼 𝗱𝗲 𝗟𝘂𝗷𝗼 𝗗𝗲𝗽𝗮𝗿𝘁𝗮𝗺𝗲𝗻𝘁𝗼 🅴🅽 🅰🅻🆀🆄🅸🅻🅴🆁 ▫️ 𝗕𝘀 𝟯,𝟱𝟬𝟬 (ᴄ/ᴇxᴘ) ▫️ ▪️Sup: 42 m² ▪️Piso: 21 ➖️ 📍Cᴏɴᴅᴏᴍɪɴɪᴏ Mᴀᴄᴏʀᴏʀᴏ 15 (ᴀᴠ ʟᴏs ᴄᴜsɪs ᴇɴᴛʀᴇ ʙᴀɴᴢᴇʀ ʏ ʙᴇɴɪ ) ▫️Amplio living comedor con aire acondicionado ▫️Balcón con vista panorámica ▫️Cocina integrada equipada ▫️1 dormitorio c/ closet empotrado ▫️Baño con box y muebles ▫️ Lavandería para tu comodidad Exᴄʟᴜsɪᴠᴀs Aʀᴇᴀs Sᴏᴄɪᴀʟᴇs ▪️Piscina ▪️Solarium para tomar el sol ▪️Churrasquera cubierta para reuniones ▪️Espacios para Sala de Juntas, Juegos y Niños ▪️Lobby elegante y ingreso controlado para tu seguridad 𝗖𝗼𝗻𝗱𝗶𝗰𝗶𝗼𝗻𝗲𝘀: ● 1 mes de alquiler ● 1 mes de garantía ● 1 comisión inmobiliaria 🟡 𝗥𝗲𝗾𝘂𝗶𝘀𝗶𝘁𝗼𝘀: ▫️Antesedentes ▫️Infocenter ▫️Respaldo económico ▫️REJAB ▫️ 𝗠𝗔𝗩𝗜𝗦 𝗥𝗜𝗩𝗘𝗥𝗢 ʙʀᴏᴋᴇʀ ᴏᴡɴᴇʀ  𝗜𝗻𝗺𝗼 𝗕𝗿𝗼𝗸𝗲𝗿𝘀 ᴀsᴇsᴏʀᴀ ɪɴᴍᴏʙɪʟɪᴀʀɪᴀ 𝟩𝟪𝟧 𝟨𝟧𝟢𝟢𝟢 ᴡʜᴀᴛsᴀᴘᴘ: bitly/Mcrr15alq3y5kBsAYIBR 𝖢𝗈𝗇𝖿𝗂𝖺𝖤𝗇𝖬𝗂𝖤𝗑𝗉𝖾𝗋𝗂𝖾𝗇𝖼𝗂𝖺𝖨𝗇𝗆𝗈𝖻𝗂𝗅𝗂𝖺𝗋𝗂𝖺 @mavisriveroinmo Afiliada a CAINCRUZ",NO,,42,1,1,0,0,Mavis Rivero Serrano,,,,"-17.763634, -63.178143"
ad189f7b8b7197391a41f30d2522a5c7,Ultracasas,Alquiler,Departamento,,Barrio Urbari- Condominio ARUMA,ULTRACASAS,2.300,BOB,𝗛𝗘𝗥𝗠𝗢𝗦𝗢 𝗠𝗢𝗡𝗢𝗔𝗠𝗕𝗜𝗘𝗡𝗧𝗘 𝗘𝗡 𝗔𝗟𝗤𝗨𝗜𝗟𝗘𝗥 𝐂𝐎𝐍𝐃𝐎𝐌𝐈𝐍𝐈𝐎 𝐀𝐑𝐔𝐌𝐀 𝗭𝗢𝗡𝗔: B URBARI ( Av  pirai 2do ANILLO 𝐏𝐑𝐄𝐂𝐈𝐎: 𝐁𝐬 𝟐𝟑𝟎𝟎 ( Incluye Expensas y Agua) 𝗗𝗘𝗦𝗖𝗥𝗜𝗣𝗖𝗜𝗢𝗡: Sup 39 mt2 1er Piso Cocina con muebles Ropero empotrado Baño con box blindex Cuarto de lavado o deposito con conexión para lavadora 2 aires acondicionados Luces led Blindex divisorio 𝗔𝗥𝗘𝗔𝗦 𝗦𝗢𝗖𝗜𝗔𝗟𝗘𝗦: Churrasquera Piscina Seguridad las 24 horas 𝑪𝑶𝑵𝑫𝑰𝑪𝑰𝑶𝑵𝑬𝑺 𝑨𝒍𝒒𝒖𝒊𝒍𝒆𝒓 𝑨𝒅𝒆𝒍𝒂𝒏𝒕𝒂𝒅𝒐 𝑮𝒂𝒓𝒂𝒏𝒕𝒊𝒂 𝑪𝒐𝒎𝒊𝒔𝒊𝒐𝒏 𝑰𝒏𝒎𝒐𝒃𝒊𝒍𝒊𝒂𝒓𝒊𝒂 𝑪𝒐𝒏𝒕𝒂𝒄𝒕𝒂𝒎𝒆  📲 𝑺𝑶𝒀 𝑪𝑳𝑬𝒀𝑨 𝑴𝑬𝑵𝑨𝑪𝑯𝑶 𝑨𝒔𝒆𝒔𝒐𝒓𝒂 𝑰𝒏𝒎𝒐𝒃𝒊𝒍𝒊𝒂𝒓𝒊𝒂 𝑪𝒆𝒍,NO,,39,1,1,0,0,TU CASA B. R,,,,"-17.792053, -63.195385"
9b99157d5d49249112e9b81e190351a0,Ultracasas,Alquiler,Departamento,,Av Depto Pando entre Paraguay y Av Huapay,ULTRACASAS,5.000,BOB,"AMPLIO DEPARTAMENTO EN ALQUILER DEPTO EN COND ALCALÁ 📍C/Pando entre Av Paraguá y Canal Cotoca (1 cuadra del 2°anillo) CARACTERÍSTICAS 📐 150 m2 3 dormitorios (1 suite ) Baño p/ compartir Baño de visitas Living comedor Cocina amoblada Dependencia de servicios c/ baño 1 parqueo Áreas sociales Piscina, churrasqueras, Lobby Seguridad 24 hrs CONDICIONES DEL ALQUILER Mes: Bs 5000 (facturado) Garantía 1 mes de alquiler Comisión inmobiliaria 1 mes de alquiler Coordina una visita 📱",NO,,150,3,4,1,0,Ana Paola Ortiz,,,,"-17.776819, -63.164436"
35f8aa4abdb1e8c964509904c11a854a,Ultracasas,Alquiler,Departamento,,Norte Av. Banzer y 6to anillo,ULTRACASAS,1.600,USD,"Hermoso departamento amoblado en alquiler de 3 dormitorios (1 en suite), cocina, living, comedor, área de servicio Balcon en dormitorios, living y comedor Totalmente equipado con vajilla, electrodomésticos Área común: piscina, churrasquera, salón de eventos Incluye parqueo y baulera",NO,,220,4,3,1,0,Claudia Rivero,,,,"-17.721422, -63.160915"
ef1fb7fdfb16ea77b404afc1955bfe2d,Ultracasas,Alquiler,Departamento,,Barrio URBARI  - Cond. UNNO RESIDENCE,ULTRACASAS,2.500,BOB,"𝐄𝐍 𝐀𝐋𝐐𝐔𝐈𝐋𝐄𝐑 𝐌𝐨𝐝𝐞𝐫𝐧𝐨 𝐃𝐄𝐏𝐀𝐑𝐓𝐀𝐌𝐄𝐍𝐓𝐎 𝐀𝐌𝐎𝐁𝐋𝐀𝐃𝐎!! 𝟏 𝐃𝐎𝐑𝐌𝐈𝐓𝐎𝐑𝐈𝐎 Con BALCON 𝐂𝐨𝐧𝐝𝐨𝐦𝐢𝐧𝐨 𝐔𝐧𝐧𝐨 𝐑𝐞𝐬𝐢𝐝𝐞𝐧𝐜𝐞 Barrio Urbari  Calle Mocapini 𝐏𝐑𝐄𝐂𝐈𝐎 𝐁𝐬 2500( Incluye Expensas y Agua) 𝐃𝐎𝐑𝐌𝐈𝐓𝐎𝐑𝐈𝐎 con cama Matrimonial Ropero, Televisión Aire acondicionado Lamparas y cortinas Cocina amoblada C/Electrodomésticos /Vajillas Area de Lavandería C/Lavadora Ubicado en la ZONA OESTE, Barrio URBARI Seguridad 24 horas ÁREAS SOCIALES Piscina Churasquera 𝘾𝙊𝙉𝘿𝙄𝘾𝙄𝙊𝙉𝙀𝙎 𝗔𝗹𝗾𝘂𝗶𝗹𝗲𝗿 𝗔𝗱𝗲𝗹𝗮𝗻𝘁𝗮𝗱𝗼 𝗚𝗮𝗿𝗮𝗻𝘁𝗶𝗮 𝗖𝗼𝗺𝗶𝘀𝗶𝗼́𝗻 𝗜𝗻𝗺𝗼𝗯𝗶𝗹𝗶𝗮𝗿𝗶𝗮 𝑪𝒐𝒏𝒕𝒂́𝒄𝒕𝒂𝒎𝒆 𝑺𝒐𝒚 𝑪𝑳𝑬𝒀𝑨 𝑴𝑬𝑵𝑨𝑪𝑯𝑶 𝑨𝒔𝒆𝒔𝒐𝒓𝒂 𝑰𝒏𝒎𝒐𝒃𝒊𝒍𝒊𝒂𝒓𝒊𝒂 𝑪𝒆𝒍",SI,,58,1,1,0,0,TU CASA B. R,,,,"-17.796373, -63.199875"
bb2039e969cc726b50fc855e27c2b939,Ultracasas,Alquiler,Departamento,,"Torre Magenta - Calle Itenez Nro. 42, a media cuadra de la Av. Trinidad, entre 2do. y 1er. Anillo",ULTRACASAS,680,USD,"AMPLIO DEPARTAMENTO EN ALQUILER Dpto donde estarás cerca de todo! Lugar acogedor con una vista hermosa a la ciudad Ubicación: Torre Magenta  Calle Itenez Nro 42, a media cuadra de la Av Trinidad, entre 2do y 1er Anillo Precio de alquiler: 680 $us Superficie: 10104 m2 Consta de: 2 Suites con vestidor y baños Terraza Baño de visitas Cocina equipada con cajonería alta y baja Living Comedor Área Social  Churrasquera Piscina Club House Sauna Gym Parqueo 18 VALOR 680 $us 𝐄𝐱𝐩𝐞𝐧𝐬𝐚𝐬: Bs 550",NO,,101,2,3,1,0,Jeimmy Delboy,,,,"-17.772289, -63.173962"
344c6f9bc275f2e94f255178a436d5fe,Ultracasas,Alquiler,Departamento,,"Entre 1er y 2do Anillo cerca Av Cañoto, Santa Cruz - Bolivia 🇧🇴",ULTRACASAS,3.000,BOB,"DEPARTAMENTO A ESTRENAR EN ALQUILER AMOBLADO Y EQUIPADO 📍Cerca Av Cañoto, entre 1er y 2do anillo Santa Cruz, Bolivia 🇧🇴 ⚜️Zona comercial y universitaria 🔳 Superf 38, 66 m2 ✅ Alquiler: Bs 3,000 precio negociable incluye expensas CONSTA Dormitorio con ropero empotrado Cocina  Comedor Baño amoblado con cajoneria baja, espejo, box de baño y accesorios Amoblado y equipado: Cama Televisor Heladera Cajoneria baja en cocina Extractor Cocina encimera, con conexión gas domiciliario Mesa con dos sillas Aire acondicionado en el dormitorio 👮 Seguridad las 24 Hrs ️Área Social Piscina Churrasqueras Salon de Eventos Coworking Gimnasio Área de Lavandería 🔏Condiciones: ✓Mes de alquiler ✓Mes de garantía ✓Comision inmobiliaria",SI,,38,1,1,0,0,Maria Rodriguez,,,,"-17.780037, -63.189705"
27bcda449aade1cdd1d38cba66efeaad,Ultracasas,Alquiler,Departamento,,"[CONDOMINIO TAMBO HAMACAS| SOBRE AV. BENI, 3ER. Y 4TO. ANILLO] DEPARTAMENTO EN ALQUILER DE 3 DORMITORIOS CON DEPENDENCIAS Y PARQUEO DESCUBIERTO",ULTRACASAS,4.000,BOB,"EN ALQUILER AMPLIO DPTO DE 3 DORMITORIOS CON DEPENDENCIAS Y PARQUEO DESCUBIERTO Valor: Bs 4000, Expensas incluidas Nota: Incluye 1 parqueo descubierto en planta baja 158 m2 construidos Piso 1 Características: Amplio living comedor equipado con aire acondicionado, con acceso a terraza con vista hacia la avenida Beni Cocina independiente equipada con muebles superiores e inferiores (Con gas domiciliario) Lavandería techada Dependencia de empleada con baño 1 baño compartido con ducha, espejo y cajonería (sin box) 1 dormitorio equipado con ropero empotrado, aire acondicionado 1 dormitorio equipado con ropero empotrado, aire acondicionado 1 suite equipada con ropero empotrado, aire acondicionado, baño privado con tina, espejo y cajonería Nota: Las áreas sociales están en piso 6 Cuenta con salón social, baños, terraza con churrasquera Condominio de 6 pisos, 2 departamentos por piso Son 10 departamentos en todo el condominio 1 ascensor Cuenta con cerca eléctrica, cámaras de seguridad, guardia de seguridad de 07:00 a 19:00 Hs",NO,,158,3,3,1,0,Joaquín Medina Bowles,,,,"-17.754328, -63.17165"
5110b66641f10eb0acc76fde6cff0d29,Ultracasas,Alquiler,Departamento,,"AV. BENI 4TO ANILLO, EDIFICIO ANDREA",ULTRACASAS,750,USD,"DEPARTAMENTO EN ALQUILER ZONA NORTE CONDOMINIO “ANDREA” Av Beni 4to Anillo Superficie 132 m2 Living Comedor Cocina Dependencia Completa 2 habitaciones, 1 en suite Area de lavado Área Social: Piscina Churrasquera Salón de Eventos Parqueo PRECIO $US 750",NO,,132,2,3,1,0,Jeimmy Delboy,,,,"-17.748585, -63.169991"
44728e9da1819bb9f3f2b1c3d1c333b3,Ultracasas,Alquiler,Departamento,,"Zona Norte 
Condominio Macororo 13/14",ULTRACASAS,4.200,BOB,"🟡 𝗘𝗻 𝗖𝗼𝗻𝗱𝗼𝗺𝗶𝗻𝗶𝗼 𝗱𝗲 𝗟𝘂𝗷𝗼 𝗗𝗲𝗽𝗮𝗿𝘁𝗮𝗺𝗲𝗻𝘁𝗼 𝗔𝗠𝗢𝗕𝗟𝗔𝗗𝗢 🅴🅽 🅰🅻🆀🆄🅸🅻🅴🆁 ▫️ 𝗕𝘀 𝟰,𝟮𝟬𝟬 (ᴄ/ᴇxᴘ) ▫️ ▪️Sup: 46 m² ▪️Piso: ➖️ 📍Cᴏɴᴅᴏᴍɪɴɪᴏ Mᴀᴄᴏʀᴏʀᴏ 13/14 (ᴀᴠ ʟᴏs ᴄᴜsɪs ᴇɴᴛʀᴇ ʙᴀɴᴢᴇʀ ʏ ʙᴇɴɪ ) ▫️Amplio living comedor con aire acondicionado ▫️Balcón con vista panorámica ▫️Cocina integrada equipada ▫️1 dormitorio c/ closet empotrado ▫️Baño con box y muebles ▫️ Lavandería para tu comodidad ▫️1 Parqueo Exᴄʟᴜsɪᴠᴀs Aʀᴇᴀs Sᴏᴄɪᴀʟᴇs ▪️Más de 2,000 m² de áreas recreativas ▪️Piscina descubierta y atemperada ▪️Solarium para tomar el sol ▪️Churrasquera cubierta para reuniones ▪️Espacios para Sala de Juntas, Juegos y Niños ▪️Lobby elegante y ingreso controlado para tu seguridad 𝗖𝗼𝗻𝗱𝗶𝗰𝗶𝗼𝗻𝗲𝘀: ● 1 mes de alquiler ● 1 mes de garantía ● 1 comisión inmobiliaria 🟡 𝗥𝗲𝗾𝘂𝗶𝘀𝗶𝘁𝗼𝘀: ▫️Antesedentes ▫️Infocenter ▫️Respaldo económico ▫️REJAB ▫️ 𝗠𝗔𝗩𝗜𝗦 𝗥𝗜𝗩𝗘𝗥𝗢 ʙʀᴏᴋᴇʀ ᴏᴡɴᴇʀ  𝗜𝗻𝗺𝗼 𝗕𝗿𝗼𝗸𝗲𝗿𝘀 ᴀsᴇsᴏʀᴀ ɪɴᴍᴏʙɪʟɪᴀʀɪᴀ 𝟩𝟪𝟧 𝟨𝟧𝟢𝟢𝟢 ᴡʜᴀᴛsᴀᴘᴘ: bitly/CMcrralq4y2BsYPIMBK 𝖢𝗈𝗇𝖿𝗂𝖺𝖤𝗇𝖬𝗂𝖤𝗑𝗉𝖾𝗋𝗂𝖾𝗇𝖼𝗂𝖺𝖨𝗇𝗆𝗈𝖻𝗂𝗅𝗂𝖺𝗋𝗂𝖺 @mavisriveroinmo Afiliada a CAINCRUZ",NO,,46,1,1,1,0,Mavis Rivero Serrano,,,,"-17.76302, -63.178604"
b47aef65e316d8b8e55d6dd1c0cdf4c1,Ultracasas,Alquiler,Departamento,,Dpto en venta en el cond. Providencia,ULTRACASAS,100.000,USD,"Departamento en venta de 2 Dormitorios con roperos empotrados,AA en todos los ambientes,cocina encimera con extractor, horno eléctrico,box de baños,cortinas y garaje El área social cuenta con salón de eventos y piscina",NO,,71,2,2,1,0,Vendedor Vendedor,,,,"-17.794588, -63.178226"
498e7c25d6bd3c250aac7fd2c72fb08f,Ultracasas,Alquiler,Departamento,,Alquiler URBARÍ Y 2DO ANILLO.DPTO  2 Hab. EN ALQUILER!,ULTRACASAS,3.600,BOB,EN BARRIO RESIDENCIAL URBARÍ AMPLIO DPTO 2 HAB EN ALQUILER 2 HAB EN PLANTA BAJA COCINA Y LIVING AREA DE SERVICIO SON 90  M2 de Superficie Excelente Vista Panorámica Incluye expensas 1 parqueo,NO,,92,2,2,1,0,Huascar Cuellar,,,,"-17.797619, -63.197342"
f2400c1eef6ef0aa71cbfa889e4dcf72,Ultracasas,Alquiler,Departamento,,Av. Banzer 8vo Anillo - Remanso,ULTRACASAS,700,USD,"Departamento a estrenar de 115mt² en alquiler en Condominio Holiday Zona Norte 8vo Anillo entrando por el Remanso Complejo familiar de diseño único, pensado para personas que buscan estilo de Vida y Confort 3 dormitorios más sala de TV con materiales de primera calidad1 suite, 2 habitaciones con baño compartido y baño de visitas Cocina empotrada, living comedor, sala de TV y balcón, lavandería Aires Acondicionados en todas las habitaciones y ambientes 🥶 Incluye parqueo 🚘 Piscina semiolimpica 🏊‍♂️  Piscina para niños Cowork 💻 con área para niños, frigobar y TV Parque de niños, Cine al aire libre, 3 Churrasqueras, Circuito de trote Wifi en las áreas sociales y en el Cowork",NO,,115,4,3,2,0,Jose Landivar,,,,"-17.713083, -63.176281"
fce7a4f06d6796fd4bbc95072aaefbac,Ultracasas,Alquiler,Departamento,,"Departamento en alquiler 2 habitaciones, frente al colegio Británico",ULTRACASAS,950,USD,"Departamento en alquiler Para vivienda u oficinas 📍Av Los cusis, frente al colegio británico 2 habitaciones (1 en suite) Living comedor Cocina Dependencia completa Área de lavado 1 Parqueo Completamente equipado Superficie 173 m2 Precio 950 $us  con factura y expensas",NO,,173,2,3,1,0,Jeimmy Delboy,,,,"-17.764996, -63.173496"
d9de020d5463d4b60a929fa13edeafdf,Ultracasas,Alquiler,Departamento,,Calle la Riva esquina Velasco,ULTRACASAS,310,USD,"En edificio nuevo con ascensor Mono ambiente Dormitorio, baño, cocina Aire acondicionado , calefon , gas domiciliario sin garaje Nota: el edificio cuenta con garajes adicionales para alquilar Ref : bienes y raíces Elsa Aguirre Solo al cel",NO,,28,1,1,0,0,Emprendimiento Inmobiliario Elsa Aguirre,,,,"-17.811548, -63.15377"
5316725378afe381b073b4f6dffb1dd3,Ultracasas,Alquiler,Departamento,,"Rio Ubai #14, Barrio Las Palmas",ULTRACASAS,900,USD,"Alquilo hermoso departamento de tres dormitorio, con 123 m2 de superficie El edificio cuenta con piscina, churrasquera, salón de usos múltiples, cámaras de seguridad en todos los pisos y guardia las 24hs El departamento tiene balcón, pisos de porcelanato portobello, muebles de cocina con granito chiquitano, incluye cocina de sobreponer, horno de empotrar y campana, box de ducha y puerta espejo en todos los roperos y aires acondicionados frio/calor en todos los ambientes",NO,,123,3,2,2,0,Matias Lozano,,,,"-17.809366, -63.208981"
9a241639d3effd01c4edb3fee7b2ca9a,Ultracasas,Alquiler,Departamento,,Condominio 5 estrellas en Sirari Equipetrol,ULTRACASAS,15.000,BOB,"✨ Alquiler de lujo en Sirari – Equipetrol ✨ Vive en un departamento de 200 m², totalmente amoblado, con: 🛏 3 habitaciones  🚿 4 baños 🍽 Cocina americana  🛁 Balcón con jacuzzi privado En condominio 5⭐ con: 🏊 Piscina  🏋 Gimnasio  🍖 Churrasqueras  🎮 Salón de juegos  🚨 Seguridad 24/7 💰 15000 Bs/mes (incluye expensas  factura) 📍 Ubicación top: 4to anillo, Sirari – Equipetrol 📲 ￼⁨⁩ Agenda tu visita hoy mismo!",NO,,200,3,4,1,0,Prodigy House,,,,"-17.761791, -63.20266"
b570343e52a152aee79ad04641df9826,Ultracasas,Alquiler,Departamento,,8vo anillo norte,ULTRACASAS,3.500,BOB,Depto de 1 dormitorio Area común de 5000mts2,NO,,39,1,1,1,0,Pablo Gonzalez,,,,"-17.71295, -63.177483"
aabc5645bdb366deb70acb3d0f975ded,Ultracasas,Alquiler,Departamento,,SKY PALMETTO DEPARTAMENTO EN ALQUILER,ULTRACASAS,5.475,BOB,"Departamento A ESTRENAR en alquiler en Condominio Sky Palmetto Consta de: 2 dormitorios (1 en suite), living comedor, cocina americana, baño, parqueo",NO,,88,2,2,1,0,Rita Alcazar de Quiroga,,,,"-17.763474, -63.200306"
69eb2d44c60a3a8599e7c958accff391,Ultracasas,Alquiler,Departamento,,DEPARTAMENTO EN ALQUILER EN EDIFICIO PUERTO MADERO,ULTRACASAS,4.500,BOB,"Departamento amoblado de 1 dormitorio en alquiler, Edificio Puerto Madero en Sirari •	64m2 superficie •	Precio Bs4500 con expensas incluidas •	1 Suite •	Living comedor •	Cocina integrada •	Lavandería •	Parqueo y baulera Áreas sociales •	Piscina techada •	Gimnasio •	Churrasquera •	Sala de Tv •	Baño",NO,,64,1,1,1,0,Ximena Muñoz,,,,"-17.765215, -63.202637"
b4b2c7c74b2be54d11550d53da1abee4,Ultracasas,Alquiler,Departamento,,DEPARTAMENO DE 2 HABITACIONES AMOBLADO CURUPAU ISUTO,ULTRACASAS,800,USD,"En Alquiler Dpto de 2 Dormitorios Amoblado  Curupau Isuto ALQUILER DEPARTAMENTO AMOBLADO 2 DORMITORIOS CON VISTA PANORAMICA COND CURUPAU ISUTO Sobre el 4to anillo del Canal Isuto Precio: Bs 5600 (incluye expensas) 92m² 2 dormitorios 1 en Suites (vestidor y baño) ⁠1 dormitorio con baño compartido ⁠Cocina integral Equipada ⁠Equipamiento Incluido: Muebles de cocina altos y bajos Cocina encimera a gas CATA Extractor de cocina CATA Horno empotrado CATA Heladera Lavadora vestidores, muebles de baños con espejo retroluminoso box A/C en todos los ambientes 2 televisores Cortinas en todos los ambientes Grifería Klipen Parqueo Techado ⁠Areas sociales: Piscinas (al aire libre y techada temperada), hidromasajes, sauna, sala de cine, lounges, churrasqueras, bar, gimnasio, sala de juegos, salon de eventos y area infantil, supermercado inteligente",NO,,92,2,2,1,0,C21 BLUREALTY,,,,"-17.751875, -63.191128"
8ea0fea157b7f4a23c27b7b7a4e66574,Ultracasas,Alquiler,Departamento,,🏢 ALQUILO DPTO EN COMPLEJO RESIDENCIAL LAS PALMAS,ULTRACASAS,3.500,BOB,"📍 Ubicación: 4º Anillo, Av Piraí – Las Palmas, Santa Cruz de la Sierra 📐 Detalles del Departamento: ▪️ Superficie construida: 120 m² 🛋️ Distribución y Características: ✔ Livingcomedor con aire acondicionado ✔ Cocina con amoblamiento y cajoneras (gas domiciliario) ✔ 3 dormitorios (1 en suite) con aires acondicionados ✔ Baño compartido  baño de visitas ✔ Dependencia de empleada con baño ✔ 1 garaje ✔ 2 bauleras 🌟 Áreas Sociales del Complejo: ✔ Piscina ✔ Churrasqueras ✔ Salones de eventos ✔ Jardines ✔ Juegos infantiles 📩 ¡Agenda tu visita y conoce tu próximo hogar en una de las mejores zonas de Santa Cruz!",NO,,110,3,3,1,0,Hector Rodriguez,,,,"-17.798595, -63.215454"
3a2edb43305b13cf1d5489d278c2dc4a,Ultracasas,Alquiler,Departamento,,"[TORRE BERCHATTI NORTE| 7MO. ANILLO AL NORTE, PROXIMO A UNIVALLE] ALQUILER DEPARTAMENTO AMOBLADO DE 2 DORMITORIOS CON 2 PARQUEOS DESCUBIERTOS",ULTRACASAS,3.500,BOB,"ALQUILER AMOBLADO DEPARTAMENTO DE 2 DORMITORIOS CON BALCONES Valor: Bs 3500, Expensas incluidas (Luz, agua, TV Cable, Internet y gas domiciliario se pagan aparte) Incluye 2 parqueos descubiertos Nota: Se permite mascota 88 m2 construidos Piso 3 Características: Living comedor cocina integrada con acceso a balcón, equipada la cocina con mueble de cocina inferior, cocina encimera Cata de 5 hornallas, extractor, heladera General Lux, sofá cama, mesa comedor, TV LG pequeña, aire acondicionado, cortinas Tiene gas domiciliario  1 baño compartido 1 suite con acceso a balcón, equipada con cama de 2 plazas, ropero empotrado, aire acondicionado, cortinas, baño privado 1 dormitorio con acceso a balcón, equipado cama de 2 plazas, ropero empotrado, aire acondicionado, cortinas Áreas sociales: Ubicadas en planta baja 2 ascensores Orona, torre de 17 pisos Piscina al aire libre con bar central Salón de gimnasio Cancha de fútbol de pasto sintético infantil Salón de eventos Parque infantil 4 churrasqueras Cancha de fútbol de pasto sintético Laundry service (lavadora y secadora de uso común) Sauna a vapor Seguridad 24 horas",SI,,88,2,2,2,0,Joaquín Medina Bowles,,,,"-17.720409, -63.17849"
5a4459feabeedb9738d045f6803e21f4,Ultracasas,Alquiler,Departamento,,DEPARTAMENTO AMOBLADO DE 2 DORMITORIOS - ZONA NORTE,ULTRACASAS,700,USD,"EDIFICIO PLAZA LIBERTAD, DEPARTMAENTO DE 2 DORMITORIOS CON MUEBLES Y PARQUEO Zona de la Monseñor Rivero, departamento amoblado y con parqueo ALQUILER MENSUAL: $US  700 sin factura Superficie:  94 m2 2 dormitorios 3 baños Living comedor Cocina separada Área de servicio Lavadora Calefón Aires en todos los ambientes Piscina Sauna Gimnasio Parque infantil Salón de eventos Seguridad 24 horas Condiciones de alquiler Un mes de alquiler Un mes de garantía Un mes comisión inmobiliaria 𝓓 𝓸 𝓻 𝓲 𝓼    𝓛 𝓮 𝔂 𝓽 𝓸 𝓷 ✨👩🏻‍💼 Cel📲 591 Asesor inmobiliario CAPITAL Corporación Inmobiliaria Oficina Av Alemana No 2045 entre 2do y 3er Anillo capitalcorporacioninmobiliaria departamentos propiedades bienesraicesenbolivia inmuebles departamentoenalquiler casas departamentoencondominio condominio alquileres zonanorte santacruz bolivia inversiones",NO,,108,2,2,1,0,Doris Leyton,,,,"-17.773577, -63.183834"
bba843e36c5209a208b0d7c15efad071,Ultracasas,Alquiler,Departamento,,"Zona Av. Banzer 7° anillo, cerca a UNIVALLE",ULTRACASAS,2.699,BOB,"✨DEPARTAMENTO AMOBLADO EN ALQUILER ZONA NORTE✨ 📍Ubicado en la Zona Av Banzer 7° anillo, cercano a UNIVALLE Características Monoambiente con Separación ▪️Dormitorio con separación ▪️Baño ▪️Cocina americana ▪️Living/comedor ▪️Balcón ▪️Heladera ▪️Microondas ▪️ Meson ▪️ Cama de dos plaza ▪️ Tv de 50 Pulgadas ▪️ Sofa Cama Áreas Sociales Piscina Churrasquera Gimnasio Solon de Eventos Superficie: 42m² 💵 Precio:2700 bs incluye expensas",SI,,42,1,1,0,0,Pamela Barrientos,,,,"-17.720749, -63.173878"
216ba448a7870513cbd96606636b70a8,Ultracasas,Alquiler,Departamento,,✨ En Equipetrol alquilo amplio depto de 2 dormitorios amoblado,ULTRACASAS,2.999,BOB,"📲 SE ALQUILA EXCLUSIVO DEPTO DE 2 DORM EN BARRIO EQUIPETROL Ideal para ejecutiv@s o parejas Hermoso departamento de: dormitorio principal con aire dormitorio 2 con aire (menos 200bs sin aire) salacomedor con balcon con aire cocina, baulera baño, lavanderia En condominio exclusivo y seguro a media cuadra de la avenida San Martin Cerca a restaurants, supermercados, farmacias, Ventura Mall, etc Precio mensual incluido expensas y agua de oferta Parqueo opcional bs170 Mayores Informaciones vía WhatsApp escaneando el QR de la foto",NO,,80,2,1,1,0,Bienes Raices,,,,"-17.765911, -63.195496"
086c32dd724ce1add622cd33fae22477,Ultracasas,Alquiler,Departamento,,Alquiler en Equipetrol Amoblado de 3 Dormitorios,ULTRACASAS,8.500,BOB,🔺ALQUILER 𝑽𝒊𝒗𝒆 𝒆𝒏 𝒆𝒍 𝒍𝒖𝒋𝒐 𝒚 𝒍𝒂 𝒄𝒐𝒎𝒐𝒅𝒊𝒅𝒂𝒅 𝒒𝒖𝒆 𝒎𝒆𝒓𝒆𝒄𝒆𝒔 Situado  en la zona más exclusiva de  EQUIPETROL 📍 CONDOMINIO MACORORÓ 9 Departamento Amoblado 3 dormitorios PRECIO: Bs 8500 ✔️ 1 Dormitorio en suite ✔️ 2 Dormitorios con baño compartido ✔️Livingcomedor ✔️Balcón ✔️ Cocina independiente ✔️ Dependencia de servicio con baño ✔️ Lavandería ✔️ Parqueo CONDICIONES 1 MES ALQUILER 1 MES GARANTIA 1 MES COMISION INMOBILIARIA,NO,,105,3,3,1,0,InmobolSCZ,,,,"-17.766174, -63.19437"
d8e3d2e4d15c44222b60fde57565beac,Ultracasas,Alquiler,Departamento,,ZONA NORTE SOBRE 7mo anillo,ULTRACASAS,460,USD,"𝑬𝑵 𝑨𝑳𝑸𝑼𝑰𝑳𝑬𝑹 𝑫𝑬𝑷𝑨𝑹𝑻𝑨𝑴𝑬𝑵𝑻𝑶 𝑨𝑴𝑶𝑩𝑳𝑨𝑫𝑶 𝑪𝑶𝑵 𝑩𝑨𝑳𝑪𝑶́𝑵 📍𝑪𝒐𝒏𝒅 𝑩𝒆𝒓𝒄𝒉𝒂𝒕𝒕𝒊 𝑵𝒐𝒓𝒕𝒆 (7𝒎𝒐 𝑨𝒏𝒊𝒍𝒍𝒐) 🖇️88 𝒎² 💰𝑷𝑹𝑬𝑪𝑰𝑶: 3300 𝒃𝒔 𝒊𝒏𝒄𝒍𝒖𝒚𝒆 𝒆𝒙𝒑𝒆𝒏𝒔𝒂𝒔 𝑪𝒐𝒏𝒔𝒕𝒂 𝒅𝒆: 2 𝒅𝒐𝒓𝒎𝒊𝒕𝒐𝒓𝒊𝒐𝒔 𝒂𝒎𝒃𝒐𝒔 𝒄𝒐𝒏 𝒃𝒂𝒍𝒄𝒐́𝒏 (𝒖𝒏𝒂 𝒔𝒖𝒊𝒕𝒆) 1 𝒃𝒂𝒏̃𝒐 𝒄𝒐𝒎𝒑𝒂𝒓𝒕𝒊𝒅𝒐 𝑳𝒊𝒗𝒊𝒏𝒈𝒄𝒐𝒎𝒆𝒅𝒐𝒓 𝒄𝒐𝒏 𝒄𝒐𝒄𝒊𝒏𝒂 𝒊𝒏𝒕𝒆𝒈𝒓𝒂𝒅𝒂 𝒚 𝒃𝒂𝒍𝒄𝒐́𝒏 𝑯𝑬𝑹𝑴𝑶𝑺𝑨𝑺 𝑨́𝑹𝑬𝑨𝑺 𝑺𝑶𝑪𝑰𝑨𝑳𝑬𝑺: 𝒑𝒊𝒔𝒄𝒊𝒏𝒂, 𝒈𝒊𝒎𝒏𝒂𝒔𝒊𝒐, 𝒄𝒂𝒏𝒄𝒉𝒂𝒔 𝒅𝒆 𝒑𝒂𝒔𝒕𝒐 𝒔𝒊𝒏𝒕𝒆́𝒕𝒊𝒄𝒐, 𝒔𝒂𝒖𝒏𝒂 𝒂 𝒗𝒂𝒑𝒐𝒓, 𝒑𝒂𝒓𝒒𝒖𝒆 𝒊𝒏𝒇𝒂𝒏𝒕𝒊𝒍 𝒚 𝑳𝒂𝒖𝒏𝒅𝒓𝒚 𝑺𝒆𝒓𝒗𝒊𝒄𝒆 𝑪𝑶𝑵𝑫𝑰𝑪𝑰𝑶𝑵𝑬𝑺: 𝑴𝒆𝒔 𝒅𝒆 𝒈𝒂𝒓𝒂𝒏𝒕𝒊́𝒂 𝑴𝒆𝒔 𝒂𝒅𝒆𝒍𝒂𝒏𝒕𝒂𝒅𝒐 𝑪𝒐𝒎𝒊𝒔𝒊𝒐́𝒏 𝒅𝒆 𝒊𝒏𝒎𝒐𝒃𝒊𝒍𝒊𝒂𝒓𝒊𝒂",NO,,88,2,2,0,0,Zorka Alderete,,,,"-17.723957, -63.169155"
45de5041d300da996b07e2fa562a4c90,Ultracasas,Alquiler,Departamento,,[CONDOMINIO LAS AMERICAS 2| SOBRE AV. LAS AMERICAS Y 2DO. ANILLO] DEPARTAMENTO AMOBLADO EN ALQUILER DE 1 DORMITORIO EN SUITE CON PARQUEO TECHADO,ULTRACASAS,2.400,BOB,"EN ALQUILER AMPLIO DPTO AMOBLADO DE 1 SUITE CON PARQUEO TECHADO Para persona sola o pareja, sin hijos, sin mascotas Valor: Bs 2400, Expensas incluidas Nota: Incluye 1 parqueo techado en subsuelo 59 m2 construidos Piso 1 Características: Amplio living comedor con muebles de living, mesa comedor y aire acondicionado Cocina independiente equipado con muebles de cocina inferior, heladera, cocina de 4 hornallas y microondas Area de lavandería con lavadora Samsung 6,9 Kg y tendedero de ropa 1 dormitorio en suite con cama de 2 plazas y media, ropero empotrado, TV y aire acondicionado Nota: Las áreas sociales están en planta baja Cuenta con salón social con churrasquera, baños y piscina pequeña al aire libre Tiene gas domiciliario y ducha eléctrica 2 ascensores Cuenta con guardia de seguridad 24 horas y cámaras de seguridad",SI,,59,1,1,1,0,Joaquín Medina Bowles,,,,"-17.797701, -63.176514"
960e51b53ca1b78924f43133f028e95c,Ultracasas,Alquiler,Departamento,,"Zona Norte,Beni Departamento de 3 Dormitorios Amoblado en Alquiler",ULTRACASAS,7.000,BOB,"Con excelente ubicación 👌 Departamento tipo penthouse en Alquiler Amoblado 📍UBICACIÓN Av los Cusis Superficie total: 257mt2 P Departamento de 3 dormitorios uno en Suite Características : 1 dormitorio en suite, 2 dormitorios baño compartido, Living y Comedor Cocina con cajonería altas y bajas Amplio balcón Área de lavado Garaje para 2 Vehículos Lindas Áreas Sociales Precio: 7000Bs",NO,,123,3,2,1,0,InmobolSCZ,,,,"-17.763861, -63.17662"
0d2df202d5359ac005236efaad1ac0d4,Ultracasas,Alquiler,Departamento,,✨  En Equipetrol alquilo hermoso depto de 2 dorm en condominio,ULTRACASAS,2.798,BOB,"📲 SE ALQUILA EXCLUSIVO DEPTO DE 2 DORM EN BARRIO EQUIPETROL Ideal para ejecutiv@s o parejas Hermoso departamento de: dormitorio principal con aire dormitorio 2 con aire (sin aire 200bs) salacomedor, cocina, baulera baño, lavanderia En condominio exclusivo y seguro a media cuadra de la avenida San Martin Cerca a restaurants, supermercados, farmacias, Ventura Mall, etc Precio mensual incluido expensas y agua de oferta Parqueo opcional bs170 SIN MUEBLES 250bs Mayores Informaciones vía WhatsApp escaneando el QR de la foto",NO,,75,2,1,1,0,Bienes Raices,,,,"-17.76552, -63.195915"
4f32edcffb155f3ce9c6fd0a816a9ef9,Ultracasas,Alquiler,Departamento,,EDIFICIO SKY PALMETTO DEPARTAMENTO EN ALQUILER,ULTRACASAS,5.750,BOB,"Departamento a estrenar en alquiler en Edificio Sky Palmetto consta de: 2 dormitorios(1 en suite), baño compartido, living comedor, cocina americana, lavandería ,baulera y parqueo",NO,,88,2,1,1,0,Rita Alcazar de Quiroga,,,,"-17.763474, -63.200306"
16b5a12560b09ae2a0a919171f97f464,Ultracasas,Alquiler,Departamento,,✨ En Equipetrol alquilo amplio depto de 1 dorm con escritorio,ULTRACASAS,331,USD,"📲 Exclusivo depto de 1 dorm en condominio cerrado amoblado a 1 cuadra de hotel Los Tajibos!! El precio incluye expensas y agua!!! ☑️Sala comedor ☑️Cocina ☑️Baño ☑️Dormitorio ☑️escritorio ☑️Parqueo opcional bs170 A media cuadra de la avenida San Martin Cerca a restaurants, supermercados, farmacias, Ventura Mall, etc Mayores Informaciones vía WhatsApp escaneando el QR de la foto",NO,,70,1,1,1,0,Bienes Raices,,,,"-17.76593, -63.195446"
9a04164942d318e6571b8a9fab0e4684,Ultracasas,Alquiler,Departamento,,Charcas 233,ULTRACASAS,2.100,BOB,"🌟 ¡DEPARTAMENTO EN ALQUILER – TOTALMENTE AMOBLADO Y LISTO PARA HABITAR! 🌟 📍 Ubicado en 2do piso  60 m² de comodidad y estilo Disfrute de un ambiente acogedor, funcional y equipado, ideal para quienes buscan confort y practicidad en su nuevo hogar Este hermoso departamento cuenta con: 🛏️ 2 Dormitorios amoblados (con aire acondicionado en el principal) 🛁 1 Baño completo 🍽️ Cocina amoblada con heladera y microondas 🛋️ Livingcomedor totalmente amoblado, con TV y aire acondicionado ✅ Ambientes luminosos y bien distribuidos ✅ Excelente estado de conservación ✅ Ideal para parejas, ejecutivos o familias pequeñas 💰 Precio de alquiler mensual: Bs 2100 🔁 Expensas mensuales: Bs 453 📄 Comisión inmobiliaria única: Bs 1000 📦 ¡Solo necesita traer su ropa y mudarse! 📞 Contáctenos hoy mismo para agendar una visita y conocer su próximo hogar",NO,,60,2,1,0,0,Eddy Gustavo Mendez Rodriguez,,,,"-17.780607, -63.179264"
88f2f7874e369b6470249427bf605af7,Ultracasas,Alquiler,Departamento,,"Cond. San Diego, Zona Norte",ULTRACASAS,3.000,BOB,"Departamento de 2 Dormitorios en Alquiler en zona Norte Condominio San Diego 📍Sobre Avenida Bánzer, entre 4to y 5to Anillo Descripción: 1 dormitorio en suite y balcón en L 1 dormitorio con baño a compartir/baño de visitas Cocina cerrada Calefón Livingcomedor Área de lavandería/dependencia Aires acondicionados Cortinas en todas las ventanas Rejillas de ropero Parqueo Baulera Áreas sociales: Piscina ⁠Churrasquera ⁠Salón social ⁠Gym ⁠Sauna ⁠Canchas polifuncionales ⁠Juegos infantiles 🥁 Valor: 3000 Bs 📐 81 m2 Expensas incluidas Condiciones: 1 mes de garantía ⁠1 mes de comisión ⁠mes adelantado",NO,,81,2,3,1,0,Jeimmy Delboy,,,,"-17.743025, -63.172672"
bd4cd88c189cad78ffed5e6200f5c2ad,Ultracasas,Alquiler,Departamento,,Dpto en venta en el cond. Providencia (Zona Av Las Américas),ULTRACASAS,100.000,USD,"Departamento en venta de 2 Dormitorios (71m2) con roperos empotrados,AA en todos los ambientes,cocina encimera con extractor, horno eléctrico,box de baños,cortinas y garaje El área social cuenta con salón de eventos y piscina",NO,,135,2,2,2,0,Vendedor Vendedor,,,,"-17.794586, -63.178375"
afc7f83c44318ca255f420e275884357,Ultracasas,Alquiler,Departamento,,Monoambiente amoblado Curupaú Isuto,ULTRACASAS,500,USD,"MONOAMBIENTE AMOBLADO EN ALQUILER 📍 𝐸𝑑𝑖𝑓𝑖𝑐𝑖𝑜 𝐶𝑢𝑟𝑢𝑝𝑎𝑢́ 𝐼𝑠𝑢𝑡𝑜, 4to Anillo, Canal Isuto Características: ▪ Dormitorio ▪ Baño equipado ▪ Cocina integrada ▪ Living/comedor ▪ Balcón ▪ Área de lavado 𝐀́𝐫𝐞𝐚𝐬 𝐬𝐨𝐜𝐢𝐚𝐥𝐞𝐬: Piscina temperada, Piscina al aire libre, Sauna, Churrasqueras, Sala de Juegos, Sala de Cine 📐Superficie: 50,21m² 💵 Precio: 500 $us Incluye expensas 📲Contáctame: • Cada oficina es de propiedad y de gestión independiente •",NO,,50,1,1,0,0,Heidy Rivas,,,,"-17.751957, -63.190784"
c0e7cd7302342f21b0ab3bde6169ede1,Ultracasas,Alquiler,Departamento,,"Av. CANAL Cotoca 3er ANILLO, atrás de Infocal",ULTRACASAS,2.000,BOB,"𝐄𝐍 𝐀𝐋𝐐𝐔𝐈𝐋𝐄𝐑 𝐂𝐎𝐌𝐎𝐃𝐎𝐒 𝐃𝐄𝐏𝐀𝐑𝐓𝐀𝐌𝐄𝐍𝐓𝐎𝐒 𝟏 𝐃𝐎𝐑𝐌𝐈𝐓𝐎𝐑𝐈𝐎 𝐏𝐑𝐄𝐂𝐈𝐎 𝐁𝐬 𝟐𝟎𝟎𝟎 ( Con Garaje para 1 Moto) 𝐏𝐑𝐄𝐂𝐈𝐎 𝐁𝐬 𝟐𝟏𝟎𝟎 ( Con Garaje para 1 vehículo  Gas Domiciliario) Av CANAL COTOCA 3er ANILLO, a 100 mt2 de la Avenida ( Atrás de Infocal) (Especial para Parejas) 𝟏 𝐃𝐎𝐑𝐌𝐈𝐓𝐎𝐑𝐈𝐎 Sala  Comedor 1 Baño Área de lavandería con conexión para lavadora 𝘾𝙊𝙉𝘿𝙄𝘾𝙄𝙊𝙉𝙀𝙎 𝗔𝗹𝗾𝘂𝗶𝗹𝗲𝗿 𝗔𝗱𝗲𝗹𝗮𝗻𝘁𝗮𝗱𝗼 𝗚𝗮𝗿𝗮𝗻𝘁𝗶𝗮 𝗖𝗼𝗺𝗶𝘀𝗶𝗼́𝗻 𝗜𝗻𝗺𝗼𝗯𝗶𝗹𝗶𝗮𝗿𝗶𝗮 𝐒𝐨𝐲 𝐂𝐥𝐞𝐲𝐚 𝐌𝐞𝐧𝐚𝐜𝐡𝐨 𝐂𝐞𝐥 𝟕𝟕𝟏𝟔𝟗𝟐𝟑𝟎",NO,,60,1,1,1,0,TU CASA B. R,,,,"-17.777605, -63.157139"
c4e9773efa7de34c1d55282e17c80e42,Ultracasas,Alquiler,Departamento,,Av. Alemana y casi 2do. anillo,ULTRACASAS,400,USD,"Monoambiente amoblado,con un ambiente dividio y baño Áreas comunes en el edificio: piscina y jacuzzy con hidromasaje, gimnasio, churrasqueras, lobby en recepción, parque infantil, salón de eventos, sauna, area de lavandería Ubicado a 3 cuadras del 2do anillo, sobre la Av Alemana Precio del alquiler $400, incluye expensas  Trato directo con el propietario, sin comisiones para inmobiliaria whatsapp 34 4 Superficie 37 M2 con Balcon grande, Amoblado y equipado, listo para vivir: Cama, mesa de noche, con lamparas, espaldar, ropero y cómoda empotradas Televisor inteligente de 48 pulgadas Balcón con sillón tipo baúl, silla y mesa de centro Conina de 4 hornillas de vitrocerámica, comedor de cuadro personas, heladera, microhondas y horno empotrado, lavadora y secadora, termotanque, aire acondicionado Baño y cocinas con cajonería instalada",SI,,37,1,1,0,0,Sergio Pereyra,,,,"-17.76758, -63.169712"
f19ca627d6b9bd2d3b0a6911f55e296c,Ultracasas,Alquiler,Departamento,,🏢 EN ALQUILER – CÓMODO DEPARTAMENTO EN ZONA CENTRO,ULTRACASAS,3.500,BOB,"📍 A solo una cuadra de la Av Monseñor Rivero 📍 Torre FIORI – Apart Hotel ✨ Excelente ubicación 📐 Características Generales 📏 73 m² construidos 🏙️ Piso 2 – Vista a la piscina 🚗 Garaje techado  Baulera 🛋️ Ambientes y Equipamiento Sala comedor con aire acondicionado Cocina americana con desayunador 🔹 Incluye: Cocina, heladera, lavadora, secadora, microondas 🔸 1 habitación con roperos y A/C 🔸 1 dormitorio en suite con baño privado y a/c 1 baño adicional compartido 📲 Contáctanos y agenda tu visita hoy mismo",NO,,73,2,2,1,0,Hector Rodriguez,,,,"-17.771128, -63.181473"
0fc21f04af1d64111bc921fd22ac88bd,Ultracasas,Alquiler,Departamento,,Canal Isuto y Equipetrol,ULTRACASAS,3.000,BOB,"🏢 ALQUILER DEPARTAMENTO A ESTRENAR – ZONA EQUIPETROL 📍 Edificio STONE II – Piso 3 con balcón 📐 Superficie: 3924 m² 💰 Precio: Bs 3000 (incluye expensas) ✨ Monoambiente moderno, iluminado y completamente equipado 🔹 Distribución: •	1 dormitorio con aire acondicionado y ropero empotrado •	Sala con aire acondicionado •	Cocina con: ▫️ Encimera eléctrica ▫️ Extractor ▫️ Horno microondas ▫️ Muebles altos y bajos ▫️ Ventana para ventilación cocina •	Baño con box de vidrio templado y mueble •	Cortinas black out •	Chapa digital en puerta de ingreso 🏊‍♂️ Áreas sociales del edificio: ✔ Piscina ✔ Gimnasio ✔ Cine ✔ Sala de coworking ✔ Churrasqueras 📦 Materiales de primera calidad e importados 🚪 Ideal para vivir solo o en pareja, con todo lo necesario para mudarte ya!",NO,,40,1,1,0,0,Eliana Salvatierra,,,,"-17.755629, -63.191601"
d1dfa585ffcbdb39b8d9a7bbf56d24b1,Ultracasas,Alquiler,Departamento,,COND. LA RIVIERA RESIDENCES,ULTRACASAS,10.500,USD,"DEPARTAMENTO AMOBLADO  EN ALQUILER 📍 Edificio La Riviera Residences 4to anillo Equipetrol 📐 Superficie: 130m2 PRECIO: 10,500 con parqueo y expensas incluido DESCRIPCIÓN Este departamento de 2 dormitorios tiene un plus por tener 130 m2 y balcón ( los demás de 2 dormitorios miden 105 y no tienen balcón ) 2 Dormitorios (1 suite) Amplio living/comedor Cocina integrada Baño de visitas Área de servicio Balcón Áreas sociales: Galería de arte Piscina Solárium Sauna seco y a vapor Salón de usos múltiples Gimnasio Jacuzzi Churrasqueras Condiciones : Mês de garantia Mês de alquiler Comisión imobiliaria",NO,,130,2,2,0,0,Jeimmy Delboy,,,,"-17.759472, -63.201496"
50c6f5f16e0c870aa6636eed9d4f311d,Ultracasas,Alquiler,Departamento,,AVENIDA BRASIL 2do y 3er. anillo (200$),ULTRACASAS,200,USD,"ALQUILER DEPARTAMENTOS VARIOS / UN DORMITORIO EN EXCELENTE UBICACIÓN ✔️Precio de alquiler: 200$ INCLUYE EN EL ALQUILER SERVICIO DE AGUA Y LUZ 📍 Ubicado en el barrio lazareto, calle corumba 2do anillo externo  Tercer piso El departamento consta de: 50 mt2 espacios de 🔸Cocina 🔸Living comedor 🔸Dormitorio 🔸Baño No se acepta mascotas Ideal para pareja o persona sola Condiciones Mes de alquiler y Mes de garantía Directo de Propietario dirigirse/ mariaysabelmq@gmailcom",NO,,50,1,1,0,0,Maria Ysabel Mamani Quiroz,,,,"-17.783892, -63.157639"
5e5c297250795488753199ea75373aaa,Ultracasas,Alquiler,Departamento,,EQUIPETROL ALQUILER COND. HAUS EQUIPE MONOAMBIENTE,ULTRACASAS,2.000,BOB,"Hermoso MONOAMBIENTE en ALQUILER  en Condominio HAUS EQUIPE , con una superficie de 32,48 m2 y  ubicación estratégica, Barrio Equipetrol calle 8   La Plata, a pocos pasos del Canal Isuto Construcción  de primera calidad , con todos los mejores materiales  y detalles que ningún Condominio los  tieneUn Area Social con sala con Domotica ,piscina y Churrasquera, además Area de Lavanderia  con máquinas de lavar y secar",NO,,32,1,1,0,0,Rita Alcazar de Quiroga,,,,"-17.764364, -63.192173"
